N,seed,noise_std,median_error,p95_error,interior_median,quadratic_median,median_condition,max_inverse_norm
80,11,0.0,0.11478298563287001,2.8114496930183197,0.10924978774467906,8.920730087951354e-16,2.9991061777056567,125.66919566500302
80,11,0.001,0.11733684540984027,2.834931904763878,0.10904874454659164,0.0014776466337647243,2.9991061777056567,125.66919566500302
80,11,0.01,0.15445700218996017,3.101443030510541,0.1399402975060229,0.014776466337657109,2.9991061777056567,125.66919566500302
80,12,0.0,0.1217763026906333,1.1894681293711213,0.10574132682057802,9.155133597044475e-16,2.7277158957137466,103.05995080746456
80,12,0.001,0.1179283854635758,1.2266797908429055,0.11507372783465664,0.0011466281864068275,2.7277158957137466,103.05995080746456
80,12,0.01,0.17118445496879084,1.5095927331484025,0.14078062457121487,0.011466281864030916,2.7277158957137466,103.05995080746456
80,13,0.0,0.11021050146224198,0.7202561710227638,0.10037133633508655,8.326672684688674e-16,2.9586367860687206,296.7423065063067
80,13,0.001,0.11603810257082844,0.7064167857696149,0.10510426012436053,0.0015808125779952947,2.9586367860687206,296.7423065063067
80,13,0.01,0.16414510993647058,0.7682783297821526,0.14214049029386783,0.01580812577994546,2.9586367860687206,296.7423065063067
160,11,0.0,0.07744095429592918,1.3065508318920331,0.0644617473132073,8.005932084973442e-16,2.9373972561815225,860.0263881730816
160,11,0.001,0.08217743983425191,1.216107886116658,0.06832897001155619,0.0020311094707472902,2.9373972561815225,860.0263881730816
160,11,0.01,0.1662363056524095,1.7527358210950506,0.15400908308116784,0.020311094707474407,2.9373972561815225,860.0263881730816
160,12,0.0,0.07488585765532724,0.41064353492096456,0.06735114911958115,8.95090418262362e-16,2.8570904930895105,1041.930047431668
160,12,0.001,0.07755245654718917,0.4280847012571124,0.0710050070365,0.0014640857141292047,2.8570904930895105,1041.930047431668
160,12,0.01,0.15147491529070178,1.1345547807192637,0.12733290111828116,0.014640857141286519,2.8570904930895105,1041.930047431668
160,13,0.0,0.06457171691082302,0.6922470004429779,0.0570239612399793,7.751608476510575e-16,2.679459565076793,735.211258774798
160,13,0.001,0.066112584650494,0.671573068977672,0.055868617618317615,0.0020512962653844394,2.679459565076793,735.211258774798
160,13,0.01,0.17393481505299385,1.4697312920915717,0.16079818314858874,0.020512962653844183,2.679459565076793,735.211258774798
320,11,0.0,0.04986998797106135,0.33419919806611575,0.04507061932659083,9.155133597044475e-16,2.770882702690552,2228.6216306818746
320,11,0.001,0.05690359176268535,0.43933612727981886,0.05063385603760224,0.0023041881707455865,2.770882702690552,2228.6216306818746
320,11,0.01,0.19185797940383625,1.3450098911775563,0.17527069406173118,0.02304188170745914,2.770882702690552,2228.6216306818746
320,12,0.0,0.05260808099044498,0.30006582463105363,0.05083874209571482,8.95090418262362e-16,2.695429808238925,1975.2946127922633
320,12,0.001,0.057317598781524134,0.33794322785792624,0.055876334074729285,0.0020898473961395614,2.695429808238925,1975.2946127922633
320,12,0.01,0.18025373790415983,1.0309596837079116,0.15147491529070206,0.020898473961390263,2.695429808238925,1975.2946127922633
320,13,0.0,0.04985352312261264,0.3338997431131227,0.04542173114419747,8.881784197001252e-16,2.817807148987778,2092.8095826301965
320,13,0.001,0.05701552214626349,0.3529087715926366,0.05136338424893905,0.0024156396399694136,2.817807148987778,2092.8095826301965
320,13,0.01,0.2080603734521325,1.373877291695311,0.1944608862495944,0.024156396399695954,2.817807148987778,2092.8095826301965
640,11,0.0,0.033986074612773746,0.13479950619709,0.03264423060135943,9.107136651393952e-16,2.731571963366825,4803.272705077678
640,11,0.001,0.044903009443030426,0.2766158311189889,0.04220933933280166,0.0031192272749682613,2.731571963366825,4803.272705077678
640,11,0.01,0.2522543562557965,1.3786936129077398,0.23565391638671757,0.03119227274969552,2.731571963366825,4803.272705077678
640,12,0.0,0.03658559290247941,0.14831896538385314,0.03666237526348952,9.550499576785472e-16,2.724393376929685,1997.6444404400627
640,12,0.001,0.04919418593945825,0.25248962387421564,0.04852031867116116,0.0029297166944842446,2.724393376929685,1997.6444404400627
640,12,0.01,0.2651333145291563,1.4833585760011303,0.25107816491015733,0.029297166944858195,2.724393376929685,1997.6444404400627
640,13,0.0,0.03508400117415854,0.14662245140312508,0.03435318572884686,8.884223316973178e-16,2.7421337190713024,1654.7850904995487
640,13,0.001,0.04786185564344446,0.25440321365955254,0.04676266818198265,0.003267818659296768,2.7421337190713024,1654.7850904995487
640,13,0.01,0.26158131324142747,1.5981882490264654,0.26158131324142747,0.03267818659296882,2.7421337190713024,1654.7850904995487
