levels,bandwidth_factor,mode,prevalence,flag_rate,precision,recall,f1,auc,ap
8,0.5,uniform,0.1939655172413793,0.9245689655172413,0.15151515151515152,0.7222222222222222,0.2504816955684008,0.2620320855614974,0.12889403337285635
8,1.0,uniform,0.1939655172413793,0.875,0.14039408866995073,0.6333333333333333,0.22983870967741934,0.2635769459298871,0.12893013315678853
8,2.0,uniform,0.1939655172413793,0.8685344827586207,0.16129032258064516,0.7222222222222222,0.2636916835699797,0.3077243018419489,0.13572383485314357
15,0.5,uniform,0.1939655172413793,0.8879310344827587,0.11893203883495146,0.5444444444444444,0.1952191235059761,0.1634284016636958,0.1145645965044261
15,1.0,uniform,0.1939655172413793,0.8599137931034483,0.12531328320802004,0.5555555555555556,0.20449897750511245,0.1768865121806298,0.11594681992507791
15,2.0,uniform,0.1939655172413793,0.8232758620689655,0.1387434554973822,0.5888888888888889,0.2245762711864407,0.23960190136660722,0.12344309587473072
30,0.5,uniform,0.1939655172413793,0.8814655172413793,0.11246943765281174,0.5111111111111111,0.18436873747494992,0.13672014260249554,0.11184096027754262
30,1.0,uniform,0.1939655172413793,0.8577586206896551,0.11557788944723618,0.5111111111111111,0.18852459016393444,0.17115270350564465,0.11523653910592097
30,2.0,uniform,0.1939655172413793,0.8556034482758621,0.14609571788413098,0.6444444444444445,0.2381930184804928,0.25745692216280447,0.12606750087979401
15,1.0,quantile,0.1939655172413793,0.8211206896551724,0.10498687664041995,0.4444444444444444,0.16985138004246284,0.14010695187165775,0.112514216437464
15,1.0,sigma=-1,0.1939655172413793,0.0,0.0,0.0,0.0,0.1768865121806298,0.11594681992507791
15,1.0,sigma=0,0.1939655172413793,0.6422413793103449,0.07046979865771812,0.23333333333333334,0.10824742268041236,0.1768865121806298,0.11594681992507791
15,1.0,sigma=1,0.1939655172413793,0.8599137931034483,0.12531328320802004,0.5555555555555556,0.20449897750511245,0.1768865121806298,0.11594681992507791
15,1.0,sigma=2,0.1939655172413793,0.9439655172413793,0.16210045662100456,0.7888888888888889,0.2689393939393939,0.1768865121806298,0.11594681992507791
