id_A,iq_A,delta_psi_d_observed_Wb,delta_psi_q_observed_Wb,delta_psi_d_Rfit_Wb,delta_psi_q_Rfit_Wb,residual_d_Wb,residual_q_Wb,omega_1000_rad_per_s,omega_3000_rad_per_s
-90,0,0.00015712846760512073,0.00050195072013549348,0,-0.00016200611768021661,0.00015712846760512073,0.00066395683781571009,417.19183138278214,1256.7505446958701
-89.692604370600293,-7.4321410925099416,-1.5720647656321252e-05,-0.0001810931183501745,1.3347498833179268e-05,-0.00016108035588666345,-2.9068146489500519e-05,-2.0012762463511054e-05,417.49531256954845,1253.6761058726729
-89.692604370600293,7.4321410925099416,-0.00017514751996807951,0.00027734952995442288,-1.3305918734168875e-05,-0.00016057855871626418,-0.00016184160123391064,0.00043792808867068708,418.79829774676102,1257.578795147781
-87.246023934539735,-22.093693842671929,0.00017360834521263496,0.0011852380464970769,3.9366554144518252e-05,-0.00015545500673497289,0.00013424179106811672,0.0013406930532320499,419.8225160800954,1254.8105288836412
-87.246023934539735,22.093693842671929,-0.0004430675131103512,0.00064586762085242812,-3.9245396791226694e-05,-0.00015497656716663305,-0.0004038221163191245,0.00080084418801906114,421.21531149319679,1259.5488894034775
-86.602540378443862,-50,-2.9923756686714431e-05,-0.00034177395712835235,9.0002862484686951e-05,-0.00015588953065011262,-0.00011992661917140138,-0.00018588442647823972,417.37534865138554,1258.4022547448405
-82.419599398955171,-36.152588218767235,0.0001150815435912618,-0.0004554273840228322,6.5070480107771368e-05,-0.00014834575247357138,5.001106348349043e-05,-0.00030708163154926081,417.14322898137186,1256.0519356824539
-82.419599398955171,36.152588218767235,-0.00022965638039489783,0.00017305600363956217,-6.4741065582826695e-05,-0.00014759476300034625,-0.00016491531481207112,0.00032065076663990842,418.66677714585819,1257.0280386619356
-78.183148246802986,62.348980185873337,-2.3874466180288934e-05,-8.6305654556015354e-06,-0.00011163216358929454,-0.00013998230554845002,8.7757697409005607e-05,0.00013135174009284848,418.399101857848,1254.1537575489006
-75.344983043627565,-49.225334231018422,-5.614245808297294e-05,-1.5978952441542127e-05,8.8242828808829347e-05,-0.00013506570436109809,-0.00014438528689180227,0.00011908675191955596,418.29338109367598,1256.2706839652585
-75.344983043627565,49.225334231018422,-0.00011989062590842675,0.00026132602049114967,-8.818394762761412e-05,-0.00013497558000400529,-3.1706678280812631e-05,0.00039630160049515496,418.5580062250126,1256.9771665334154
-75,0,-0.00012044862745983972,0.00010135035290236038,0,-0.00013362887819605399,-0.00012044862745983972,0.00023497923109841437,420.00437131519084,1256.3212672611073
-73.558896030242281,-14.631774151209621,0.00013740255561281098,0.00015943697827360687,2.6132835081794015e-05,-0.00013137863384791486,0.00011126972053101697,0.0002908156121215217,419.70540812935945,1259.7118025478235
-73.558896030242281,14.631774151209621,-0.00035818988739748717,-0.00015288385848634227,-2.6158739499318266e-05,-0.00013150886414915503,-0.00033203114789816891,-2.1374994337187243e-05,419.06726906500273,1256.4619425651549
-69.290964938346505,-28.701257427381734,-0.00017864937932557737,-0.00032633280218799868,5.1011827343247138e-05,-0.00012315344541350193,-0.00022966120666882451,-0.00020317935677449675,420.97193499483905,1258.8128097204847
-69.290964938346505,28.701257427381734,-0.000493565103610899,0.0005430943531507075,-5.0819354068529788e-05,-0.00012268877382328494,-0.00044274574954236923,0.00066578312697399239,421.86991622962114,1257.3737809030795
-66.215151960581835,-60.955341446316716,-0.00023271308728684686,-0.00043288330057612151,0.0001089521776265691,-0.00011835361474159222,-0.00034166526491341597,-0.00031452968583452927,419.14244742750054,1256.5845811825179
-66.215151960581835,60.955341446316716,-0.00011730529472409046,-3.0477094759062684e-05,-0.00010946873523810018,-0.00011891474588994366,-7.8365594859902763e-06,8.8437651130880978e-05,417.78640667025439,1256.2604022384869
-62.360220922690893,-41.667767476470161,8.0770318476516834e-05,0.00015208046714312862,7.4331749033461887e-05,-0.00011124532395248398,6.4385694430549469e-06,0.00026332579109561259,419.7930418973969,1257.5145396073167
-62.360220922690893,41.667767476470161,-0.00038232420991571314,-0.00030957935754664587,-7.437622584491282e-05,-0.00011131188820480641,-0.00030794798407080031,-0.00019826746934183945,419.80491652621214,1259.1246904669888
-60,0,7.7067381791945389e-05,-0.00017908723050399076,0,-0.00010819878933864306,7.7067381791945389e-05,-7.0888441165347705e-05,416.45079267811315,1254.5771989350249
-59.562532445883242,-7.2322008153193655,-0.00023699589107996355,-8.625063237420634e-05,1.2875705496571894e-05,-0.00010604097507617877,-0.00024987159657653544,1.979034270197243e-05,419.83048857723077,1252.8255330602854
-59.562532445883242,7.2322008153193655,-0.00044168934054154146,1.1245879361741849e-05,-1.2853544424335641e-05,-0.00010585846222596706,-0.00042883579611720582,0.00011710434158770891,420.52861537325634,1254.7566194954052
-56.332005806362197,82.623877431599496,5.1865589043194327e-05,-0.00015116116331443524,-0.0001474613883480632,-0.00010053747225206347,0.00019932697739125752,-5.0623691062371776e-05,419.55317365711693,1256.5096539244298
-56.100974561124893,-21.276293222552141,4.7309112220575433e-06,0.00036947651188137982,3.787861632642353e-05,-9.9877702789264101e-05,-3.3147705104365987e-05,0.00046935421467064395,420.06585194495989,1254.9098841359246
-56.100974561124893,21.276293222552141,-0.00060241806942553516,0.00020001000223399991,-3.787051280558117e-05,-9.9856335560871557e-05,-0.000564547556619954,0.00029986633779487148,420.30459107707878,1256.5078087477236
-55.279144142070102,-71.022645845675427,-3.2974574442692917e-06,-2.882053807737317e-05,0.0001271978443240387,-9.900205613611717e-05,-0.00013049530176830799,7.0181518058744e-05,418.83204032726013,1258.7657330046945
-55.279144142070102,71.022645845675427,-0.00018734694433373417,-0.0002383605979089029,-0.00012656199452240442,-9.8507154370367371e-05,-6.0784949811329745e-05,-0.00013985344353853555,419.81285088958145,1254.9965724928611
-53.033008588991066,-53.033008588991066,-6.3514510739798302e-05,-0.00039068942870751355,9.4816760853275303e-05,-9.4816760853275303e-05,-0.0001583312715930736,-0.00029587266785423825,419.07973805252402,1256.6840566723617
-53.033008588991066,53.033008588991066,-0.00047027404082844448,-7.0783418317767188e-05,-9.4297209704929496e-05,-9.4297209704929496e-05,-0.00037597683112351499,2.3513791387162308e-05,420.47119866423895,1255.3931159773729
-49.379031953619382,-34.083884803869338,1.769687985179319e-05,-0.00027286301325405923,6.0966107457921649e-05,-8.832465505548089e-05,-4.3269227606128459e-05,-0.00018453835819857834,418.80436752109148,1255.3676727858908
-49.379031953619382,34.083884803869338,-0.00063950127510189331,-9.9913763007830614e-05,-6.0874157808503576e-05,-8.8191442990516282e-05,-0.0005786271172933897,-1.1722320017314332e-05,419.35133960544238,1256.4948456015716
-45,0,-0.00024252737721399548,-0.00010561950801341361,0,-7.9992543397282807e-05,-0.00024252737721399548,-2.5626964616130802e-05,420.27379919368263,1252.9739264893153
-44.846302185300146,3.716070546254949,-0.00025323564050684644,-0.00044897312353025793,-6.6364739083109226e-06,-8.0090329457527083e-05,-0.00024659916659853549,-0.00036888279407273087,419.24054714875757,1255.325231058099
-43.623011967269868,-11.046846921335964,-2.1484347414078842e-05,-0.00032473815008279144,1.9773085497421522e-05,-7.8082148818221732e-05,-4.1257432911500364e-05,-0.00024665600126456971,418.72761751027366,1256.3926752662519
-43.388373911755828,90.096886790241911,-3.9660721357720474e-05,-0.00075205323982466266,-0.00016073033996527491,-7.740365219958178e-05,0.00012106961860755444,-0.0006746495876250809,419.55360143981858,1255.4487823776094
-42.835265373336632,-79.152637608584001,-0.00019465070786339744,-0.00066119923755772469,0.00014219119367100871,-7.6950025907773716e-05,-0.00033684190153440615,-0.00058424921164995094,418.03240629761478,1259.2392671018829
-42.835265373336618,79.152637608584016,-0.00033132318310332559,-0.00079327918638238265,-0.00014088401272695331,-7.6242614956966513e-05,-0.00019043917037637228,-0.0007170365714254161,420.31207085861911,1256.5234417054737
-41.667767476470161,-62.360220922690893,7.1548465492607405e-05,-0.00017289490437683713,0.00011166146753431167,-7.4609807285146368e-05,-4.0113002041704263e-05,-9.8285097091690765e-05,418.86150959598882,1258.5250378343028
-41.667767476470161,62.360220922690893,-0.00041686601025631848,-0.00074734893434951627,-0.00011148025648723328,-7.4488725934533604e-05,-0.00030538575376908521,-0.00067286020841498271,419.11688247378419,1256.7373513375603
-41.209799699477585,18.076294109383618,-0.00055622636651394414,-0.00019845082224089448,-3.2355948456211807e-05,-7.3764132564922981e-05,-0.00052387041805773238,-0.00012468668967597149,418.72037670470178,1256.3774175181609
-39.78735949444772,-44.910644890266063,-1.302686605390152e-05,0.00013573878109939333,8.0012341427699039e-05,-7.0884749042344339e-05,-9.303920748160056e-05,0.00020662353014173766,419.73274378959809,1253.7140783610237
-39.78735949444772,44.910644890266063,-0.0004139631702815838,-0.00014988829809929258,-8.0722790221803714e-05,-7.151415175171328e-05,-0.00033324038005978009,-7.8374146347579297e-05,417.53006061574172,1256.0816296687876
-37.672491521813782,-24.612667115509211,-0.00022185220744182221,-6.9278856592608351e-05,4.3653026608032398e-05,-6.6815931287525913e-05,-0.00026550523404985461,-2.4629253050824379e-06,421.28338568190276,1256.3318045420244
-33.107575980290925,30.477670723158344,-0.00067451770440573461,-0.00038106975670342685,-5.4467927510448733e-05,-5.916794183260626e-05,-0.00062004977689528585,-0.00032190181487082059,419.17409246617854,1256.492859690158
-30,0,-0.00040840167126358906,-0.00064706892135509854,0,-5.3374774418468623e-05,-0.00040840167126358906,-0.00059369414693662993,420.22981628900351,1254.7460417957875
-29.781266222941621,3.6161004076596828,-0.00029034159240311913,-0.0003190291620367258,-6.5009884464985305e-06,-5.354045679354962e-05,-0.0002838406039566206,-0.00026548870524317617,417.52282131116209,1256.5509687081271
-29.475517441090414,-95.557280578614083,-0.00040231559462516192,-0.00054131743788472103,0.00017159614935452188,-5.2930402189104675e-05,-0.00057391174397968382,-0.00048838703569561634,417.98314693153498,1257.8396982458212
-29.222952228421509,-85.123551753057114,-0.00013720434376768287,-0.00029465772307488147,0.00015260244335321978,-5.2388484975209969e-05,-0.00028980678712090262,-0.0002422692380996715,418.45202801614818,1257.824763574765
-29.222952228421509,85.123551753057114,-0.00021185631333024701,-1.0715911988382065e-06,-0.00015229659744483382,-5.228348794223901e-05,-5.9559715885413195e-05,5.1211896743400803e-05,418.85855830766303,1256.4391647333123
-28.701257427381734,-69.290964938346505,-6.9360735833134957e-05,-0.00066428878575454375,0.00012420144876128361,-5.1445924543310718e-05,-0.00019356218459441857,-0.00061284286121123302,418.63052363686853,1259.0796934501573
-28.701257427381734,69.290964938346505,-0.00025925454436826617,-0.00017776849602783862,-0.00012390594258465958,-5.1323521877188027e-05,-0.00013534860178360659,-0.00012644497415065058,419.00754680749822,1256.4783263813631
-28.050487280562439,-10.638146611276085,0.00014056217756801964,-0.00067585851796055953,1.913122743058222e-05,-5.0444900912934681e-05,0.00012143095013743742,-0.00062541361704762481,417.52311420405232,1257.3563377107685
-27.883390322626113,53.127361539192599,-0.00058996252135564559,-0.00029215704731895553,-9.5004179327440539e-05,-4.986203977988947e-05,-0.00049495834202820501,-0.00024229500753906606,419.07388139918203,1257.1267348163071
-27.883390322626099,-53.127361539192599,4.0791383887614496e-05,3.4134019478521127e-05,9.4474666323988231e-05,-4.958412991709163e-05,-5.3683282436373735e-05,8.3718149395612757e-05,420.33230292333371,1254.4109994695873
-27.639572071035051,-35.511322922837714,0.00017642146223331018,-0.00017608298913813006,6.3547163131598528e-05,-4.9460742397633085e-05,0.00011287429910171165,-0.00012662224674049697,418.55690511311457,1254.2408465291144
-24.689515976809691,17.041942401934669,-0.00051276036864656566,-0.00027797867414027476,-3.0678943346313811e-05,-4.4446122632973208e-05,-0.00048208142530025187,-0.00023353255150730155,417.2053143201548,1257.0616507341883
-21.417632686668316,39.576318804292001,-0.00052581344626870946,5.215880887598362e-06,-7.1115072069783856e-05,-3.8485552423622473e-05,-0.00045469837419892561,4.3701433311220835e-05,417.64697969595596,1256.4390671777744
-19.893679747223835,-22.455322445133049,0.00025464040390033027,-0.00025923779146011516,4.0141137450552216e-05,-3.5561944616104013e-05,0.00021449926644977806,-0.00022367584684401115,418.85538098048966,1254.2742147979659
-15,0,-0.00060638401395915476,-0.00044142190573669051,0,-2.6699323311022028e-05,-0.00060638401395915476,-0.00041472258242566848,420.06947166029977,1254.430497554308
-14.904226617617441,98.883082622512859,-0.00041752960530627714,-0.00034981623969473907,-0.00017762986780126374,-2.6773394736024509e-05,-0.0002398997375050134,-0.00032304284495871454,417.84931305959532,1257.5018847577728
-14.81351312526605,88.772517306245007,-9.2529361855601955e-05,-0.00061023369914846304,-0.00015852983413146312,-2.6453950500820977e-05,6.6000472275861165e-05,-0.00058377974864764202,419.40565446718591,1256.6855444805619
-14.813513125266027,-88.772517306245007,-0.00054334025610396769,-0.00020940263249637214,0.00015795760438299739,-2.6358462244468777e-05,-0.00070129786048696513,-0.00018304417025190336,420.40438413142624,1256.5752439125597
-14.631774151209621,-73.558896030242281,9.5988339250528687e-05,-0.00022982551305440746,0.00013267469478422925,-2.6390637630904605e-05,-3.6686355533700564e-05,-0.00020343487542350284,416.68939789883854,1257.2222534696916
-14.631774151209621,73.558896030242281,-0.00046162693458918352,-0.00083918467238352362,-0.00013035667657400441,-2.5929555141079622e-05,-0.00033127025801517915,-0.00081325511724244398,421.50787301576213,1256.2775002332685
-14.623918682727355,3.3378140093447102,-0.00067540137078172385,-0.00059709310330607283,-5.9559433051628919e-06,-2.6094692613126192e-05,-0.00066944542747656094,-0.00057099841069294663,419.47265875798399,1255.301874874182
-14.611476114210754,-42.561775876528557,0.00018375955597189908,6.8041370405693552e-05,7.5973773391020753e-05,-2.6081829349172867e-05,0.00010778578258087833,9.4123199754866422e-05,419.22677700940682,1253.995901502602
-14.358939857253487,-58.256509045563114,0.00022626098256336297,-7.1174071295775077e-05,0.00010437691796653545,-2.572659969025572e-05,0.00012188406459682752,-4.5447471605519353e-05,418.56478183096476,1257.3813516035541
-14.358939857253459,58.256509045563121,-0.00035737157292364818,0.00017112120293947403,-0.0001046494590145634,-2.5793775025362089e-05,-0.00025272211390908478,0.00019691497796483611,417.85663944798051,1257.5597185726651
-13.941695161313056,26.563680769596299,-0.00096113421136040378,-0.0002522897070625571,-4.7423620814867921e-05,-2.4889836261070125e-05,-0.00091371059054553584,-0.00022739987080148697,419.55162324684721,1257.268050114217
-11.727472237020448,-9.3523470278810006,4.3465381132479219e-05,-0.00072002907088928973,1.672794571040266e-05,-2.0976180451419907e-05,2.673743542207656e-05,-0.00069905289043786984,418.88462652053363,1255.9886131338881
-7.4067565626330376,44.386258653122503,-0.00060097558626917569,-0.00017820156509349566,-7.9658008096145135e-05,-1.3292570541781685e-05,-0.00052131757817303059,-0.00016490899455171397,418.01610351656842,1256.6101123156204
-7.1794699286267152,-29.128254522781564,0.00019282517375963232,-0.00014074669377457313,5.1634477540273798e-05,-1.2726755682899292e-05,0.00014119069621935853,-0.00012801993809167383,421.12535363235668,1253.6112539353296
-6.5082560867633745,13.514533018536286,-0.00070473015517956428,1.1825374580925335e-06,-2.4398224761413256e-05,-1.1749565789058002e-05,-0.000680331930418151,1.2932103247150535e-05,416.55791345342618,1258.3879298625077
0,-90,-0.0003758514772920149,0.00030678126021303764,0.00016021612040334449,0,-0.00053606759769535945,0.00030678126021303764,420.0737521117976,1254.7826454902449
0,-75,-7.5586732801995182e-05,-0.00015939411411731302,0.00013415998204810838,0,-0.00020974671485010356,-0.00015939411411731302,419.2342715735216,1259.3681696625306
0,-60,-5.5986635068679125e-05,-0.00020364778337389478,0.00010682792446336511,0,-0.00016281455953204424,-0.00020364778337389478,420.23852231889214,1256.6560026817742
0,-45,0.00030458542115439913,-0.00015552100865685869,8.0459700510232242e-05,0,0.00022412572064416689,-0.00015552100865685869,418.87364628138533,1254.9886854541526
0,-30,0.00076839590128847252,-0.0002776800811773554,5.3989675814650099e-05,0,0.00071440622547382245,-0.0002776800811773554,417.17835693466515,1256.0496382623883
0,-15,0.00040238227482081168,3.1613392236860827e-05,2.6792108747628439e-05,0,0.00037559016607318323,3.1613392236860827e-05,419.34856485618911,1256.6534020612098
0,0,-0.00045494550306213882,0.00028844298677245197,0,0,-0.00045494550306213882,0.00028844298677245197,419.40134003130316,1256.9111276635656
0,15,-0.00011239047259100493,-2.9398226048780313e-05,-2.689147949434664e-05,0,-8.5498993096658294e-05,-2.9398226048780313e-05,418.34197956963538,1256.8987427942782
0,30,-0.00028844259700955971,2.1573067334232365e-05,-5.3802166895219654e-05,0,-0.00023464043011434005,2.1573067334232365e-05,418.21681237336929,1256.6683582168976
