id_key,iq_key,op_index_1000,id_req_1000,iq_req_1000,id_1000,iq_1000,ud_1000,uq_1000,psi_d_1000,psi_q_1000,can_1000,speed_1000,exc_1000,can_sd_1000,speed_sd_1000,n_raw_1000,I_1000,angle_deg_1000,map_1000,eM_1000,valid_1000,epsi_mWb_1000,map_actual_speed_1000,op_index_3000,id_req_3000,iq_req_3000,id_3000,iq_3000,ud_3000,uq_3000,psi_d_3000,psi_q_3000,can_3000,speed_3000,exc_3000,can_sd_3000,speed_sd_3000,n_raw_3000,I_3000,angle_deg_3000,map_3000,eM_3000,valid_3000,epsi_mWb_3000,map_actual_speed_3000,delta_eM
-100,0,97,-100,0,-99.8842642107,-0.158992462205,-0.818607116773,7.38792383984,0.0176411646399,-0.000430280621666,-1.78666667144,997.025868544,-0.0594550063564,0.253837157692,5.95628021606,3,99.8843907501,-179.908798554,-0.274698453009,1.51196821843,1,2.5228636945,-0.275517879401,97,-100,0,-99.3459403544,-0.479664716076,0.308011211797,22.2917948684,0.017743063769,-0.0010356774086,-2.61999994516,2996.07052951,-0.0567096150389,1.92896340311,1.98443659442,3,99.3470983126,-179.72336514,-0.668406406238,1.95159353893,1,3.2740321091,-0.669283048901,0.439625320499
-99.72,-7.47,96,-99.7203797181,-7.47300935864,-99.7379553734,-7.564035389,1.25150396218,7.41997439171,0.0178944620741,-0.00536881391994,-9.12666670481,1000.88148137,-0.0583739273727,0.267643914652,7.4080037583,3,100.024368898,-175.663042495,-4.0249732053,5.10169349951,1,8.50075095985,-4.0214283911,96,-99.7203797181,-7.47300935864,-99.7220915142,-7.3109640349,6.15308458806,22.0524803592,0.0176069850862,-0.00569003232726,-9.59999974569,3001.33466168,-0.0561710432464,0.0264575779928,1.49455673066,3,99.9897281279,-175.806954085,-4.17687575512,5.42312399057,1,9.03946850693,-4.17501834279,0.321430491062
-99.72,7.47,98,-99.7203797181,7.47300935864,-99.3406635505,7.39963191494,-3.1180803462,7.40586682033,0.0175035514856,0.00507228485271,5.76333316167,1003.54887159,-0.0555243581533,0.810822619779,2.68103127148,3,99.6158721647,175.740050927,3.80042388709,-1.96290927458,1,-3.28413071786,3.78698436586,98,-99.7203797181,7.47300935864,-99.9556562693,7.66774116017,-5.47365872516,22.0441895732,0.0174811907397,0.00356037737527,4.6200000445,3001.71599639,-0.0614439833173,1.48969806531,1.44112483377,3,100.249326555,175.613350079,2.93952661725,-1.68047342725,1,-2.79382330203,2.93784617277,0.282435847324
-97.49,-22.25,95,-97.4927912182,-22.2520933956,-97.4536411402,-22.3979931214,5.26322639516,7.58207544262,0.0186355844819,-0.0148915617675,-23.2033335368,996.654335917,-0.0582390482436,0.967384340534,4.00955903664,3,99.9944111806,-167.056362333,-11.2118196573,11.9915138795,1,19.9869735017,-11.24945656,95,-97.4927912182,-22.2520933956,-97.5922284172,-22.2391090589,17.4684292327,22.8525726873,0.0183624727346,-0.0146775485802,-23.9033330282,3006.27496178,-0.0598014160699,0.291947567487,5.64855505911,3,100.094060859,-167.162769124,-11.0446782442,12.8586547839,1,21.4109519812,-11.0216248194,0.867140904393
-97.49,22.25,99,-97.4927912182,22.2520933956,-97.4265150699,22.1513113664,-6.55926962733,7.81935648223,0.0181385149342,0.0133332160447,19.1466668447,996.846343505,-0.0573657958292,0.211265368384,6.54077872911,3,99.9129943197,167.19074502,10.2048039956,-8.94186284905,1,-14.9160825876,10.2370882555,99,-97.4927912182,22.2520933956,-97.4310286131,22.1757106136,-17.34321783,23.2821480718,0.0183508760591,0.0130259627431,18.4766667684,3002.91371865,-0.056669720832,1.26040989582,4.57813550746,3,99.9228075958,167.177676446,10.0564599944,-8.420206774,1,-14.0445192588,10.0467022398,0.521656075051
-93.09,-36.53,94,-93.0873748644,-36.5341024366,-92.7301597561,-36.7241016471,9.23169825353,8.03364526992,0.0200556386825,-0.0242528256476,-36.8766670227,1004.40674342,-0.0554665538254,0.272089211218,3.92751590318,3,99.7373659677,-158.394854161,-17.9129622625,18.9637047602,1,31.689401754,-17.8343707664,94,-93.0873748644,-36.5341024366,-93.1130395313,-36.6920173885,29.6506970409,24.6539623351,0.0199109856591,-0.0243362450263,-37.6466662089,2998.93876896,-0.0626339047563,0.560832355078,1.7304933094,3,100.081677997,-158.492640999,-17.9795758632,19.6670903457,1,32.7517329498,-17.9859382752,0.703385585418
-93.09,36.53,100,-93.0873748644,36.5341024366,-92.9232906784,36.4644983086,-10.3306145048,8.65275521858,0.019786405693,0.0224441452982,32.7133331299,1004.67924333,-0.0581230826396,0.142944524219,3.43905944652,3,99.8218292128,158.574210064,16.842511167,-15.8708219629,1,-26.4985826715,16.7640680135,100,-93.0873748644,36.5341024366,-92.7727215959,36.3334686136,-28.6328382828,25.4743216732,0.0199826885246,0.022047026876,32.0733324687,3005.40846422,-0.0546949575929,0.106926300052,6.25456926292,3,99.6338236434,158.61272332,16.6284184363,-15.4449140324,1,-25.8361291839,16.5984943154,0.425907930492
-90,0,74,-90,0,-89.6096029193,-0.0837111421794,-0.795134876148,8.62826203354,0.0206004567503,-0.00024102699851,-1.63666665554,995.282223607,-0.0593403869907,0.185831486503,2.85976420204,3,89.6096420197,-179.946475672,-0.13993692836,1.49672972718,1,2.7837959053,-0.140600248895,74,-90,0,-90.048867034,0.194546403637,-0.187251001585,25.6306082061,0.0203946418012,-0.000567576502908,-2.37000001222,2999.49311619,-0.0612176604131,2.14706777481,4.97715107633,3,90.049077188,179.876215317,-0.282851500957,2.08714851126,1,3.86298334279,-0.282899299981,0.590418784082
-89.69,-7.43,75,-89.6926043706,-7.43214109251,-89.5875788627,-7.60146293622,1.42322227473,8.57155396546,0.0206445493139,-0.00553643880446,-8.98333326976,995.780432802,-0.0589921958737,1.33331676594,3.71927963371,3,89.9094907407,-175.150097294,-3.91754954675,5.06578372301,1,9.39052462885,-3.93414995686,75,-89.6926043706,-7.43214109251,-89.6931970372,-7.71531928741,5.90481922636,25.8800989719,0.0206561249555,-0.00541266162321,-7.51999998093,2991.95308975,-0.0574676049691,0.0799999237061,4.88105883041,3,90.0244175014,-175.083576378,-3.86908514843,3.65091483249,1,6.7591196067,-3.87949112073,-1.41486889052
-89.69,7.43,73,-89.6926043706,7.43214109251,-89.7105463617,7.2476068736,-2.75398641653,8.57978182892,0.0203096964619,0.00443297673583,5.24333333969,996.232899782,-0.0577908537246,1.1918193812,2.57593725384,3,90.0028329215,175.381174388,3.26928876395,-1.97404457574,1,-3.65552303867,3.28165107242,73,-89.6926043706,7.43214109251,-89.4725206463,7.05277317536,-5.98561228766,25.9201288922,0.0205704590082,0.00405119921847,4.42999998728,3001.21960995,-0.0552611484517,2.3722772802,2.01341097294,3,89.750061617,175.492914629,3.04529872329,-1.384701264,1,-2.57140262459,3.04406120084,0.589343311748
-87.25,-22.09,76,-87.2460239345,-22.0936938427,-87.0059106759,-22.2836428839,5.29838448344,8.8554000205,0.021672693082,-0.0147260743285,-21.9500001272,1000.64026887,-0.0590776400456,0.624260054539,2.10339214493,3,89.8141928245,-165.634403196,-10.5852123636,11.3647877635,1,21.0894429305,-10.5784393182,76,-87.2460239345,-22.0936938427,-87.3860424984,-21.8267945335,18.7062490247,26.5487603615,0.0213005243346,-0.015581356026,-23.7366669973,2993.07814113,-0.0608985067583,0.791032466063,1.48701052268,3,90.0706910329,-165.975923868,-10.9590912478,12.7775757494,1,23.6436063032,-10.9844354853,1.41278798589
-87.25,22.09,72,-87.2460239345,22.0936938427,-86.9226343189,22.0527932814,-6.63678545721,9.04116215101,0.0210577130555,0.0137690331386,18.7166665395,1004.77819881,-0.0565916497186,0.885004935386,1.91529094414,3,89.6764743311,165.764084137,9.96733215252,-8.74933438699,1,-16.2609247153,9.91993274166,72,-87.2460239345,22.0936938427,-87.0605330402,22.0636125653,-17.2949017289,27.1104963883,0.0213982708993,0.0130700397932,18.5166664124,3008.0125088,-0.0544356452484,0.681346885208,1.83262316327,3,89.8128020533,165.779027611,9.66004673962,-8.85661967273,1,-16.4353326591,9.63431506155,-0.107285285743
-86.6,-50,93,-86.6025403784,-50,-86.6977951544,-49.9671243213,13.0767136928,8.6192162567,0.0217697403167,-0.0332881117522,-48.8100001017,999.72956897,-0.0584944375651,0.704911971854,5.24268773541,3,100.066084152,-150.043572473,-23.8426632877,24.967336814,1,41.5847470958,-23.8491128279,93,-86.6025403784,-50,-86.641506412,-50.0518571137,40.8138363507,27.0544793233,0.021927570609,-0.0331680902099,-49.1100006104,3004.88313899,-0.0601405168281,0.460326977495,3.98837451177,3,100.059677362,-149.985440342,-23.8274935894,25.2825070209,1,42.1123801438,-23.7887722956,0.315170206919
-86.6,50,101,-86.6025403784,50,-86.4066442798,50.0900356025,-14.0198301408,9.69678205778,0.0219535504338,0.0314070723403,44.4200007121,1000.7484101,-0.056556811814,0.640859419049,2.17024164455,3,99.8755217376,149.899078918,22.8806031024,-21.5393976096,1,-35.9437381568,22.8634918342,101,-86.6025403784,50,-86.9468754912,50.1421722431,-40.3022056972,28.066230982,0.0219353782452,0.03137957502,44.383333842,3003.4090797,-0.0494887635988,0.79475520558,2.56485663702,3,100.369301058,150.027996056,22.9694610985,-21.4138727434,1,-35.5584700993,22.9433891512,0.125524866225
-82.42,-36.15,77,-82.419599399,-36.1525882188,-82.4189023151,-36.2119239387,9.4059261919,9.27966707682,0.0230180692869,-0.0244226010731,-35.25,994.067126962,-0.0591230711553,0.135277627948,10.9216249498,3,90.0232130851,-156.281027485,-17.0784752782,18.1715247218,1,33.6422945799,-17.1804044364,77,-82.419599399,-36.1525882188,-82.426575588,-36.2217069049,29.4082166942,28.5236401185,0.0229866347842,-0.0240582451193,-35.1299997965,2998.58192179,-0.0585846427609,0.134535350142,5.513826949,3,90.0341735913,-156.277291937,-16.8939234464,18.2360763502,1,33.7576937415,-16.9019128578,0.064551628327
-82.42,36.15,71,-82.419599399,36.1525882188,-82.4646204808,36.2073736087,-10.2127834934,9.88144223787,0.0227258182826,0.0224125268386,31.2633336385,999.084794692,-0.0541729860802,0.0832667132812,7.11789496293,3,90.063241862,156.295377084,16.0264962773,-15.2368373612,1,-28.1965521231,16.0411772479,71,-82.419599399,36.1525882188,-82.4704419864,36.0285595361,-28.6521043867,29.2224405362,0.0229677731356,0.0221443412906,30.2433331807,3001.60998851,-0.0573279752451,0.277368059381,2.26819689816,3,89.9968382983,156.401102986,15.9224963734,-14.3208368074,1,-26.520999845,15.9139559446,0.916000553837
-78.18,-62.35,92,-78.1831482468,-62.3489801859,-78.0338701732,-62.554359254,16.5216218101,9.72368407191,0.0247069610997,-0.0413053881096,-58.5166676839,997.667570335,-0.0605934878059,0.555187983939,4.23552814061,3,100.011663099,-141.283260239,-28.6124844834,29.9041832005,1,49.8344930878,-28.6793771134,92,-78.1831482468,-62.3489801859,-78.2889097342,-62.0188086856,50.8820173575,30.4268226386,0.0247064261259,-0.0411136262334,-58.8199996948,3008.25758494,-0.0647482977194,0.28792515641,1.99145661283,3,99.8773548816,-141.614483747,-28.5060245294,30.3139751654,1,50.5853323831,-28.4277762704,0.40979196489
-78.18,62.35,102,-78.1831482468,62.3489801859,-78.4188099611,62.273925371,-17.1727793215,11.0831659378,0.0249724292043,0.0391248795491,54.539999644,998.820416826,-0.0557562491752,0.259808061619,2.17527815209,3,100.137662929,141.546217067,27.7395461203,-26.8004535237,1,-44.6060165907,27.772305865,102,-78.1831482468,62.3489801859,-78.2024589673,62.3831434903,-50.0136333851,32.088804849,0.0250390302655,0.0391772694808,53.8466657003,2993.1335576,-0.0564104084875,0.275014764564,1.42243470659,3,100.036399277,141.420169248,27.7546333616,-26.0920323387,1,-43.4708974721,27.8183042896,0.70842118504
-75.34,-49.23,78,-75.3449830436,-49.225334231,-75.2565902553,-49.3648936245,13.0886918325,10.0563000996,0.0251861480763,-0.0330435688071,-45.6699994405,999.171182479,-0.0608494976498,0.0399990081939,6.87811758522,3,90.0024838513,-146.736950795,-22.3803470333,23.2896524072,1,43.1277956834,-22.3989116437,78,-75.3449830436,-49.225334231,-75.26206203,-49.374120623,40.8097647279,31.2611736705,0.0252697583505,-0.0330742953743,-46.3533337911,2999.20746216,-0.0611578191028,0.254231058273,2.56005150267,3,90.0121201189,-146.733950123,-22.4214706018,23.9318631893,1,44.3122977173,-22.427395455,0.642210782073
-75.34,49.23,70,-75.3449830436,49.225334231,-75.0074517629,49.002232042,-13.6962659204,11.0877841503,0.0253002927142,0.0309067553394,42.0199991862,999.451440922,-0.0554665538254,0.791895482884,1.93833021272,3,89.5954048211,146.84348757,21.3480466475,-20.6719525387,1,-38.4542648142,21.3597637398,70,-75.3449830436,49.225334231,-75.3237055343,49.2867805957,-39.5223275714,32.3675131975,0.0253650368668,0.030851461974,41.2599995931,3000.15461726,-0.0566098795218,0.471487363743,1.55783390222,3,90.0158172596,146.801955276,21.4440446633,-19.8159549298,1,-36.6897647048,21.4429395138,0.855997608963
-75,0,53.5,-75,0,-75.0147631066,0.0210000116432,-0.372001545725,10.3383785844,0.0246805594907,-0.000902757280393,-1.98166670402,998.982169323,-0.0591830756787,0.315449900665,10.2682181906,3,75.014802973,-0.0160153995733,-0.403241108048,1.57842559597,1,3.50662073472,-0.403672400567,53.5,-75,0,-74.9405704801,-0.0768862122524,0.471486572942,31.1157362631,0.0247617280121,-0.000971555204928,-1.84499997149,2998.34702017,-0.059621892139,2.08953391839,4.30331408189,3,74.9408375385,0.0593073650001,-0.448647699557,1.39635227193,1,3.10515594911,-0.448902090411,-0.182073324039
-73.56,-14.63,52,-73.5588960302,-14.6317741512,-73.2865506818,-14.6829622022,3.58948502165,10.515726345,0.0254549773222,-0.0103188517857,-15.0133333206,997.508159347,-0.0594711316671,0.539660442287,5.11009577833,3,74.7429454188,-168.670785258,-6.77992514552,8.2334081751,1,18.3593874735,-6.79686184217,52,-73.5588960302,-14.6317741512,-73.7413559091,-14.5534787808,12.3200318359,31.5158062494,0.0251952946549,-0.0103907848938,-15.1066665649,3008.25428811,-0.0596019450356,0.384751260671,1.53704494956,3,75.1637633168,-168.835670392,-6.79745851901,8.30920804593,1,18.4246762874,-6.77880711004,0.0757998708291
-73.56,14.63,55,-73.5588960302,14.6317741512,-73.8309976298,14.7280764584,-4.39674943882,10.5460074166,0.0248251312278,0.00873388086695,11.0466664632,997.407053888,-0.0611728785054,0.507674678563,2.32372710444,3,75.2856722569,168.718517475,6.06274541041,-4.98392105281,1,-11.0333544737,6.07850665059,55,-73.5588960302,14.6317741512,-73.2349821244,14.258456955,-11.5349446905,31.9827861903,0.0253376273849,0.00859643185832,12.3166666031,3000.35775841,-0.0576471288999,0.160727581907,3.74071403243,3,74.6100945013,168.982648043,5.94501001732,-6.37165658576,1,-14.2332317281,5.94430114274,-1.38773553295
-69.29,-28.7,51,-69.2909649383,-28.7012574274,-69.2877030333,-28.6639174956,7.61729187117,10.8722928803,0.0266399879434,-0.019839066879,-26.6866664886,1003.95757955,-0.0618263773176,0.790336754084,3.08462616696,3,74.9827043913,-157.52540647,-12.8292587452,13.8574077434,1,30.8013424694,-12.7786860786,51,-69.2909649383,-28.7012574274,-68.974524806,-28.8991728004,23.9287299793,33.4253243811,0.0268290003086,-0.0195907601191,-27.1433334351,3005.67883976,-0.0620554387569,0.0503323710457,3.62368361765,3,74.7840040434,-157.267130796,-12.7595957147,14.3837377204,1,32.0561816758,-12.7354881159,0.526329976931
-69.29,28.7,56,-69.2909649383,28.7012574274,-68.9035321454,28.6142171093,-8.26791759732,11.3450822149,0.0264012746,0.0180932486597,23.1700000763,1007.25909784,-0.0589024754155,0.50209519132,8.45451481604,3,74.6087807358,157.447895121,12.012843264,-11.1571568123,1,-24.9236901748,11.9262693083,56,-69.2909649383,28.7012574274,-69.2555704451,28.7142160297,-22.665946652,33.7454431736,0.0266252699686,0.0174858689289,22.6733328501,3003.74542838,-0.0623546453083,0.194251182838,4.76116902994,3,74.972263137,157.480499179,11.8531054868,-10.8202273634,1,-24.0538454059,11.8383256199,0.336929448903
-68.02,-73.31,91,-68.0172737771,-73.305187183,-68.0584257186,-73.3941603017,19.5992117141,10.9176336493,0.0278160869433,-0.0484144466058,-65.5166676839,1001.93376513,-0.0582287652998,0.730504565471,9.50842128057,3,100.093216941,-132.839769449,-32.0192961727,33.4973715112,1,55.7769589436,-31.9574978775,91,-68.0172737771,-73.305187183,-67.7732695529,-73.5056210302,59.9627940979,34.741974187,0.0282317237698,-0.0482561979543,-65.946665446,3004.23222174,-0.0611179248959,0.0378587441284,2.15973089144,3,99.981460226,-132.676514267,-32.0740242001,33.8726412459,1,56.4648705359,-32.028839816,0.375269734665
-68.02,73.31,103,-68.0172737771,73.305187183,-68.1962480032,73.4584655428,-20.1578141914,12.5866191095,0.028294648036,0.0464951710618,61.5999997457,999.854819339,-0.0523695255618,0.828310690968,5.52361380449,3,100.234097999,132.872543222,31.4956658668,-30.1043338788,1,-50.0567080463,31.5002390924,103,-68.0172737771,73.305187183,-67.9032490666,73.0500401788,-59.137317451,36.4322570589,0.0284105552452,0.0465196250805,61.460000356,2997.72120057,-0.0568803469003,0.863771097061,2.60793513558,3,99.735448081,132.908821724,31.405355343,-30.0546450131,1,-50.2239434279,31.4292289793,0.0496888657624
-66.22,-60.96,79,-66.2151519606,-60.9553414463,-66.2403150532,-60.9222393937,16.4876178125,11.1426561014,0.0280555432971,-0.040942659156,-54.1933339437,999.544049312,-0.0603442150631,0.695006314622,4.08370318667,3,89.9961031995,-137.394776006,-26.527567,27.6657669436,1,51.2351201146,-26.5396677798,79,-66.2151519606,-60.9553414463,-65.990434818,-61.0748847287,50.3354168776,35.0129602888,0.0283484470014,-0.0405807872382,-54.2299995422,2997.93004269,-0.0595620508287,0.753590502211,1.3940114222,3,89.9159553811,-137.215395241,-26.4559315677,27.7740679745,1,51.4815341668,-26.4741983879,0.108301030903
-66.22,60.96,69,-66.2151519606,60.9553414463,-66.2424374407,60.9442963339,-16.8841848781,12.4329224893,0.0282264781666,0.0387266005473,50.4200007121,993.169929193,-0.0552711778919,0.491527217078,2.59836916557,3,90.0125978611,137.385356656,25.7135235834,-24.7064771287,1,-45.7463320242,25.8903565518,69,-66.2151519606,60.9553414463,-66.2982893103,61.1039500288,-49.6092815174,36.2974396888,0.0283983349558,0.0389502268605,50.2733345032,2998.68516791,-0.0523810935955,0.0288670729762,2.22857186404,3,90.1618315841,137.334723293,25.9055030948,-24.3678314083,1,-45.0446176987,25.9168618687,0.33864572038
-62.36,-41.67,50,-62.3602209227,-41.6677674765,-62.1879020221,-41.6502117794,11.2880552866,11.766726159,0.029085315046,-0.0284328737525,-36.8000017802,1002.74759878,-0.056797625358,0.409511869191,2.38356013856,3,74.8470126269,-146.187888254,-17.8775417908,18.9224599894,1,42.1358611504,-17.8285560719,50,-62.3602209227,-41.6677674765,-62.3729685405,-41.6555056719,35.242895029,35.9072745964,0.0289055852066,-0.0285417530766,-37.0833333333,3002.65909012,-0.0618559677227,0.265392109344,1.97978718992,3,75.0037889532,-146.263198382,-17.9058638116,19.1774695218,1,42.614446082,-17.8900067648,0.255009532335
-62.36,41.67,57,-62.3602209227,41.6677674765,-62.7942385803,41.7106117671,-11.4933271367,12.3261172633,0.0284306698674,0.0259391953755,33.2366663615,999.67932352,-0.0600208342075,0.0602766187887,2.23681789542,3,75.3849556136,146.406191663,16.8881559366,-16.3485104249,1,-36.1445027765,16.8935733083,57,-62.3602209227,41.6677674765,-62.3194096337,41.6360462831,-33.5676707724,36.7842383351,0.0289406376657,0.0262163815529,32.629998525,3006.55536103,-0.0601006226212,0.0360552799945,2.15575654695,3,74.948443394,146.252829814,17.0325789025,-15.5974196225,1,-34.6847755518,16.9954418169,0.751090802391
-60,0,36,-60,0,-59.718915829,-0.254448127923,-0.184598710523,12.1846176372,0.0290947064013,-0.000984987138519,-2.22666664918,993.921062876,-0.0578533740233,0.585178012947,2.9083369395,3,59.7194578981,-179.755877758,-0.397352745565,1.82931390362,1,5.10529836227,-0.399783001293,36,-60,0,-59.9925690087,-0.0466625440542,0.259987018275,36.5108141582,0.0290547540767,-0.000684296790817,-2.12666666508,2997.71355558,-0.0623945395152,0.522717278643,3.25100885894,3,59.9925871559,-179.955435042,-0.254450947126,1.87221571795,1,5.20124181644,-0.254645024358,0.0429018143337
-59.56,-7.23,37,-59.5625324459,-7.23220081532,-59.4051659499,-7.1564949019,1.76051203126,12.1847137582,0.0292597101026,-0.00562110675313,-7.18666664759,1001.26696922,-0.0600825761938,0.828633377669,1.67571266492,3,59.8346819229,-173.130724522,-3.25991847403,3.92674817356,1,10.937770669,-3.25579348389,37,-59.5625324459,-7.23220081532,-59.9176955681,-7.12662722886,6.28316308637,36.614295655,0.0291934426041,-0.00547679218866,-5.84333324432,2990.92973172,-0.0540765973867,0.788056786187,5.37381120275,3,60.3400286531,-173.217089878,-3.2172453001,2.62608794422,1,7.2535816407,-3.22700189107,-1.30066022934
-59.56,7.23,35,-59.5625324459,7.23220081532,-59.5031430686,7.0916719054,-2.09664077694,12.2253902543,0.0290166681572,0.00358482825074,4.74666666985,999.330474498,-0.0609256889452,1.57347804336,7.80166318976,3,59.9242508961,173.203463767,2.51451143184,-2.23215523801,1,-6.20826906367,2.51619608928,35,-59.5625324459,7.23220081532,-59.5244665062,7.23134933316,-5.17809844149,36.8829318466,0.0292929593459,0.00364691915993,3.99333326022,2995.18472794,-0.0580684117242,1.61877514968,4.01732508517,3,59.9621090859,173.073346451,2.57345123651,-1.41988202371,1,-3.94660907628,2.57758849981,0.812273214302
-56.33,-82.62,90,-56.3320058064,-82.6238774316,-56.4258080652,-82.7040343553,22.3978455666,12.4005904547,0.0315786424041,-0.0548179844888,-69.6100006104,995.324927995,-0.0609572912684,0.757168210332,4.96511534605,3,100.119074678,-124.304226889,-34.2289811854,35.3810194249,1,58.8982328269,-34.3897557699,90,-56.3320058064,-82.6238774316,-56.3006150722,-82.5755229138,67.8384350802,39.3051604081,0.0319351679723,-0.0544321374325,-69.7166671753,3000.61674576,-0.0644690382714,0.153079058158,3.88608399445,3,99.9423646008,-124.286461182,-34.2097560708,35.5069111045,1,59.2123124268,-34.202724609,0.125891679587
-56.33,82.62,104,-56.3320058064,82.6238774316,-56.4288856611,82.6275741483,-22.5559971391,14.3935406276,0.032389459063,0.052501336203,66.9133351644,1001.34103873,-0.0518824160099,0.536314376607,1.32422619893,3,100.05765911,124.33035832,33.833125968,-33.0802091964,1,-55.1019107226,33.7878151992,104,-56.3320058064,82.6238774316,-56.25915113,82.6926948877,-66.6681454025,41.4596209093,0.0323344704747,0.052605128338,66.0699971517,2999.08015563,-0.0504661716667,0.0721105599889,0.51969465383,3,100.015868109,124.229022445,33.8000662002,-32.2699309515,1,-53.7746852266,33.8104329791,0.81027824491
-56.1,-21.28,38,-56.1009745611,-21.2762932226,-55.9451185196,-21.2945022229,5.63417434696,12.6125777929,0.0306186803065,-0.0147861917865,-18.7733332316,1002.49270016,-0.0669978659937,0.151437075601,4.81010258775,3,59.8607727238,-159.161573896,-8.87534884681,9.8979843848,1,27.5583489666,-8.85328027363,38,-56.1009745611,-21.2762932226,-56.2157893087,-21.3025387111,18.4092833575,37.995649372,0.0304054972845,-0.0150969932631,-20.039999644,2995.59455675,-0.0587641666917,0.535630319362,7.18052670963,3,60.1166626081,-159.246184207,-8.97842205243,11.0615775915,1,30.6669762637,-8.99162608524,1.16359320674
-56.1,21.28,34,-56.1009745611,21.2762932226,-56.1598683547,21.3816624387,-6.09606032851,12.6934962537,0.0297930405182,0.0132125539222,15.9566666285,1002.38202383,-0.057811065028,0.410528126307,12.1194861385,3,60.0924812457,159.156744574,8.27424014571,-7.68242648281,1,-21.3072315747,8.25457754527,34,-56.1009745611,21.2762932226,-56.0317773578,21.2966474923,-16.7792553855,38.3264684317,0.0303297611748,0.0129066204632,15.3400001526,2999.87727968,-0.0514435797345,0.115325743372,4.28400389113,3,59.9425330486,159.189123781,8.21461869901,-7.12538145358,1,-19.8117015614,8.21495474631,0.557045029234
-55.28,-71.02,80,-55.2791441421,-71.0226458457,-55.1612497694,-71.2721954955,19.4028995519,12.6306529147,0.0318549610205,-0.0476378884452,-59.5800005595,1001.51727763,-0.0621497581731,0.72642894858,2.39228736025,3,90.1248541018,-127.738146922,-29.3888308342,30.1911697253,1,55.832119464,-29.3443073731,80,-55.2791441421,-71.0226458457,-55.1836217562,-71.0965491863,59.2514192634,39.3777864283,0.0319016151524,-0.0475899186139,-59.9766667684,3004.36888835,-0.0582854362095,0.145027273844,7.01685351127,3,89.9997300904,-127.817850137,-29.365672914,30.6109938544,1,56.6871956609,-29.3229699867,0.419824129061
-55.28,71.02,68,-55.2791441421,71.0226458457,-55.3360516791,70.9827247828,-19.5664071994,14.1646168159,0.0321209440204,0.0453903054417,56.5200004578,999.400834301,-0.0571575662158,0.396863129208,3.24259247251,3,90.003476783,127.938934419,28.7505145009,-27.7694859569,1,-51.4229874768,28.7677511506,68,-55.2791441421,71.0226458457,-55.1954394992,71.0544870268,-57.7488016759,41.2241514365,0.0322397037375,0.0455158048702,56.0900001526,2995.84400989,-0.0538970734559,0.0608274497156,3.21340070661,3,89.9737554409,127.840218655,28.8182427896,-27.271757363,1,-50.5179857344,28.8582209499,0.497728593876
-53.03,-53.03,49,-53.033008589,-53.033008589,-53.0369427485,-52.9409798318,14.677806714,12.8337255086,0.0319021355895,-0.0363068461249,-44.1233342489,1000.42942623,-0.0616175271817,0.410649768812,3.25247417375,3,74.9377384343,-135.051881264,-21.6872066168,22.436127632,1,49.8994856726,-21.677897559,49,-53.033008589,-53.033008589,-52.9797024168,-53.1805664226,44.7768743533,39.6492935733,0.0319751028126,-0.0360539035238,-44.7400004069,3000.40098167,-0.0629131642042,0.0793714723862,4.01745498115,3,75.0667803572,-134.891591777,-21.6634749519,23.076525455,1,51.2355473025,-21.6605797867,0.640397822983
-53.03,53.03,58,-53.033008589,53.033008589,-52.8234548901,52.9351735647,-14.7625266373,13.8346869784,0.0317641481007,0.0339818692091,41.3700002035,1000.41372559,-0.0565512271117,0.434049637168,6.66489098522,3,74.7826850738,134.939475329,20.8588825686,-20.5111176349,1,-45.7127154828,20.850256284,58,-53.033008589,53.033008589,-52.8042957654,53.0312044369,-43.1913733171,40.8592863475,0.0320927780508,0.0339503995774,40.9033342997,2997.1676844,-0.0563705142807,0.135031079142,4.03438346591,3,74.8371718821,134.877159467,20.9678736864,-19.9354606133,1,-44.3974122128,20.987688272,0.575657021569
-49.38,-34.08,39,-49.3790319536,-34.0838848039,-49.3256262173,-34.059886501,9.48757811465,13.3558505847,0.032697864491,-0.0238274869088,-28.3933334351,998.385399592,-0.0637060285404,0.410650690012,1.53599208542,3,59.9424162859,-145.374495163,-13.7339475981,14.6593858369,1,40.7596343993,-13.7561582969,39,-49.3790319536,-34.0838848039,-49.2728139682,-34.1492647502,29.1572758797,40.712786553,0.0326699573492,-0.0235947235119,-28.8466669718,2997.12383409,-0.0659251768215,0.145028238288,1.50808208736,3,59.9498330217,-145.27552334,-13.6694006708,15.1772663011,1,42.1943524446,-13.6825184018,0.517880464125
-49.38,34.08,33,-49.3790319536,34.0838848039,-49.2752537733,34.3143904399,-9.55915292954,13.741433426,0.0319860600952,0.0216444365761,25.1299997965,1001.86391818,-0.0634113246878,0.353694951927,4.93411764084,3,60.0460492096,145.147348632,12.9847035588,-12.1452962377,1,-33.7110611983,12.9605461613,33,-49.3790319536,34.0838848039,-49.4416422509,34.0308903017,-27.5510331099,41.221429142,0.0325321618258,0.0215309714457,24.9566663106,2999.52789557,-0.0529795066983,0.234591413758,3.541794911,3,60.0214751834,145.460199992,13.0297501074,-11.9269162032,1,-33.1184690334,13.0318008977,0.218380034514
-45,0,22,-45,0,-44.9077768262,-0.0470159136683,0.0626987339152,14.0095429059,0.0334464424813,-0.0012217764012,-1.25,1003.19205722,-0.0603711634677,0.306431091796,0.664190717053,3,44.9078014377,-179.940014567,-0.338638662052,0.911361337948,1,3.38234229826,-0.337561147554,22,-45,0,-44.802401894,-0.0746757631305,0.979730493405,42.1076068393,0.033508763102,-0.00113617094081,-1.54999997218,2990.61280739,-0.0547149046963,1.96030605674,3.21393873699,3,44.802464128,-179.904500609,-0.320432877399,1.22956709479,1,4.57403076191,-0.321438679665,0.318205756837
-44.85,3.72,23,-44.8463021853,3.71607054625,-44.8106177734,3.75740016543,-0.906214189807,13.9943464386,0.0333193398443,0.00109365231887,1.35666665435,997.333324349,-0.0619015048601,1.46950102534,5.68030277219,3,44.9678721004,175.206922987,1.04520797449,-0.311458679862,1,-1.15437483591,1.04800265766,23,-44.8463021853,3.71607054625,-44.6908508893,3.45423596694,-2.13834433701,42.1869932659,0.0335438546258,0.00134600186484,1.27000004053,2998.29539512,-0.0572082926245,2.24719830313,4.66117999542,3,44.824144156,175.58029367,1.05613414654,-0.213865893992,1,-0.795203485453,1.05673458485,0.0975927858701
-43.62,-11.05,21,-43.6230119673,-11.0468469213,-43.5325790002,-11.038211136,3.18604017212,14.1300025811,0.0339964142301,-0.00864537440425,-10.1666663488,999.743206569,-0.060564899449,0.235442981791,5.62351411659,3,44.9102164267,-165.771831557,-4.50969025427,5.6569760945,1,20.9936496437,-4.51084861057,21,-43.6230119673,-11.0468469213,-43.3738938463,-11.2920911918,10.2346671203,42.7051242999,0.034073517745,-0.00848964779585,-10.1499999364,2999.87084744,-0.0581059122787,0.268514521854,1.21018363568,3,44.8197053858,-165.40737536,-4.51794211134,5.63205782508,1,20.9433840785,-4.51813662098,-0.0249182694221
-43.39,-90.1,89,-43.3883739118,-90.0968867902,-43.4370969089,-90.1298152367,24.4568403342,13.9964553165,0.0355657665829,-0.059423389777,-70.9700012207,993.07088081,-0.0586801510773,0.737497513074,0.204199515763,3,100.050812003,-115.731242829,-34.7202930676,36.2497081531,1,60.3854971744,-34.9625527629,89,-43.3883739118,-90.0968867902,-43.0784563485,-90.2629654504,73.8252085632,44.4954232041,0.036126622596,-0.0590910418016,-71.1100006104,3004.82366148,-0.0597016805527,0.491121222243,1.24619485768,3,100.015780421,-115.513045632,-34.8386817124,36.271318898,1,60.4426600569,-34.7827549673,0.0216107449351
-43.39,90.1,105,-43.3883739118,90.0968867902,-43.5791499822,90.099568803,-24.2887155652,16.226389748,0.0365866832922,0.0569446615831,68.4200007121,1002.00967486,-0.0525224406198,0.485903435308,4.06946854914,3,100.085336647,115.812017497,34.6682660182,-33.7517346939,1,-56.2049277559,34.5987338126,105,-43.3883739118,90.0968867902,-43.3779287531,90.117320959,-72.7802625829,46.8848660782,0.0365926601083,0.0575715021589,67.8766657511,2996.7514948,-0.0490499273235,0.335608112811,0.612270031619,3,100.013880235,115.703815323,34.7697900874,-33.1068756637,1,-55.1704683153,34.8074808482,0.644859030167
-42.84,-79.15,81,-42.8352653733,-79.1526376086,-42.9797885321,-79.1622142871,21.8609070664,14.0680988902,0.0354749708306,-0.053215138171,-62.3866666158,998.037146671,-0.0617859547107,0.477528570632,5.28542327738,3,90.0772912176,-118.49900113,-30.5727157681,31.8139508477,1,58.8641717531,-30.632843547,81,-42.8352653733,-79.1526376086,-42.647651049,-79.2842212846,65.9917473434,44.3463648902,0.0359206396885,-0.0528539431886,-62.633333842,3005.9984135,-0.0654065521324,0.208165561519,2.16586015773,3,90.026717616,-118.276182501,-30.6122188285,32.0211150135,1,59.2807629065,-30.5511327196,0.207164165756
-42.84,79.15,67,-42.8352653733,79.1526376086,-43.1240555518,79.3524122534,-21.7006916761,15.8555705271,0.0359579870755,0.0507770742405,59.2666676839,1002.88288875,-0.0578245392304,0.277548458233,5.08206113096,3,90.3132852778,118.521861394,30.2583983071,-29.0082693768,1,-53.5326729387,30.1714174672,67,-42.8352653733,79.1526376086,-43.0619497556,79.200094354,-64.9127070052,46.247852378,0.0361726172413,0.0513132148386,59.6166674296,2998.9170046,-0.0497680230468,0.358375440623,1.22647609739,3,90.1498001242,118.533404828,30.4471306663,-29.1695367633,1,-53.9279006038,30.4581260031,-0.161267386515
-41.67,-62.36,48,-41.6677674765,-62.3602209227,-41.6174348706,-62.4270332413,17.4346088842,14.3709048835,0.0357983438721,-0.0426156058436,-48.7533340454,999.348793417,-0.0619948048465,0.366923158813,3.0644786887,3,75.0276306738,-123.689694358,-24.0500196213,24.7033144241,1,54.8760374506,-24.0656913579,48,-41.6677674765,-62.3602209227,-41.8561012581,-62.2479149228,52.8483286957,44.2456197788,0.0357048986576,-0.042388444001,-49.2033348083,3002.99609128,-0.0594024740013,0.0923759549737,4.06484784568,3,75.0115732722,-123.917268696,-23.9806229895,25.2227118188,1,56.0418228783,-23.9566975053,0.519397394745
-41.67,62.36,59,-41.6677674765,62.3602209227,-42.1898543471,62.3952787117,-17.0884168018,15.4285868563,0.0353434603916,0.0397883814742,46.1366653442,997.031615253,-0.0564108117402,0.300722106774,3.19144850429,3,75.3203466225,124.065402533,23.3035864852,-22.833078859,1,-50.5243710872,23.3729664423,59,-41.6677674765,62.3602209227,-41.7322690658,62.4008878404,-51.3889631677,45.7093966908,0.0358778116578,0.0405619426971,45.8100001017,3000.29513701,-0.0553731591094,0.0964347592102,0.130902312109,3,75.0696548856,123.773689119,23.5892952461,-22.2207048556,1,-49.3335265084,23.586974783,0.61237400338
-41.21,18.08,24,-41.2097996995,18.0762941094,-41.1769208698,18.0418502641,-5.01415462991,14.4729422208,0.034120886985,0.010987385847,12.4133335749,999.477543507,-0.0583837186264,0.383710088984,1.00222415451,3,44.9560582488,156.33915775,6.40818390869,-6.00514966624,1,-22.2630345429,6.41153365608,24,-41.2097996995,18.0762941094,-40.9903747052,17.7918742265,-14.2686288138,43.8253954229,0.034733558336,0.0110284229966,9.76333363851,3000.06755526,-0.0593226855876,0.514813754036,5.63508694536,3,44.685138547,156.53674336,6.42020575435,-3.34312788416,1,-12.4692011441,6.42006118473,2.66202178208
-39.79,-44.91,40,-39.7873594944,-44.9106448903,-39.6032837692,-44.9300400218,12.6936621968,14.6270202378,0.0359920642976,-0.0312493450246,-35.27333196,1001.31661018,-0.0666195553068,0.400041284974,5.16287793342,3,59.892642133,-131.394349094,-17.1282094078,18.1451225522,1,50.4934660475,-17.105687885,40,-39.7873594944,-44.9106448903,-39.8567654377,-44.7147416541,38.6870194099,44.4950284952,0.0357638472483,-0.0311033219246,-35.460000356,2991.98678433,-0.0638706251687,0.160934778883,0.861392954814,3,59.8996650437,-131.712415223,-17.0330939793,18.4269063767,1,51.2715899254,-17.078712448,0.281783824549
-39.79,44.91,32,-39.7873594944,44.9106448903,-39.983862493,44.8801429049,-12.4434194903,15.1792210655,0.0351662864845,0.0287519314087,32.2866668701,995.415500327,-0.0613480431355,0.38396990147,4.3435486153,3,60.1077073845,131.697945844,16.3672874083,-15.9193794619,1,-44.1412595116,16.4426688181,32,-39.7873594944,44.9106448903,-39.6411355175,44.9706497648,-36.9086545075,45.4152682156,0.0357824570815,0.0290555199053,31.7266667684,2998.90502158,-0.0541962800073,0.102143164303,4.61879619456,3,59.9481356289,131.395823618,16.5657248834,-15.160941885,1,-42.1501623193,16.5717734615,0.758437576886
-37.67,-24.61,20,-37.6724915218,-24.6126671155,-37.7246130024,-24.6574940541,7.10593255042,14.8161867478,0.0359596946896,-0.0178647731555,-19.6566670736,1001.50647155,-0.0587407849877,0.341516345816,8.8804767148,3,45.0681532705,-146.830638185,-9.36370566998,10.2929614036,1,38.0644300415,-9.34962073239,20,-37.6724915218,-24.6126671155,-37.5474718529,-24.5297887229,21.7527066064,45.0175850235,0.0360190577692,-0.0176090471975,-20.1200002035,2998.341076,-0.0610979777925,0.242486842477,1.36564278626,3,44.8500075511,-146.843387532,-9.26829048646,10.851709717,1,40.3259304718,-9.27341845193,0.5587483134
-33.11,30.48,25,-33.1075759803,30.4776707232,-33.1686566591,30.5771590232,-8.3223833847,15.6473185228,0.0366252454349,0.0190763834603,20.5899995168,1001.49458862,-0.0615973158783,0.432088066132,5.02570381986,3,45.1123313352,137.327998428,10.5158038033,-10.0741957135,1,-37.218928156,10.5001104577,25,-33.1075759803,30.4776707232,-33.0611252834,30.4774526343,-24.6822938579,47.1768837585,0.0372996393872,0.019378453296,19.9033336639,2999.72751615,-0.0574875520725,1.09184875818,0.501617041939,3,44.9656882976,137.328538563,10.6648287895,-9.23850487443,1,-34.2427942438,10.6657975421,0.835690839062
-30,0,12,-30,0,-30.022002702,-0.0920401601735,0.350938897743,15.7810585273,0.0376766993746,-0.00155452742422,-0.873333359758,1004.14449178,-0.0636656059335,0.707766467545,2.96771717409,3,30.0221437881,-179.824345622,-0.300826775852,0.572506583906,1,3.17824618581,-0.299585147669,12,-30,0,-29.7710319882,-0.172606346752,0.883378031335,47.7211703815,0.0379766743394,-0.000939880246622,-2.54333333174,2995.10150673,-0.0556923127642,1.11253460524,3.74988449518,3,29.7715323521,-179.667814526,-0.207217319441,2.3361160123,1,13.0780190993,-0.207556223696,1.7636094284
-29.78,3.62,11,-29.7812662229,3.61610040766,-29.8220096144,3.61888732787,-0.780350053358,15.7686853189,0.0375585686475,0.00115100048855,1.25666669011,993.808157817,-0.0584070768653,1.42243928877,8.33016200083,3,30.0407823289,173.081013158,1.0214722546,-0.235194435509,1,-1.30486190924,1.02783645573,11,-29.7812662229,3.61610040766,-29.9531507758,3.56459861129,-2.10244819141,47.6999690826,0.0379300631496,0.00143471551093,1.11333334446,2999.62607193,-0.0577069702102,2.14406932848,1.98898640405,3,30.1645090239,173.213388121,1.06907820269,-0.0442551417677,1,-0.244521034817,1.06921147209,0.190939293742
-29.48,-95.56,88,-29.4755174411,-95.5572805786,-29.5662653245,-95.6991287473,25.9834253151,15.8065773317,0.0400200721441,-0.0627367012515,-69.2599995931,999.978350905,-0.059010269034,0.0818519059231,2.4110483922,3,100.162304727,-107.168544539,-34.1086559483,35.1513436448,1,58.4906396684,-34.1093943858,88,-29.4755174411,-95.5572805786,-29.5732727195,-95.7815960939,78.1553317739,50.0027092874,0.0405530974791,-0.0624293735308,-69.6233342489,3004.89796607,-0.0590035319328,0.0929180644007,5.71806118534,3,100.243167396,-107.158457591,-34.3828877534,35.2404464954,1,58.5916018198,-34.3268438479,0.0891028505956
-29.48,95.56,106,-29.4755174411,95.5572805786,-29.3221208477,95.4010808386,-25.633109174,18.1288750115,0.041001968023,0.0604945264066,67.5199991862,999.465010486,-0.0505158624112,0.556686793593,5.07672828069,3,99.8055759774,107.085139205,34.1127592789,-33.4072399073,1,-55.7871968911,34.1310190162,106,-29.4755174411,95.5572805786,-29.6910568073,95.6361855569,-76.9764158414,52.7653981399,0.0412283211074,0.0610196114905,66.8199996948,2999.53437953,-0.0525606175264,0.72131467745,0.967842110143,3,100.139097471,107.247394565,34.5279367125,-32.2920629823,1,-53.7453465529,34.5332965157,1.11517692498
-29.22,-85.12,82,-29.2229522284,-85.1235517531,-29.0454498057,-85.0628799003,23.6700137883,15.8850466964,0.0399534822161,-0.0572014044985,-61.8533337911,1002.38523161,-0.0646829082082,0.911280030087,2.88015484209,3,89.885102722,-108.852910459,-30.3599926951,31.493341096,1,58.395551918,-30.2877493979,82,-29.2229522284,-85.1235517531,-29.1983154462,-85.3370686567,71.5620469077,49.5734145947,0.0401283607087,-0.0571796203273,-62.2266654968,3002.76241399,-0.0563306200738,0.0814460494109,2.14545471007,3,90.1939959855,-108.888524702,-30.5639115858,31.662753911,1,58.5086135078,-30.5357940842,0.169412815066
-29.22,85.12,66,-29.2229522284,85.1235517531,-28.9087223742,85.0243902638,-23.3368818926,17.8726000393,0.0406378818334,0.0550225567336,59.8299992879,1001.80727136,-0.0609909767741,0.667307377717,7.59778992333,3,89.8045720943,108.778292772,30.2750576486,-29.5549416394,1,-54.8504768932,30.220441111,66,-29.2229522284,85.1235517531,-29.3130184343,85.210395279,-69.5340295607,52.04221074,0.0407357926629,0.0551001569994,59.2666664124,2999.39614971,-0.0459381791891,0.298385253595,2.8957820634,3,90.1114005736,108.983603339,30.517589476,-28.7490769364,1,-53.1732144016,30.5237333978,0.805864703002
-28.7,-69.29,47,-28.7012574274,-69.2909649383,-28.7545832014,-69.1508093639,19.6698078292,15.9095372682,0.0396320764474,-0.0476446722933,-50.3633333842,996.733919928,-0.0607214927279,0.416692372459,4.10584075157,3,74.8909907183,-112.578725639,-24.66355714,25.6997762442,1,57.1937425265,-24.7443742476,47,-28.7012574274,-69.2909649383,-28.594062797,-69.3552801326,59.064004643,49.39199273,0.0398568107438,-0.0472291858105,-50.7166659037,3004.9713774,-0.0586245369677,0.19425141195,1.19660396836,3,75.0184997818,-112.405563684,-24.6885274755,26.0281384283,1,57.8260440291,-24.6476831638,0.328362184081
-28.7,69.29,60,-28.7012574274,69.2909649383,-28.7103342827,69.2615112373,-19.3652235271,17.3340715111,0.0397285506915,0.0455456569834,48.0499992371,1001.25016756,-0.0588291757549,0.376430910537,5.44586245921,3,74.9762644675,112.515021874,24.3557429837,-23.6942562533,1,-52.6705716394,24.3253322424,60,-28.7012574274,69.2909649383,-28.5404040718,69.2820748943,-57.7447754406,50.9858301809,0.0400219052704,0.0457247149262,47.7399991353,2999.45604968,-0.0537773908353,0.0984879273142,2.62617437977,3,74.930371454,112.388966834,24.4668148705,-23.2731842649,1,-51.7662460345,24.4712519189,0.421071988482
-28.05,-10.64,13,-28.0504872806,-10.6381466113,-28.0344846454,-10.6675707569,3.35634264862,16.0699771642,0.0386189140083,-0.00868195186983,-8.28999996185,993.774624401,-0.0640973566069,0.6518437774,1.33558801181,3,29.9954895807,-159.167377822,-3.93218426476,4.3578156971,1,24.2137276749,-3.95681693636,13,-28.0504872806,-10.6381466113,-27.9790969127,-10.5860880543,9.75182523594,48.4512590585,0.038640528303,-0.00798290653118,-9.08000008265,3001.6778312,-0.0568124193412,1.18000006676,7.66175676848,3,29.9147977487,-159.275511045,-3.79443930338,5.28556077927,1,29.4478606857,-3.7923183467,0.927745082173
-27.88,-53.13,41,-27.8833903226,-53.1273615392,-27.8534374116,-53.0593275994,15.2459399005,16.1189565299,0.0397478722779,-0.0370619522956,-38.776667277,1000.38744184,-0.0611257187973,0.683397741245,4.46734667802,3,59.9258393428,-117.697179044,-18.8477888711,19.9288784059,1,55.4265033371,-18.8404892773,41,-27.8833903226,-53.1273615392,-27.695459905,-53.2828443952,46.2858272973,49.1677700132,0.0395504795954,-0.0370534845146,-38.7266667684,2992.08333181,-0.0614570256542,0.237137145078,3.59813684818,3,60.0508118696,-117.464595842,-18.8014520685,19.9252146999,1,55.3009861691,-18.8511982959,-0.00366370601974
-27.88,53.13,31,-27.8833903226,53.1273615392,-27.805071754,53.1634721376,-14.8848242,16.8909409889,0.0390549668705,0.0348711030352,35.7699991862,1000.087437,-0.0613884657424,0.125299616506,2.8903870734,3,59.9956397163,117.610054473,18.2753469905,-17.4946521957,1,-48.5997879134,18.2737491888,31,-27.8833903226,53.1273615392,-27.7508649187,52.9933170527,-44.3231981383,50.3581708382,0.0396520516518,0.0350504460204,35.8599993388,3000.9183536,-0.0523212522853,0.0556778902801,3.23908826126,3,59.8197472077,117.639578642,18.443843627,-17.4161557118,1,-48.5239867122,18.4381993647,0.0784964838517
-27.64,-35.51,19,-27.639572071,-35.5113229228,-27.6100010876,-35.5189193395,10.3243380378,16.1508811004,0.0394053401741,-0.0253066817158,-25.9766674042,998.955745764,-0.0603172666584,0.498631219192,5.6860997714,3,44.9878404805,-127.859074616,-12.5901156533,13.3865517509,1,49.5932219607,-12.6032766783,19,-27.639572071,-35.5113229228,-27.3170457838,-35.617364813,31.3581797698,48.9950271967,0.0392724378099,-0.025171428727,-26.2833328247,2993.80172794,-0.0587242724849,0.169213777694,2.63668846888,3,44.8867203812,-127.486714192,-12.5183388933,13.7649939314,1,51.1101197804,-12.5442564648,0.378442180509
-24.69,17.04,10,-24.6895159768,17.0419424019,-24.7917376303,16.9515481621,-4.60051775338,16.440054851,0.038843051511,0.0103910679797,10.6499999364,994.974574187,-0.0562345833573,0.507444540667,5.30848151068,3,30.0330691043,145.637320513,5.49637493702,-5.1536249994,1,-28.5997244211,5.52413607303,10,-24.6895159768,17.0419424019,-24.4610030297,16.9452641594,-13.7148925879,49.958504902,0.0396208688955,0.0107193102694,10.7466665904,3001.90044911,-0.0561909903498,0.762714715296,1.11810926205,3,29.7570604505,145.28787003,5.60154702383,-5.14511956655,1,-28.8173601416,5.59800078529,0.00850543285827
-21.42,39.58,26,-21.4176326867,39.5763188043,-21.4450045774,39.4254319943,-11.0827165325,17.3213449045,0.0404104520804,0.025946075013,25.2466665904,996.798927367,-0.0574633407803,0.722311134161,5.3155067976,3,44.8804290227,118.543465166,12.8976793667,-12.3489872237,1,-45.8588427541,12.9390983603,26,-21.4176326867,39.5763188043,-21.5532239764,39.6451474474,-33.0858098721,51.950058243,0.0410250567571,0.0261573358299,25.1833324432,2999.48921633,-0.0518425218031,0.460579382312,3.37070373032,3,45.1251501925,118.530869985,13.1413160516,-12.0420163916,1,-44.4763668014,13.1435538892,0.306970832135
-19.89,-22.46,14,-19.8936797472,-22.4553224451,-19.8436347258,-22.5123544478,6.82076415039,17.253631792,0.0417274546634,-0.0167571068363,-15.6700003942,1000.88778719,-0.0634705018478,0.600999562852,5.20157388285,3,30.0095974967,-131.394736119,-7.63143094025,8.03856945394,1,44.6444366941,-7.62466186312,14,-19.8936797472,-22.4553224451,-19.8769039157,-22.4013495926,20.400300408,51.7794640614,0.0413830525561,-0.016392218628,-16.4533335368,2992.82901685,-0.0621950684809,0.38553016226,4.50257949858,3,29.948485318,-131.582911028,-7.51717669292,8.93615684386,1,49.7307111916,-7.53518826229,0.897587389923
-15,0,4,-15,0,-15.0638301964,-0.0894874535743,0.602882291745,17.5919402699,0.0419998001436,-0.00179889790815,-0.333333333333,1000.88842958,-0.0591177967143,1.15179570865,2.19052142238,3,15.0640959964,-179.659635496,-0.185140486767,0.148192846566,1,1.63958114493,-0.184976148484,4,-15,0,-15.0435922133,-0.0257343947527,1.48419155011,53.2947100327,0.0424107874996,-0.00130079521161,-1.32000001272,2995.1237641,-0.059621892139,2.15543502175,3.18993883749,3,15.0436142246,-179.90198679,-0.123960291982,1.19603972073,1,13.2508020001,-0.124162106556,1.04784687417
-14.9,-98.88,87,-14.9042266176,-98.8830826225,-14.8750931019,-98.6793885943,26.8629806412,17.5333751468,0.0442136467269,-0.0644857590178,-65.6733322144,996.736024772,-0.0587677333923,0.535194599266,7.41391288076,3,99.7942389526,-98.5723190045,-31.933243774,33.7400884403,1,56.3494259028,-32.0378144066,87,-14.9042266176,-98.8830826225,-15.2826874848,-98.9226404736,80.8315463687,55.0687974844,0.0446095580096,-0.0644453165745,-66.036664327,3007.83336579,-0.0587043253814,0.056862925838,5.55825420182,3,100.096200403,-98.782268336,-32.3867574104,33.6499069166,1,56.0292778036,-32.3024118743,-0.0901815237184
-14.9,98.88,107,-14.9042266176,98.8830826225,-14.9485355391,98.8850536107,-26.4721232494,19.9359559995,0.0452328823768,0.0628406690407,64.0033315023,997.276468956,-0.0552383345237,0.275376172432,3.5792311398,3,100.008562345,98.5963617135,32.4733918395,-31.5299396628,1,-52.5454003194,32.5620756634,107,-14.9042266176,98.8830826225,-14.9603519937,98.9982822991,-79.8809094038,58.5405630678,0.0457972966189,0.063448157253,63.5333340963,3001.57644533,-0.0516031565619,0.343559387257,4.14377472753,3,100.122285381,98.5933625811,32.8983627904,-30.6349713059,1,-50.9959249486,32.8810843797,0.894968356877
-14.81,-88.77,83,-14.8135131253,-88.7725173062,-14.867694002,-88.4916709197,24.8534529443,17.5571239599,0.0440271289978,-0.0596881883836,-59.1433321635,1004.17051907,-0.0618003596967,0.500832932018,6.78553946131,3,89.7319572232,-99.5373241983,-28.7007595874,30.4425725761,1,56.5435353582,-28.5815596479,83,-14.8135131253,-88.7725173062,-15.0656608374,-89.0220259028,74.6588194755,54.8518484802,0.0443581288901,-0.0595314895443,-59.3033332825,2999.06410905,-0.0586932010353,0.231156302501,4.26110525232,3,90.2878465371,-99.6054512511,-29.074390378,30.2289429044,1,55.8010556678,-29.0834633614,-0.213629671624
-14.81,88.77,65,-14.8135131253,88.7725173062,-14.7769063672,88.7498745915,-24.2229393009,19.760373755,0.0450556702209,0.0574752352354,57.6533330282,1001.37376594,-0.0563053229195,0.618574434695,2.01153761903,3,89.9716466548,99.4530635701,29.0879475074,-28.5653855207,1,-52.9155324349,29.0480422963,65,-14.8135131253,88.7725173062,-14.6976860689,88.7087443814,-73.0287656149,57.5771817479,0.0451125436642,0.057997484708,57.0166676839,3000.45988974,-0.0495087107023,0.0585949088436,2.25245389149,3,89.9180922034,99.4075743163,29.1258355639,-27.89083212,1,-51.6967376208,29.1213713573,0.674553400723
-14.63,-73.56,46,-14.6317741512,-73.5588960302,-14.5919933534,-73.6382994057,21.0629109571,17.8072623963,0.0442696924022,-0.0506323541016,-48.9300003052,994.863930389,-0.0648580728382,0.316068157045,2.30372194625,3,75.0701366017,-101.208398428,-23.9926310294,24.9373692758,1,55.3646017016,-24.1164950266,46,-14.6317741512,-73.5588960302,-14.745240825,-73.4523138339,63.4109186855,55.0341276051,0.0443792821769,-0.0505781446722,-49.0933329264,2999.97587215,-0.0629929526179,0.0907376219868,4.08213911393,3,74.9177184285,-101.351012252,-24.0332873151,25.0600456113,1,55.7501530501,-24.0334806072,0.122676335515
-14.63,73.56,61,-14.6317741512,73.5588960302,-14.845802711,73.6815328148,-20.4542184491,19.2817156173,0.0442726882525,0.0484764321659,46.8400001526,1005.17503066,-0.0580064409616,0.200000762939,5.97988906612,3,75.1622653734,101.391779912,23.890506482,-22.9494936705,1,-50.888775009,23.7675088947,61,-14.6317741512,73.5588960302,-14.6464598586,73.4883091722,-61.5891593944,56.6505065171,0.044496239321,0.0488945429682,46.7566668193,2999.5106176,-0.0530991893189,0.236923563335,0.628004045834,3,74.9336397847,101.271542671,23.9165121187,-22.8401547006,1,-50.8008480708,23.9204141953,0.109338969964
-14.62,3.34,5,-14.6239186827,3.33781400934,-14.5639441265,3.39841295223,-0.477847916257,17.5224940544,0.0417507420279,0.000793089313981,1.8133333226,1004.30084471,-0.0578664688205,1.43214291222,7.73040010791,3,14.9551890363,166.865383269,0.920620625573,-0.892712697032,1,-9.94875084118,0.916678135268,5,-14.6239186827,3.33781400934,-14.4297315912,3.22485043583,-1.73537668776,53.2719099405,0.0423667764305,0.00126614073441,-0.816666662693,2996.69126093,-0.0569106204657,1.00664459058,1.40282195011,3,14.785696268,167.402180999,0.929379530345,1.74604619304,1,19.6817040987,0.930405686892,2.63875889007
-14.61,-42.56,18,-14.6114761142,-42.5617758765,-14.6593204747,-42.4009907752,12.586843851,17.8945428551,0.0437323233375,-0.0303988417495,-28.2633330027,1001.17020182,-0.0575011583748,0.174737932435,4.37905309129,3,44.8635675744,-109.071834351,-13.7995212101,14.4638117926,1,53.7325814488,-13.7833918599,18,-14.6114761142,-42.5617758765,-14.7584253738,-42.4382189783,38.0587030297,54.1016548826,0.0433904416364,-0.0304035973917,-28.7166665395,2993.20080982,-0.0624743279289,0.0251656802567,0.739339453734,3,44.9312090819,-109.175763014,-13.7407337216,14.9759328179,1,55.5513384569,-13.7719464159,0.512121025281
-14.36,-58.26,42,-14.3589398573,-58.2565090456,-14.2568350956,-58.415295722,16.9932973088,17.9357063854,0.0442129073963,-0.0409088658585,-38.5300000509,1000.18196828,-0.0593134385861,0.808021485676,2.68389757505,3,60.1298937404,-103.71547956,-18.9956460887,19.5343539622,1,54.144876331,-18.9921901124,42,-14.3589398573,-58.2565090456,-14.5198793695,-58.1503224252,51.0170136525,54.6565022423,0.0439570080827,-0.0407135950517,-38.7933324178,3001.46053413,-0.062294803998,0.205020086036,3.4256802414,3,59.9356896603,-104.01982713,-18.8836240902,19.9097083276,1,55.3640867415,-18.8744351713,0.375354365381
-14.36,58.26,30,-14.3589398573,58.2565090456,-14.4397643797,58.1980975771,-16.5002301085,18.7719301003,0.0434253047663,0.0390466737771,36.6200002035,995.222707507,-0.0637931168014,0.579395968851,4.35402079093,3,59.9626997135,103.934496525,18.5465693595,-18.0734308439,1,-50.2352043583,18.6355970575,30,-14.3589398573,58.2565090456,-14.32428448,58.151990604,-49.117492229,55.8183726965,0.0439560908122,0.0389724693686,36.2966664632,3002.20826964,-0.0497680230468,0.0808291572578,1.34953396116,3,59.8902257224,103.83789248,18.6863215082,-17.6103449551,1,-49.007287201,18.6725768133,0.463085888857
-13.94,26.56,9,-13.9416951613,26.5636807696,-14.0161330476,26.7279719387,-7.41209255207,17.8530202087,0.041982862902,0.0173604569961,15.6033331553,998.586067466,-0.0642584708353,0.292631536399,2.46560721888,3,30.1800674214,117.67249069,8.19265953945,-7.41067361587,1,-40.9247683931,8.20425980931,9,-13.9416951613,26.5636807696,-13.9278788388,26.517951264,-22.0692894003,54.1981529234,0.0429184965699,0.0174513479547,15.7100000381,3001.85837622,-0.0518425218031,0.160935015909,1.66464834787,3,29.953089126,117.709557424,8.28702516151,-7.42297487664,1,-41.3033351664,8.28189486936,-0.0123012607724
-11.73,-9.35,3,-11.727472237,-9.35234702788,-11.7356003594,-9.30553056108,3.22838129371,18.2430086973,0.0437741283436,-0.0079873594373,-7.11333322525,998.419273287,-0.0559718364122,0.182300180407,6.13486104003,3,14.9772232012,-141.587982854,-3.00646768422,4.10686554103,1,45.7012345329,-3.01122761214,3,-11.727472237,-9.35234702788,-11.8243440013,-9.52380037833,9.1951205309,54.8051138016,0.0436883118365,-0.00741133956392,-6.33000008265,2998.7898405,-0.0583851717266,0.407308188153,1.57260146601,3,15.1828154407,-141.150638957,-3.02227793587,3.30772214678,1,36.3099338602,-3.02349757397,-0.799143394249
-7.41,44.39,27,-7.40675656263,44.3862586531,-7.41876705799,44.417490383,-12.6539045029,19.2240110012,0.0448335561803,0.0300318617485,25.9233328501,997.621795469,-0.0594279693057,0.290057441022,1.29297787609,3,45.0327831317,99.4822164843,13.2851606226,-12.6381722275,1,-46.7739697936,13.3168307699,27,-7.40675656263,44.3862586531,-7.41557918287,44.3433291454,-38.0525486807,57.6501552491,0.0455236628882,0.0302222447947,25.816666921,2999.37951109,-0.0476935242905,0.177857741784,1.66320694068,3,44.9591109155,99.4937792372,13.4567173003,-12.3599496207,1,-45.8192246576,13.459501124,0.278222606838
-7.18,-29.13,15,-7.17946992863,-29.1282545228,-7.23553374711,-29.1354204613,8.86593272415,18.9483105898,0.0459313163319,-0.0213385909168,-18.5966663361,1002.73937574,-0.0611332200275,0.355293510778,3.90335663615,3,30.0204209507,-103.946772778,-8.95574585018,9.64092048588,1,53.5242355068,-8.93127971922,15,-7.17946992863,-29.1282545228,-7.10009586894,-29.063564463,26.2961771095,56.7924335436,0.0454252631408,-0.0209823336247,-18.9299996694,2993.4927821,-0.0641099904098,0.0793721932962,4.20591625766,3,29.9182576472,-103.728211328,-8.815179863,10.1148198064,1,56.3469745111,-8.83434219289,0.473899320513
-6.51,13.51,6,-6.50825608676,13.5145330185,-6.49677709425,13.358411976,-3.57963580967,18.4823912913,0.0438045504179,0.00839065187536,6.62333345413,995.698513012,-0.0642573928991,1.22066924268,0.793942354315,3,14.8544701398,115.935671349,3.8380285549,-2.78530489923,1,-31.2510294098,3.85460910581,6,-6.50825608676,13.5145330185,-6.40380924985,13.5300070946,-10.8349152767,56.4945589508,0.0448492731986,0.00857119172647,6.91000008583,3003.44746247,-0.0587043253814,2.58232453942,3.50840312551,3,14.9689633872,115.328390631,3.97019556854,-2.93980451729,1,-32.7322211214,3.96563843865,-0.154499618058
0,-100,86,0,-100,-0.0279790553764,-100.239087263,27.3149347346,19.4522341915,0.0488318203207,-0.0652102711994,-60.066666921,1000.74576248,-0.058626254268,0.308923427049,2.98613906159,3,100.239091168,-90.0159925812,-29.3800897209,30.6865772001,1,51.0223055072,-29.3581954802,86,0,-100,0.0676494312332,-100.392077758,82.2463891187,60.6301991352,0.0490468742362,-0.0654490585615,-59.6299997965,2993.46131185,-0.0606216409627,0.0435895495441,5.62126344726,3,100.392100551,-89.9613911138,-29.5169401233,30.1130596733,1,49.9924122647,-29.5814146718,-0.573517526786
0,-90,84.5,0,-90,-0.0358714385571,-90.0140644278,25.2518195533,19.5393072232,0.0487955874327,-0.060285134927,-53.7566661835,1001.84602216,-0.0639990924407,0.506769343102,4.90832465671,3,90.0141547542,-90.0226686707,-26.3669051398,27.3897610437,1,50.714906429,-26.3184211342,84.5,0,-90,0.0101531803186,-90.0617588824,75.7952090859,60.6159895391,0.0489533605332,-0.0603158301471,-54.3150005341,2996.02730173,-0.0615268405162,0.542739198887,3.06241985347,3,90.0621518644,-89.9937023143,-26.4495564039,27.8654441301,1,51.5668901007,-26.4846320855,0.475683086435
0,-75,45,0,-75,-0.0264102861902,-74.9038933549,21.7352099409,19.6056199512,0.0485931686469,-0.0518896220176,-44.8133341471,998.482186777,-0.0610381364822,0.236291480891,2.84230126926,3,74.9038980109,-90.0202018587,-21.8471276512,22.9662064959,1,51.1014938381,-21.8803379174,45,0,-75,0.18234468651,-75.1259180131,65.031529381,60.5698116462,0.0487977576885,-0.0517489957361,-45.1766662598,3005.80474686,-0.0621751213775,0.104081711788,4.88705867238,3,75.1261393052,-89.8609326753,-21.9392411336,23.2374251262,1,51.5520193573,-21.8968725328,0.27121863029
0,-60,43.5,0,-60,0.0344573644721,-59.9077500038,17.7345773492,19.7258367918,0.048522158662,-0.0423373621225,-35.6149997711,999.259803445,-0.0623634365648,0.233334582424,4.28053973113,3,59.9077627305,-89.9670391591,-17.4323720707,18.1826277004,1,50.585278287,-17.4453057546,43.5,0,-60,-0.0834566173276,-60.0872937971,53.0322544266,60.2742471397,0.0484428813584,-0.0422023913032,-36.0650005341,2998.4874905,-0.0640700962029,0.111589695248,1.42936890666,3,60.0874226061,-90.0796293498,-17.4859979811,18.5790025529,1,51.5333340934,-17.4948240949,0.39637485249
0,-45,17,0,-45,0.197038183091,-44.800243012,13.4134342989,19.8317395817,0.0484143177871,-0.0320175116476,-26.9633337657,999.835745031,-0.0605377737522,0.649333288562,3.30359258964,3,44.8006763116,-89.7480061995,-12.9759871788,13.9873465869,1,52.0354740837,-12.9781188993,17,0,-45,0.149889444202,-45.077086158,40.2173385963,59.9156629342,0.0480380816771,-0.0320027483957,-27.1100006104,2996.32096471,-0.0615168669645,0.0754981776143,1.28454403491,3,45.077335362,-89.8094818981,-12.9637192347,14.1462813756,1,52.3037474081,-12.9796367486,0.158934788752
0,-30,16,0,-30,0.0638676020843,-30.1119793069,9.21543289312,19.9545394957,0.0483568245208,-0.0219987007384,-18.1666666667,994.00049691,-0.0595829226323,0.556446447537,5.37780227903,3,30.1120470385,-89.8784756551,-8.72828817031,9.43837849636,1,52.2403236391,-8.7809696247,16,0,-30,-0.135985684062,-30.0755027116,27.4037526711,59.6107321582,0.0476760466677,-0.021808295624,-18.480000178,2998.98540508,-0.0639903077892,0.0556780615679,4.7493410649,3,30.075810138,-90.2590597654,-8.62108012097,9.85892005705,1,54.6337184369,-8.62399674207,0.420541560692
0,-15,2,0,-15,-0.0317035060469,-15.0977804741,4.82335973789,20.0525015932,0.0482322542077,-0.0115156800344,-8.89333343506,1000.86268311,-0.0622230129197,0.408085036685,5.84052112199,3,15.0978137608,-90.1203140041,-4.37139043937,4.52194299569,1,49.9182979661,-4.36762256514,2,0,-15,-0.0189859778492,-15.0660178113,14.4432217087,59.5531570944,0.0475107882019,-0.0114937017312,-9.57666651408,3000.32282365,-0.0580460709684,0.449592389336,2.60086190021,3,15.0660297742,-90.0722032748,-4.29609960267,5.28056691141,1,58.4158201215,-4.29563735823,0.758623915725
0,0,1,0,0,0.0349617799075,0.0362393057248,0.122564022746,19.5614730877,0.0466987118912,-0.000291765399965,-1.41000000636,1002.86210987,-0.0591315368548,0.72131827694,4.31678226263,3,0.0503548739817,46.0279194984,0.0102151772093,1.42021518357,0,,0.0101860236903,1,0,0,-0.0276115100508,0.0228376580561,0.833811842841,58.9651841135,0.0469228208737,-0.000663746107399,-1.5833332936,3001.13834947,-0.0583452775198,1.54305970123,1.62734926895,3,0.0358323054349,140.405629965,0.00631968183496,1.58965297543,0,,0.00631728474239,0.169437791865
0,15,7,0,15,-0.042824380999,14.9558190653,-4.37510312012,19.3338591254,0.0457991448529,0.0104437669648,7.00333340963,991.656451848,-0.0628116559048,0.180092401453,5.17389258459,3,14.9558803767,90.1640598602,4.11246582972,-2.89086757991,1,-32.2155066224,4.14706708362,7,0,15,0.0421205498864,14.9203261109,-12.8562064693,59.0054005091,0.046836273618,0.0102309792297,6.94666671753,3001.96299884,-0.0517228391825,1.94947000834,9.63362933708,3,14.9203855646,89.838252642,4.19028925037,-2.75637746716,1,-30.7898373362,4.18754919896,0.134490112748
0,30,8,0,30,-0.0427765195611,29.909894522,-8.67800268468,19.7775143643,0.0465012914632,0.0207161841373,16.7933336894,992.962519697,-0.0629778826474,0.74500643017,7.16584733209,3,29.909925111,90.0819431964,8.35040933435,-8.44292435502,1,-47.0463919233,8.40959167008,8,0,30,-0.133472101093,29.9746485008,-25.490935021,59.7573993069,0.0473148967562,0.0202839794259,15.5266666412,3003.25216565,-0.0535579726977,0.341955227083,2.61467216502,3,29.9749456638,90.255126846,8.52572846682,-7.00093817442,1,-38.9266103151,8.51649611478,1.44198618061
0,45,28,0,45,0.0124522403242,44.9616263325,-12.8719638038,20.3289317516,0.0474583698786,0.0307298472755,25.1666666667,1000.29908847,-0.0587390333414,0.500133169115,1.15208479821,3,44.9616280568,89.984131784,12.8005370243,-12.3661296423,1,-45.8395680079,12.7967096761,28,0,45,-0.0229949013479,44.8695811158,-38.6263009981,60.5819016673,0.0478524847799,0.0307376506984,24.7866668701,2998.8791004,-0.0539768618696,0.105039234403,2.68725868158,3,44.8695870081,90.0293631153,12.88696654,-11.8997003301,1,-44.2010618014,12.8917833383,0.46642931225
0,60,29,0,60,-0.110755134007,60.1299263349,-17.1443326132,20.7003903827,0.0479830455495,0.0409264351369,34.0900001526,1005.86297553,-0.0596502936439,0.433474357155,4.51020173621,3,60.1300283365,90.1055347137,17.3384988422,-16.7515013104,1,-46.4313249521,17.2374361756,29,0,60,-0.0486112810895,60.0533062704,-51.4567180723,61.6999689495,0.0486213862076,0.0409475683462,33.8700002035,3001.82283176,-0.0515425173675,0.0300006866657,2.00675597316,3,60.053325945,90.0463791389,17.5311930658,-16.3388071376,1,-45.3452740558,17.5205473957,0.412694172788
0,75,62.5,0,75,-0.0520391315719,74.9593540407,-21.0465782426,21.2134305231,0.0488538121564,0.0502437620945,43.3466663361,997.368436307,-0.0581580257376,0.870493927903,1.65958658949,3,74.9594074481,90.0397122296,21.9879191561,-21.35874718,1,-47.4896220182,22.0459523849,62.5,0,75,-0.135243401289,75.0067802235,-63.1816778824,62.452332274,0.0491011019532,0.0502773055063,42.9450003306,3001.90968433,-0.0482819638416,0.252764000381,0.860384946739,3,75.0069024115,90.1033042824,22.1382808104,-20.8067195202,1,-46.2329255187,22.1241964602,0.552027659764
0,90,64,0,90,0.0758687740462,89.850417878,-24.5736558666,21.619675617,0.0494681529158,0.0586670932486,52.8466669718,1001.20559189,-0.0587475220889,0.466939482554,2.34920079387,3,89.8504499094,89.9516200412,26.6416992642,-26.2049677077,1,-48.6084891322,26.6096189233,64,0,90,-0.204255521056,90.0219167087,-74.0650240329,63.5853306575,0.0498832267598,0.0589374480115,52.5699996948,3001.25087621,-0.051463526838,0.286183311995,2.31558052398,3,90.0221484315,90.1300012224,27.0157319021,-25.5542677927,1,-47.3110751778,27.0044721516,0.650699914981
0,100,108.5,0,100,-0.10037139154,99.9763972687,-26.6178404231,21.8536355959,0.0497849512715,0.0635430169761,58.7933336894,998.480559172,-0.0578606950066,0.537811952316,3.56520578792,3,99.9766861023,90.0575292717,29.9019054649,-28.8914282245,1,-48.1635973178,29.947393264,108.5,0,100,-0.242559049079,100.055657724,-80.7002534933,64.0360473925,0.0501620497674,0.0642172910376,57.9283332825,3000.99010836,-0.0541962800073,0.564313252286,3.14789125694,3,100.056021917,90.1390910597,30.2072219943,-27.7211112881,1,-46.1752930785,30.1972610465,1.17031693635
