op_index,id_req,iq_req,id,iq,ud,uq,psi_d,psi_q,can,speed,exc,can_sd,speed_sd,n_raw,I,angle_deg,map,eM,valid,epsi_mWb,id_key,iq_key,map_actual_speed
1,0,0,0.0349617799075,0.0362393057248,0.122564022746,19.5614730877,0.0466987118912,-0.000291765399965,-1.41000000636,1002.86210987,-0.0591315368548,0.72131827694,4.31678226263,3,0.0503548739817,46.0279194984,0.0102151772093,1.42021518357,False,,0,0,0.0101860236903
2,0,-15,-0.0317035060469,-15.0977804741,4.82335973789,20.0525015932,0.0482322542077,-0.0115156800344,-8.89333343506,1000.86268311,-0.0622230129197,0.408085036685,5.84052112199,3,15.0978137608,-90.1203140041,-4.37139043937,4.52194299569,True,49.9182979661,0,-15,-4.36762256514
3,-11.727472237,-9.35234702788,-11.7356003594,-9.30553056108,3.22838129371,18.2430086973,0.0437741283436,-0.0079873594373,-7.11333322525,998.419273287,-0.0559718364122,0.182300180407,6.13486104003,3,14.9772232012,-141.587982854,-3.00646768422,4.10686554103,True,45.7012345329,-11.73,-9.35,-3.01122761214
4,-15,0,-15.0638301964,-0.0894874535743,0.602882291745,17.5919402699,0.0419998001436,-0.00179889790815,-0.333333333333,1000.88842958,-0.0591177967143,1.15179570865,2.19052142238,3,15.0640959964,-179.659635496,-0.185140486767,0.148192846566,True,1.63958114493,-15,0,-0.184976148484
5,-14.6239186827,3.33781400934,-14.5639441265,3.39841295223,-0.477847916257,17.5224940544,0.0417507420279,0.000793089313981,1.8133333226,1004.30084471,-0.0578664688205,1.43214291222,7.73040010791,3,14.9551890363,166.865383269,0.920620625573,-0.892712697032,True,-9.94875084118,-14.62,3.34,0.916678135268
6,-6.50825608676,13.5145330185,-6.49677709425,13.358411976,-3.57963580967,18.4823912913,0.0438045504179,0.00839065187536,6.62333345413,995.698513012,-0.0642573928991,1.22066924268,0.793942354315,3,14.8544701398,115.935671349,3.8380285549,-2.78530489923,True,-31.2510294098,-6.51,13.51,3.85460910581
7,0,15,-0.042824380999,14.9558190653,-4.37510312012,19.3338591254,0.0457991448529,0.0104437669648,7.00333340963,991.656451848,-0.0628116559048,0.180092401453,5.17389258459,3,14.9558803767,90.1640598602,4.11246582972,-2.89086757991,True,-32.2155066224,0,15,4.14706708362
8,0,30,-0.0427765195611,29.909894522,-8.67800268468,19.7775143643,0.0465012914632,0.0207161841373,16.7933336894,992.962519697,-0.0629778826474,0.74500643017,7.16584733209,3,29.909925111,90.0819431964,8.35040933435,-8.44292435502,True,-47.0463919233,0,30,8.40959167008
9,-13.9416951613,26.5636807696,-14.0161330476,26.7279719387,-7.41209255207,17.8530202087,0.041982862902,0.0173604569961,15.6033331553,998.586067466,-0.0642584708353,0.292631536399,2.46560721888,3,30.1800674214,117.67249069,8.19265953945,-7.41067361587,True,-40.9247683931,-13.94,26.56,8.20425980931
10,-24.6895159768,17.0419424019,-24.7917376303,16.9515481621,-4.60051775338,16.440054851,0.038843051511,0.0103910679797,10.6499999364,994.974574187,-0.0562345833573,0.507444540667,5.30848151068,3,30.0330691043,145.637320513,5.49637493702,-5.1536249994,True,-28.5997244211,-24.69,17.04,5.52413607303
11,-29.7812662229,3.61610040766,-29.8220096144,3.61888732787,-0.780350053358,15.7686853189,0.0375585686475,0.00115100048855,1.25666669011,993.808157817,-0.0584070768653,1.42243928877,8.33016200083,3,30.0407823289,173.081013158,1.0214722546,-0.235194435509,True,-1.30486190924,-29.78,3.62,1.02783645573
12,-30,0,-30.022002702,-0.0920401601735,0.350938897743,15.7810585273,0.0376766993746,-0.00155452742422,-0.873333359758,1004.14449178,-0.0636656059335,0.707766467545,2.96771717409,3,30.0221437881,-179.824345622,-0.300826775852,0.572506583906,True,3.17824618581,-30,0,-0.299585147669
13,-28.0504872806,-10.6381466113,-28.0344846454,-10.6675707569,3.35634264862,16.0699771642,0.0386189140083,-0.00868195186983,-8.28999996185,993.774624401,-0.0640973566069,0.6518437774,1.33558801181,3,29.9954895807,-159.167377822,-3.93218426476,4.3578156971,True,24.2137276749,-28.05,-10.64,-3.95681693636
14,-19.8936797472,-22.4553224451,-19.8436347258,-22.5123544478,6.82076415039,17.253631792,0.0417274546634,-0.0167571068363,-15.6700003942,1000.88778719,-0.0634705018478,0.600999562852,5.20157388285,3,30.0095974967,-131.394736119,-7.63143094025,8.03856945394,True,44.6444366941,-19.89,-22.46,-7.62466186312
15,-7.17946992863,-29.1282545228,-7.23553374711,-29.1354204613,8.86593272415,18.9483105898,0.0459313163319,-0.0213385909168,-18.5966663361,1002.73937574,-0.0611332200275,0.355293510778,3.90335663615,3,30.0204209507,-103.946772778,-8.95574585018,9.64092048588,True,53.5242355068,-7.18,-29.13,-8.93127971922
16,0,-30,0.0638676020843,-30.1119793069,9.21543289312,19.9545394957,0.0483568245208,-0.0219987007384,-18.1666666667,994.00049691,-0.0595829226323,0.556446447537,5.37780227903,3,30.1120470385,-89.8784756551,-8.72828817031,9.43837849636,True,52.2403236391,0,-30,-8.7809696247
17,0,-45,0.197038183091,-44.800243012,13.4134342989,19.8317395817,0.0484143177871,-0.0320175116476,-26.9633337657,999.835745031,-0.0605377737522,0.649333288562,3.30359258964,3,44.8006763116,-89.7480061995,-12.9759871788,13.9873465869,True,52.0354740837,0,-45,-12.9781188993
18,-14.6114761142,-42.5617758765,-14.6593204747,-42.4009907752,12.586843851,17.8945428551,0.0437323233375,-0.0303988417495,-28.2633330027,1001.17020182,-0.0575011583748,0.174737932435,4.37905309129,3,44.8635675744,-109.071834351,-13.7995212101,14.4638117926,True,53.7325814488,-14.61,-42.56,-13.7833918599
19,-27.639572071,-35.5113229228,-27.6100010876,-35.5189193395,10.3243380378,16.1508811004,0.0394053401741,-0.0253066817158,-25.9766674042,998.955745764,-0.0603172666584,0.498631219192,5.6860997714,3,44.9878404805,-127.859074616,-12.5901156533,13.3865517509,True,49.5932219607,-27.64,-35.51,-12.6032766783
20,-37.6724915218,-24.6126671155,-37.7246130024,-24.6574940541,7.10593255042,14.8161867478,0.0359596946896,-0.0178647731555,-19.6566670736,1001.50647155,-0.0587407849877,0.341516345816,8.8804767148,3,45.0681532705,-146.830638185,-9.36370566998,10.2929614036,True,38.0644300415,-37.67,-24.61,-9.34962073239
21,-43.6230119673,-11.0468469213,-43.5325790002,-11.038211136,3.18604017212,14.1300025811,0.0339964142301,-0.00864537440425,-10.1666663488,999.743206569,-0.060564899449,0.235442981791,5.62351411659,3,44.9102164267,-165.771831557,-4.50969025427,5.6569760945,True,20.9936496437,-43.62,-11.05,-4.51084861057
22,-45,0,-44.9077768262,-0.0470159136683,0.0626987339152,14.0095429059,0.0334464424813,-0.0012217764012,-1.25,1003.19205722,-0.0603711634677,0.306431091796,0.664190717053,3,44.9078014377,-179.940014567,-0.338638662052,0.911361337948,True,3.38234229826,-45,0,-0.337561147554
23,-44.8463021853,3.71607054625,-44.8106177734,3.75740016543,-0.906214189807,13.9943464386,0.0333193398443,0.00109365231887,1.35666665435,997.333324349,-0.0619015048601,1.46950102534,5.68030277219,3,44.9678721004,175.206922987,1.04520797449,-0.311458679862,True,-1.15437483591,-44.85,3.72,1.04800265766
24,-41.2097996995,18.0762941094,-41.1769208698,18.0418502641,-5.01415462991,14.4729422208,0.034120886985,0.010987385847,12.4133335749,999.477543507,-0.0583837186264,0.383710088984,1.00222415451,3,44.9560582488,156.33915775,6.40818390869,-6.00514966624,True,-22.2630345429,-41.21,18.08,6.41153365608
25,-33.1075759803,30.4776707232,-33.1686566591,30.5771590232,-8.3223833847,15.6473185228,0.0366252454349,0.0190763834603,20.5899995168,1001.49458862,-0.0615973158783,0.432088066132,5.02570381986,3,45.1123313352,137.327998428,10.5158038033,-10.0741957135,True,-37.218928156,-33.11,30.48,10.5001104577
26,-21.4176326867,39.5763188043,-21.4450045774,39.4254319943,-11.0827165325,17.3213449045,0.0404104520804,0.025946075013,25.2466665904,996.798927367,-0.0574633407803,0.722311134161,5.3155067976,3,44.8804290227,118.543465166,12.8976793667,-12.3489872237,True,-45.8588427541,-21.42,39.58,12.9390983603
27,-7.40675656263,44.3862586531,-7.41876705799,44.417490383,-12.6539045029,19.2240110012,0.0448335561803,0.0300318617485,25.9233328501,997.621795469,-0.0594279693057,0.290057441022,1.29297787609,3,45.0327831317,99.4822164843,13.2851606226,-12.6381722275,True,-46.7739697936,-7.41,44.39,13.3168307699
28,0,45,0.0124522403242,44.9616263325,-12.8719638038,20.3289317516,0.0474583698786,0.0307298472755,25.1666666667,1000.29908847,-0.0587390333414,0.500133169115,1.15208479821,3,44.9616280568,89.984131784,12.8005370243,-12.3661296423,True,-45.8395680079,0,45,12.7967096761
29,0,60,-0.110755134007,60.1299263349,-17.1443326132,20.7003903827,0.0479830455495,0.0409264351369,34.0900001526,1005.86297553,-0.0596502936439,0.433474357155,4.51020173621,3,60.1300283365,90.1055347137,17.3384988422,-16.7515013104,True,-46.4313249521,0,60,17.2374361756
30,-14.3589398573,58.2565090456,-14.4397643797,58.1980975771,-16.5002301085,18.7719301003,0.0434253047663,0.0390466737771,36.6200002035,995.222707507,-0.0637931168014,0.579395968851,4.35402079093,3,59.9626997135,103.934496525,18.5465693595,-18.0734308439,True,-50.2352043583,-14.36,58.26,18.6355970575
31,-27.8833903226,53.1273615392,-27.805071754,53.1634721376,-14.8848242,16.8909409889,0.0390549668705,0.0348711030352,35.7699991862,1000.087437,-0.0613884657424,0.125299616506,2.8903870734,3,59.9956397163,117.610054473,18.2753469905,-17.4946521957,True,-48.5997879134,-27.88,53.13,18.2737491888
32,-39.7873594944,44.9106448903,-39.983862493,44.8801429049,-12.4434194903,15.1792210655,0.0351662864845,0.0287519314087,32.2866668701,995.415500327,-0.0613480431355,0.38396990147,4.3435486153,3,60.1077073845,131.697945844,16.3672874083,-15.9193794619,True,-44.1412595116,-39.79,44.91,16.4426688181
33,-49.3790319536,34.0838848039,-49.2752537733,34.3143904399,-9.55915292954,13.741433426,0.0319860600952,0.0216444365761,25.1299997965,1001.86391818,-0.0634113246878,0.353694951927,4.93411764084,3,60.0460492096,145.147348632,12.9847035588,-12.1452962377,True,-33.7110611983,-49.38,34.08,12.9605461613
34,-56.1009745611,21.2762932226,-56.1598683547,21.3816624387,-6.09606032851,12.6934962537,0.0297930405182,0.0132125539222,15.9566666285,1002.38202383,-0.057811065028,0.410528126307,12.1194861385,3,60.0924812457,159.156744574,8.27424014571,-7.68242648281,True,-21.3072315747,-56.1,21.28,8.25457754527
35,-59.5625324459,7.23220081532,-59.5031430686,7.0916719054,-2.09664077694,12.2253902543,0.0290166681572,0.00358482825074,4.74666666985,999.330474498,-0.0609256889452,1.57347804336,7.80166318976,3,59.9242508961,173.203463767,2.51451143184,-2.23215523801,True,-6.20826906367,-59.56,7.23,2.51619608928
36,-60,0,-59.718915829,-0.254448127923,-0.184598710523,12.1846176372,0.0290947064013,-0.000984987138519,-2.22666664918,993.921062876,-0.0578533740233,0.585178012947,2.9083369395,3,59.7194578981,-179.755877758,-0.397352745565,1.82931390362,True,5.10529836227,-60,0,-0.399783001293
37,-59.5625324459,-7.23220081532,-59.4051659499,-7.1564949019,1.76051203126,12.1847137582,0.0292597101026,-0.00562110675313,-7.18666664759,1001.26696922,-0.0600825761938,0.828633377669,1.67571266492,3,59.8346819229,-173.130724522,-3.25991847403,3.92674817356,True,10.937770669,-59.56,-7.23,-3.25579348389
38,-56.1009745611,-21.2762932226,-55.9451185196,-21.2945022229,5.63417434696,12.6125777929,0.0306186803065,-0.0147861917865,-18.7733332316,1002.49270016,-0.0669978659937,0.151437075601,4.81010258775,3,59.8607727238,-159.161573896,-8.87534884681,9.8979843848,True,27.5583489666,-56.1,-21.28,-8.85328027363
39,-49.3790319536,-34.0838848039,-49.3256262173,-34.059886501,9.48757811465,13.3558505847,0.032697864491,-0.0238274869088,-28.3933334351,998.385399592,-0.0637060285404,0.410650690012,1.53599208542,3,59.9424162859,-145.374495163,-13.7339475981,14.6593858369,True,40.7596343993,-49.38,-34.08,-13.7561582969
40,-39.7873594944,-44.9106448903,-39.6032837692,-44.9300400218,12.6936621968,14.6270202378,0.0359920642976,-0.0312493450246,-35.27333196,1001.31661018,-0.0666195553068,0.400041284974,5.16287793342,3,59.892642133,-131.394349094,-17.1282094078,18.1451225522,True,50.4934660475,-39.79,-44.91,-17.105687885
41,-27.8833903226,-53.1273615392,-27.8534374116,-53.0593275994,15.2459399005,16.1189565299,0.0397478722779,-0.0370619522956,-38.776667277,1000.38744184,-0.0611257187973,0.683397741245,4.46734667802,3,59.9258393428,-117.697179044,-18.8477888711,19.9288784059,True,55.4265033371,-27.88,-53.13,-18.8404892773
42,-14.3589398573,-58.2565090456,-14.2568350956,-58.415295722,16.9932973088,17.9357063854,0.0442129073963,-0.0409088658585,-38.5300000509,1000.18196828,-0.0593134385861,0.808021485676,2.68389757505,3,60.1298937404,-103.71547956,-18.9956460887,19.5343539622,True,54.144876331,-14.36,-58.26,-18.9921901124
43,0,-60,0.0528184219455,-59.8879074641,17.7355951712,19.7077785482,0.0484785740753,-0.0423393536556,-35.8166656494,997.189697176,-0.0618090854246,0.295691425801,2.90635774013,3,59.8879307558,-89.9494677306,-17.4062643622,18.4104012872,True,51.2357026835,0,-60,-17.4553190947
44,0,-60,0.0160963069987,-59.9275925434,17.7335595271,19.7438950354,0.0485657432487,-0.0423353705894,-35.4133338928,1001.32990971,-0.062917787705,0.170977739046,5.65472172212,3,59.9275947051,-89.9846105876,-17.4584797791,17.9548541137,True,49.9348538906,0,-60,-17.4352924144
45,0,-75,-0.0264102861902,-74.9038933549,21.7352099409,19.6056199512,0.0485931686469,-0.0518896220176,-44.8133341471,998.482186777,-0.0610381364822,0.236291480891,2.84230126926,3,74.9038980109,-90.0202018587,-21.8471276512,22.9662064959,True,51.1014938381,0,-75,-21.8803379174
46,-14.6317741512,-73.5588960302,-14.5919933534,-73.6382994057,21.0629109571,17.8072623963,0.0442696924022,-0.0506323541016,-48.9300003052,994.863930389,-0.0648580728382,0.316068157045,2.30372194625,3,75.0701366017,-101.208398428,-23.9926310294,24.9373692758,True,55.3646017016,-14.63,-73.56,-24.1164950266
47,-28.7012574274,-69.2909649383,-28.7545832014,-69.1508093639,19.6698078292,15.9095372682,0.0396320764474,-0.0476446722933,-50.3633333842,996.733919928,-0.0607214927279,0.416692372459,4.10584075157,3,74.8909907183,-112.578725639,-24.66355714,25.6997762442,True,57.1937425265,-28.7,-69.29,-24.7443742476
48,-41.6677674765,-62.3602209227,-41.6174348706,-62.4270332413,17.4346088842,14.3709048835,0.0357983438721,-0.0426156058436,-48.7533340454,999.348793417,-0.0619948048465,0.366923158813,3.0644786887,3,75.0276306738,-123.689694358,-24.0500196213,24.7033144241,True,54.8760374506,-41.67,-62.36,-24.0656913579
49,-53.033008589,-53.033008589,-53.0369427485,-52.9409798318,14.677806714,12.8337255086,0.0319021355895,-0.0363068461249,-44.1233342489,1000.42942623,-0.0616175271817,0.410649768812,3.25247417375,3,74.9377384343,-135.051881264,-21.6872066168,22.436127632,True,49.8994856726,-53.03,-53.03,-21.677897559
50,-62.3602209227,-41.6677674765,-62.1879020221,-41.6502117794,11.2880552866,11.766726159,0.029085315046,-0.0284328737525,-36.8000017802,1002.74759878,-0.056797625358,0.409511869191,2.38356013856,3,74.8470126269,-146.187888254,-17.8775417908,18.9224599894,True,42.1358611504,-62.36,-41.67,-17.8285560719
51,-69.2909649383,-28.7012574274,-69.2877030333,-28.6639174956,7.61729187117,10.8722928803,0.0266399879434,-0.019839066879,-26.6866664886,1003.95757955,-0.0618263773176,0.790336754084,3.08462616696,3,74.9827043913,-157.52540647,-12.8292587452,13.8574077434,True,30.8013424694,-69.29,-28.7,-12.7786860786
52,-73.5588960302,-14.6317741512,-73.2865506818,-14.6829622022,3.58948502165,10.515726345,0.0254549773222,-0.0103188517857,-15.0133333206,997.508159347,-0.0594711316671,0.539660442287,5.11009577833,3,74.7429454188,-168.670785258,-6.77992514552,8.2334081751,True,18.3593874735,-73.56,-14.63,-6.79686184217
53,-75,0,-75.0467664892,0.0954411223756,-0.348085513693,10.3212958528,0.0246380003224,-0.000960616625627,-2.31333339214,997.684434116,-0.0595088145196,0.543721768856,10.2973235977,3,75.046827178,179.927133829,-0.418438159111,1.89489523303,True,4.20825082216,-75,0,-0.419409329045
54,-75,0,-74.982759724,-0.0534410990892,-0.395917577756,10.3554613161,0.024723118659,-0.00084489793516,-1.65000001589,1000.27990453,-0.0588573368377,0.0871780324738,10.2391127836,3,74.9827787681,-179.959164628,-0.388044056985,1.26195595891,True,2.80499064728,-75,0,-0.387935472089
55,-73.5588960302,14.6317741512,-73.8309976298,14.7280764584,-4.39674943882,10.5460074166,0.0248251312278,0.00873388086695,11.0466664632,997.407053888,-0.0611728785054,0.507674678563,2.32372710444,3,75.2856722569,168.718517475,6.06274541041,-4.98392105281,True,-11.0333544737,-73.56,14.63,6.07850665059
56,-69.2909649383,28.7012574274,-68.9035321454,28.6142171093,-8.26791759732,11.3450822149,0.0264012746,0.0180932486597,23.1700000763,1007.25909784,-0.0589024754155,0.50209519132,8.45451481604,3,74.6087807358,157.447895121,12.012843264,-11.1571568123,True,-24.9236901748,-69.29,28.7,11.9262693083
57,-62.3602209227,41.6677674765,-62.7942385803,41.7106117671,-11.4933271367,12.3261172633,0.0284306698674,0.0259391953755,33.2366663615,999.67932352,-0.0600208342075,0.0602766187887,2.23681789542,3,75.3849556136,146.406191663,16.8881559366,-16.3485104249,True,-36.1445027765,-62.36,41.67,16.8935733083
58,-53.033008589,53.033008589,-52.8234548901,52.9351735647,-14.7625266373,13.8346869784,0.0317641481007,0.0339818692091,41.3700002035,1000.41372559,-0.0565512271117,0.434049637168,6.66489098522,3,74.7826850738,134.939475329,20.8588825686,-20.5111176349,True,-45.7127154828,-53.03,53.03,20.850256284
59,-41.6677674765,62.3602209227,-42.1898543471,62.3952787117,-17.0884168018,15.4285868563,0.0353434603916,0.0397883814742,46.1366653442,997.031615253,-0.0564108117402,0.300722106774,3.19144850429,3,75.3203466225,124.065402533,23.3035864852,-22.833078859,True,-50.5243710872,-41.67,62.36,23.3729664423
60,-28.7012574274,69.2909649383,-28.7103342827,69.2615112373,-19.3652235271,17.3340715111,0.0397285506915,0.0455456569834,48.0499992371,1001.25016756,-0.0588291757549,0.376430910537,5.44586245921,3,74.9762644675,112.515021874,24.3557429837,-23.6942562533,True,-52.6705716394,-28.7,69.29,24.3253322424
61,-14.6317741512,73.5588960302,-14.845802711,73.6815328148,-20.4542184491,19.2817156173,0.0442726882525,0.0484764321659,46.8400001526,1005.17503066,-0.0580064409616,0.200000762939,5.97988906612,3,75.1622653734,101.391779912,23.890506482,-22.9494936705,True,-50.888775009,-14.63,73.56,23.7675088947
62,0,75,0.0208130444301,74.872792095,-21.0746758386,21.2446829832,0.0489304884232,0.0503125793815,43.3233337402,998.023267803,-0.0594144951034,0.935754020866,2.78024390313,3,74.8727949878,89.9840729918,21.9750907732,-21.348242967,True,-47.5211389542,0,75,22.0186156797
63,0,75,-0.124891307574,75.0459159864,-21.0184806466,21.1821780631,0.0487771358897,0.0501749448075,43.3699989319,996.713604811,-0.0569015563719,0.80523383494,0.538929275855,3,75.0460199083,90.0953514675,22.000747539,-21.3692513929,True,-47.4581050822,0,75,22.0732890901
64,0,90,0.0758687740462,89.850417878,-24.5736558666,21.619675617,0.0494681529158,0.0586670932486,52.8466669718,1001.20559189,-0.0587475220889,0.466939482554,2.34920079387,3,89.8504499094,89.9516200412,26.6416992642,-26.2049677077,True,-48.6084891322,0,90,26.6096189233
65,-14.8135131253,88.7725173062,-14.7769063672,88.7498745915,-24.2229393009,19.760373755,0.0450556702209,0.0574752352354,57.6533330282,1001.37376594,-0.0563053229195,0.618574434695,2.01153761903,3,89.9716466548,99.4530635701,29.0879475074,-28.5653855207,True,-52.9155324349,-14.81,88.77,29.0480422963
66,-29.2229522284,85.1235517531,-28.9087223742,85.0243902638,-23.3368818926,17.8726000393,0.0406378818334,0.0550225567336,59.8299992879,1001.80727136,-0.0609909767741,0.667307377717,7.59778992333,3,89.8045720943,108.778292772,30.2750576486,-29.5549416394,True,-54.8504768932,-29.22,85.12,30.220441111
67,-42.8352653733,79.1526376086,-43.1240555518,79.3524122534,-21.7006916761,15.8555705271,0.0359579870755,0.0507770742405,59.2666676839,1002.88288875,-0.0578245392304,0.277548458233,5.08206113096,3,90.3132852778,118.521861394,30.2583983071,-29.0082693768,True,-53.5326729387,-42.84,79.15,30.1714174672
68,-55.2791441421,71.0226458457,-55.3360516791,70.9827247828,-19.5664071994,14.1646168159,0.0321209440204,0.0453903054417,56.5200004578,999.400834301,-0.0571575662158,0.396863129208,3.24259247251,3,90.003476783,127.938934419,28.7505145009,-27.7694859569,True,-51.4229874768,-55.28,71.02,28.7677511506
69,-66.2151519606,60.9553414463,-66.2424374407,60.9442963339,-16.8841848781,12.4329224893,0.0282264781666,0.0387266005473,50.4200007121,993.169929193,-0.0552711778919,0.491527217078,2.59836916557,3,90.0125978611,137.385356656,25.7135235834,-24.7064771287,True,-45.7463320242,-66.22,60.96,25.8903565518
70,-75.3449830436,49.225334231,-75.0074517629,49.002232042,-13.6962659204,11.0877841503,0.0253002927142,0.0309067553394,42.0199991862,999.451440922,-0.0554665538254,0.791895482884,1.93833021272,3,89.5954048211,146.84348757,21.3480466475,-20.6719525387,True,-38.4542648142,-75.34,49.23,21.3597637398
71,-82.419599399,36.1525882188,-82.4646204808,36.2073736087,-10.2127834934,9.88144223787,0.0227258182826,0.0224125268386,31.2633336385,999.084794692,-0.0541729860802,0.0832667132812,7.11789496293,3,90.063241862,156.295377084,16.0264962773,-15.2368373612,True,-28.1965521231,-82.42,36.15,16.0411772479
72,-87.2460239345,22.0936938427,-86.9226343189,22.0527932814,-6.63678545721,9.04116215101,0.0210577130555,0.0137690331386,18.7166665395,1004.77819881,-0.0565916497186,0.885004935386,1.91529094414,3,89.6764743311,165.764084137,9.96733215252,-8.74933438699,True,-16.2609247153,-87.25,22.09,9.91993274166
73,-89.6926043706,7.43214109251,-89.7105463617,7.2476068736,-2.75398641653,8.57978182892,0.0203096964619,0.00443297673583,5.24333333969,996.232899782,-0.0577908537246,1.1918193812,2.57593725384,3,90.0028329215,175.381174388,3.26928876395,-1.97404457574,True,-3.65552303867,-89.69,7.43,3.28165107242
74,-90,0,-89.6096029193,-0.0837111421794,-0.795134876148,8.62826203354,0.0206004567503,-0.00024102699851,-1.63666665554,995.282223607,-0.0593403869907,0.185831486503,2.85976420204,3,89.6096420197,-179.946475672,-0.13993692836,1.49672972718,True,2.7837959053,-90,0,-0.140600248895
75,-89.6926043706,-7.43214109251,-89.5875788627,-7.60146293622,1.42322227473,8.57155396546,0.0206445493139,-0.00553643880446,-8.98333326976,995.780432802,-0.0589921958737,1.33331676594,3.71927963371,3,89.9094907407,-175.150097294,-3.91754954675,5.06578372301,True,9.39052462885,-89.69,-7.43,-3.93414995686
76,-87.2460239345,-22.0936938427,-87.0059106759,-22.2836428839,5.29838448344,8.8554000205,0.021672693082,-0.0147260743285,-21.9500001272,1000.64026887,-0.0590776400456,0.624260054539,2.10339214493,3,89.8141928245,-165.634403196,-10.5852123636,11.3647877635,True,21.0894429305,-87.25,-22.09,-10.5784393182
77,-82.419599399,-36.1525882188,-82.4189023151,-36.2119239387,9.4059261919,9.27966707682,0.0230180692869,-0.0244226010731,-35.25,994.067126962,-0.0591230711553,0.135277627948,10.9216249498,3,90.0232130851,-156.281027485,-17.0784752782,18.1715247218,True,33.6422945799,-82.42,-36.15,-17.1804044364
78,-75.3449830436,-49.225334231,-75.2565902553,-49.3648936245,13.0886918325,10.0563000996,0.0251861480763,-0.0330435688071,-45.6699994405,999.171182479,-0.0608494976498,0.0399990081939,6.87811758522,3,90.0024838513,-146.736950795,-22.3803470333,23.2896524072,True,43.1277956834,-75.34,-49.23,-22.3989116437
79,-66.2151519606,-60.9553414463,-66.2403150532,-60.9222393937,16.4876178125,11.1426561014,0.0280555432971,-0.040942659156,-54.1933339437,999.544049312,-0.0603442150631,0.695006314622,4.08370318667,3,89.9961031995,-137.394776006,-26.527567,27.6657669436,True,51.2351201146,-66.22,-60.96,-26.5396677798
80,-55.2791441421,-71.0226458457,-55.1612497694,-71.2721954955,19.4028995519,12.6306529147,0.0318549610205,-0.0476378884452,-59.5800005595,1001.51727763,-0.0621497581731,0.72642894858,2.39228736025,3,90.1248541018,-127.738146922,-29.3888308342,30.1911697253,True,55.832119464,-55.28,-71.02,-29.3443073731
81,-42.8352653733,-79.1526376086,-42.9797885321,-79.1622142871,21.8609070664,14.0680988902,0.0354749708306,-0.053215138171,-62.3866666158,998.037146671,-0.0617859547107,0.477528570632,5.28542327738,3,90.0772912176,-118.49900113,-30.5727157681,31.8139508477,True,58.8641717531,-42.84,-79.15,-30.632843547
82,-29.2229522284,-85.1235517531,-29.0454498057,-85.0628799003,23.6700137883,15.8850466964,0.0399534822161,-0.0572014044985,-61.8533337911,1002.38523161,-0.0646829082082,0.911280030087,2.88015484209,3,89.885102722,-108.852910459,-30.3599926951,31.493341096,True,58.395551918,-29.22,-85.12,-30.2877493979
83,-14.8135131253,-88.7725173062,-14.867694002,-88.4916709197,24.8534529443,17.5571239599,0.0440271289978,-0.0596881883836,-59.1433321635,1004.17051907,-0.0618003596967,0.500832932018,6.78553946131,3,89.7319572232,-99.5373241983,-28.7007595874,30.4425725761,True,56.5435353582,-14.81,-88.77,-28.5815596479
84,0,-90,-0.158317271763,-90.2038024461,25.3400218525,19.5515023912,0.0488292309132,-0.0604986255847,-53.6499989827,1001.11371068,-0.0676270214138,0.226052780605,8.29769087145,3,90.2039413778,-90.1005600866,-26.4849616574,27.1650373253,True,50.1918890875,0,-90,-26.4554978869
85,0,-90,0.0865743946487,-89.8243264095,25.163617254,19.5271120553,0.0487619439523,-0.0600716442694,-53.8633333842,1002.57833363,-0.0603711634677,0.787485905598,1.51895844198,3,89.8243681305,-89.9447772548,-26.2488486222,27.614484762,True,51.2379237705,0,-90,-26.1813443814
86,0,-100,-0.0279790553764,-100.239087263,27.3149347346,19.4522341915,0.0488318203207,-0.0652102711994,-60.066666921,1000.74576248,-0.058626254268,0.308923427049,2.98613906159,3,100.239091168,-90.0159925812,-29.3800897209,30.6865772001,True,51.0223055072,0,-100,-29.3581954802
87,-14.9042266176,-98.8830826225,-14.8750931019,-98.6793885943,26.8629806412,17.5333751468,0.0442136467269,-0.0644857590178,-65.6733322144,996.736024772,-0.0587677333923,0.535194599266,7.41391288076,3,99.7942389526,-98.5723190045,-31.933243774,33.7400884403,True,56.3494259028,-14.9,-98.88,-32.0378144066
88,-29.4755174411,-95.5572805786,-29.5662653245,-95.6991287473,25.9834253151,15.8065773317,0.0400200721441,-0.0627367012515,-69.2599995931,999.978350905,-0.059010269034,0.0818519059231,2.4110483922,3,100.162304727,-107.168544539,-34.1086559483,35.1513436448,True,58.4906396684,-29.48,-95.56,-34.1093943858
89,-43.3883739118,-90.0968867902,-43.4370969089,-90.1298152367,24.4568403342,13.9964553165,0.0355657665829,-0.059423389777,-70.9700012207,993.07088081,-0.0586801510773,0.737497513074,0.204199515763,3,100.050812003,-115.731242829,-34.7202930676,36.2497081531,True,60.3854971744,-43.39,-90.1,-34.9625527629
90,-56.3320058064,-82.6238774316,-56.4258080652,-82.7040343553,22.3978455666,12.4005904547,0.0315786424041,-0.0548179844888,-69.6100006104,995.324927995,-0.0609572912684,0.757168210332,4.96511534605,3,100.119074678,-124.304226889,-34.2289811854,35.3810194249,True,58.8982328269,-56.33,-82.62,-34.3897557699
91,-68.0172737771,-73.305187183,-68.0584257186,-73.3941603017,19.5992117141,10.9176336493,0.0278160869433,-0.0484144466058,-65.5166676839,1001.93376513,-0.0582287652998,0.730504565471,9.50842128057,3,100.093216941,-132.839769449,-32.0192961727,33.4973715112,True,55.7769589436,-68.02,-73.31,-31.9574978775
92,-78.1831482468,-62.3489801859,-78.0338701732,-62.554359254,16.5216218101,9.72368407191,0.0247069610997,-0.0413053881096,-58.5166676839,997.667570335,-0.0605934878059,0.555187983939,4.23552814061,3,100.011663099,-141.283260239,-28.6124844834,29.9041832005,True,49.8344930878,-78.18,-62.35,-28.6793771134
93,-86.6025403784,-50,-86.6977951544,-49.9671243213,13.0767136928,8.6192162567,0.0217697403167,-0.0332881117522,-48.8100001017,999.72956897,-0.0584944375651,0.704911971854,5.24268773541,3,100.066084152,-150.043572473,-23.8426632877,24.967336814,True,41.5847470958,-86.6,-50,-23.8491128279
94,-93.0873748644,-36.5341024366,-92.7301597561,-36.7241016471,9.23169825353,8.03364526992,0.0200556386825,-0.0242528256476,-36.8766670227,1004.40674342,-0.0554665538254,0.272089211218,3.92751590318,3,99.7373659677,-158.394854161,-17.9129622625,18.9637047602,True,31.689401754,-93.09,-36.53,-17.8343707664
95,-97.4927912182,-22.2520933956,-97.4536411402,-22.3979931214,5.26322639516,7.58207544262,0.0186355844819,-0.0148915617675,-23.2033335368,996.654335917,-0.0582390482436,0.967384340534,4.00955903664,3,99.9944111806,-167.056362333,-11.2118196573,11.9915138795,True,19.9869735017,-97.49,-22.25,-11.24945656
96,-99.7203797181,-7.47300935864,-99.7379553734,-7.564035389,1.25150396218,7.41997439171,0.0178944620741,-0.00536881391994,-9.12666670481,1000.88148137,-0.0583739273727,0.267643914652,7.4080037583,3,100.024368898,-175.663042495,-4.0249732053,5.10169349951,True,8.50075095985,-99.72,-7.47,-4.0214283911
97,-100,0,-99.8842642107,-0.158992462205,-0.818607116773,7.38792383984,0.0176411646399,-0.000430280621666,-1.78666667144,997.025868544,-0.0594550063564,0.253837157692,5.95628021606,3,99.8843907501,-179.908798554,-0.274698453009,1.51196821843,True,2.5228636945,-100,0,-0.275517879401
98,-99.7203797181,7.47300935864,-99.3406635505,7.39963191494,-3.1180803462,7.40586682033,0.0175035514856,0.00507228485271,5.76333316167,1003.54887159,-0.0555243581533,0.810822619779,2.68103127148,3,99.6158721647,175.740050927,3.80042388709,-1.96290927458,True,-3.28413071786,-99.72,7.47,3.78698436586
99,-97.4927912182,22.2520933956,-97.4265150699,22.1513113664,-6.55926962733,7.81935648223,0.0181385149342,0.0133332160447,19.1466668447,996.846343505,-0.0573657958292,0.211265368384,6.54077872911,3,99.9129943197,167.19074502,10.2048039956,-8.94186284905,True,-14.9160825876,-97.49,22.25,10.2370882555
100,-93.0873748644,36.5341024366,-92.9232906784,36.4644983086,-10.3306145048,8.65275521858,0.019786405693,0.0224441452982,32.7133331299,1004.67924333,-0.0581230826396,0.142944524219,3.43905944652,3,99.8218292128,158.574210064,16.842511167,-15.8708219629,True,-26.4985826715,-93.09,36.53,16.7640680135
101,-86.6025403784,50,-86.4066442798,50.0900356025,-14.0198301408,9.69678205778,0.0219535504338,0.0314070723403,44.4200007121,1000.7484101,-0.056556811814,0.640859419049,2.17024164455,3,99.8755217376,149.899078918,22.8806031024,-21.5393976096,True,-35.9437381568,-86.6,50,22.8634918342
102,-78.1831482468,62.3489801859,-78.4188099611,62.273925371,-17.1727793215,11.0831659378,0.0249724292043,0.0391248795491,54.539999644,998.820416826,-0.0557562491752,0.259808061619,2.17527815209,3,100.137662929,141.546217067,27.7395461203,-26.8004535237,True,-44.6060165907,-78.18,62.35,27.772305865
103,-68.0172737771,73.305187183,-68.1962480032,73.4584655428,-20.1578141914,12.5866191095,0.028294648036,0.0464951710618,61.5999997457,999.854819339,-0.0523695255618,0.828310690968,5.52361380449,3,100.234097999,132.872543222,31.4956658668,-30.1043338788,True,-50.0567080463,-68.02,73.31,31.5002390924
104,-56.3320058064,82.6238774316,-56.4288856611,82.6275741483,-22.5559971391,14.3935406276,0.032389459063,0.052501336203,66.9133351644,1001.34103873,-0.0518824160099,0.536314376607,1.32422619893,3,100.05765911,124.33035832,33.833125968,-33.0802091964,True,-55.1019107226,-56.33,82.62,33.7878151992
105,-43.3883739118,90.0968867902,-43.5791499822,90.099568803,-24.2887155652,16.226389748,0.0365866832922,0.0569446615831,68.4200007121,1002.00967486,-0.0525224406198,0.485903435308,4.06946854914,3,100.085336647,115.812017497,34.6682660182,-33.7517346939,True,-56.2049277559,-43.39,90.1,34.5987338126
106,-29.4755174411,95.5572805786,-29.3221208477,95.4010808386,-25.633109174,18.1288750115,0.041001968023,0.0604945264066,67.5199991862,999.465010486,-0.0505158624112,0.556686793593,5.07672828069,3,99.8055759774,107.085139205,34.1127592789,-33.4072399073,True,-55.7871968911,-29.48,95.56,34.1310190162
107,-14.9042266176,98.8830826225,-14.9485355391,98.8850536107,-26.4721232494,19.9359559995,0.0452328823768,0.0628406690407,64.0033315023,997.276468956,-0.0552383345237,0.275376172432,3.5792311398,3,100.008562345,98.5963617135,32.4733918395,-31.5299396628,True,-52.5454003194,-14.9,98.88,32.5620756634
108,0,100,0.11797741284,99.9823233025,-26.7066554143,21.8804263364,0.0498487679796,0.0637602598429,58.8766670227,997.74079965,-0.0562058383924,0.367739482193,4.56207650207,3,99.9823929082,89.9323920022,29.8588401952,-29.0178268275,True,-48.3715615378,0,100,29.9264500416
109,0,100,-0.318720195919,99.9704712349,-26.5290254319,21.8268448553,0.0497211345634,0.0633257741093,58.710000356,999.220318694,-0.0595155516208,0.707884422439,2.56833507377,3,99.9709792964,90.1826665412,29.9449707346,-28.7650296214,True,-47.9556330979,0,100,29.9683364863
