rpm_req,id_A,iq_A,psi_d_raw_Wb,psi_q_raw_Wb,psi_d_corrected_Wb,psi_q_corrected_Wb,torque_measured_Nm,torque_theoretical_raw_Nm,residual_raw_Nm,residual_corrected_Nm,delta_psi_d_Wb,delta_psi_q_Wb
1000,0.034961779907467266,0.036239305724786369,0.046640420906062685,-0.00029140120806483175,0.046517321489111176,0.00072078223096220151,-1.4100000063578289,0.020404852526983874,-1.4304048588848128,-1.4299266736204925,-0.00012309941695150934,0.0010121834390270333
1000,-0.031703506046867232,-15.097780474073,0.048099123098095317,-0.011483894348946666,0.047498981645716969,-0.010360335010568161,-8.8933334350585938,-8.7186489749326856,-0.1746844601259081,-0.28384155618604345,-0.00060014145237835006,0.0011235593383785061
1000,-11.735600359441348,-9.3055305610796868,0.043774067499429144,-0.007987348335205216,0.043924033672057584,-0.0071737123267494743,-7.1133332252502441,-6.0129270107078456,-1.1004062145423985,-1.1982421213115846,0.00014996617262844167,0.00081363600845574171
1000,-15.063830196362886,-0.089487453574292886,0.041878967774364804,-0.0017937225240921132,0.042266358049406663,-0.001144312373367636,-0.33333333333333331,-0.36921568448115372,0.035882351147820402,-0.081092900880839744,0.00038739027504185891,0.00064941015072447728
1000,-14.563944126458809,3.3984129522274178,0.041692088252893382,0.00079197513780356011,0.042147290861775814,0.0014006290423220903,1.8133333226044972,1.8386545725666843,-0.025321249962187098,-0.15025766475825889,0.00045520260888243539,0.00060865390451853019
1000,-6.4967770942493068,13.358411976033452,0.044050741746602694,0.0084378092075083049,0.044536081039452384,0.0089582573532866992,6.6233334541320801,7.7191982602315203,-1.0958648060994403,-1.2142399798708063,0.00048533929284969035,0.00052044814577839463
1000,-0.042824380998964851,14.955819065277701,0.046159837526294399,0.010526017195396503,0.046543922930380767,0.011124981203508686,7.0033334096272783,8.2897073795598253,-1.2863739699325469,-1.3556135147967616,0.00038408540408637053,0.00059896400811218346
1000,-0.042776519561122717,29.909894522002261,0.046702683081939443,0.020805903491865587,0.047341377387420627,0.020852718373778206,16.793333689371746,16.773147948156179,0.020185741215566821,-0.20907764142192298,0.00063869430548118135,4.6814881912616993e-05
1000,-14.016133047553142,26.727971938709299,0.041911793186336602,0.017331068749178988,0.042634721218640155,0.017420000938799376,15.603333155314127,16.357581571562104,-0.754248416247977,-1.0010750430045208,0.00072292803230355476,8.8932189620387597e-05
1000,-24.791737630317485,16.951548162065134,0.039000960965568321,0.01043331100165969,0.039755316001590976,0.010637947208471537,10.649999936421713,11.037438925719666,-0.38743898929795328,-0.60176826377847847,0.00075435503602265433,0.0002046362068118469
1000,-29.822009614414508,3.618887327871203,0.037681075513104949,0.0011547547706553007,0.038234038148868305,0.0014413151761647851,1.2566666901111603,2.0496080945724815,-0.79294140446132122,-0.91950440418409685,0.00055296263576335661,0.00028656040550948438
1000,-30.022002702008439,-0.09204016017350386,0.037549404033056864,-0.0015492752629926571,0.038043158264132446,-0.0012251698371197853,-0.87333335975805915,-0.59962079152011061,-0.27371256823794854,-0.38993075327126547,0.00049375423107558261,0.00032410542587287189
1000,-28.034484645369321,-10.667570756931967,0.038745129232658528,-0.0087103264249231514,0.039014979650850483,-0.0082382156553092289,-8.2899999618530273,-7.890071039898249,-0.39992892195477836,-0.52420972625643392,0.00026985041819195597,0.00047211076961392227
1000,-19.843634725774901,-22.512354447802007,0.041729283628668144,-0.016757841320740801,0.041661664015385853,-0.016107913925357372,-15.670000394185385,-15.263530870352596,-0.40646952383278823,-0.57949990624195591,-6.7619613282292779e-05,0.00064992739538342848
1000,-7.2355337471059871,-29.135420461254309,0.045683258888646126,-0.021223349362046281,0.045240549660666367,-0.02037007788763227,-18.59666633605957,-17.814758595560932,-0.78190774049863876,-1.0107764690726346,-0.00044270922797975769,0.00085327147441401205
1000,0.063867602084320518,-30.111979306859723,0.048560357169196343,-0.022091292712037216,0.047783369210130974,-0.021163139759282721,-18.166666666666668,-17.530050627841163,-0.63661603882550466,-0.91666443612465309,-0.00077698795906537056,0.00092815295275449575
1000,0.19703818309130064,-44.800243011996166,0.048414239444767616,-0.032017459837982674,0.047845533135601595,-0.031553139509188845,-26.963333765665691,-25.951932363034615,-1.0114014026310763,-1.3160417068607013,-0.00056870630916602458,0.00046432032879382978
1000,-14.659320474719607,-42.400990775238348,0.043695249068059112,-0.030373070997737332,0.043245037321217275,-0.029891972325503068,-28.263333002726238,-27.575645210565121,-0.68768779216111753,-1.0013918370529822,-0.00045021174684183442,0.0004810986722342643
1000,-27.610001087559038,-35.518919339463146,0.03943621195683155,-0.02532650802297012,0.039494957398134078,-0.024781204315425121,-25.976667404174805,-25.199958547283398,-0.7767088568914069,-0.93233999329758799,5.8745441302525956e-05,0.00054530370754499711
1000,-37.724613002392481,-24.657494054123191,0.035753232690569632,-0.017762202852547704,0.03626317094170068,-0.017266440465057608,-19.656667073567707,-18.619888213989089,-1.036778859578618,-1.1103225973462845,0.00050993825113104861,0.00049576238749009618
1000,-43.532579000178593,-11.038211136006472,0.034009310145871607,-0.0086486538683491349,0.034808279134451961,-0.008288021972763104,-10.166666348775228,-9.0228018449900009,-1.1438645037852275,-1.2264250809553661,0.00079896898858035164,0.00036063189558603018
1000,-44.907776826192595,-0.047015913668340126,0.033332327007811142,-0.001217607838496971,0.034114767728560057,-0.00094804032947868439,-1.25,-0.67496653058410638,-0.57503346941589362,-0.71986015384639623,0.00078244072074891348,0.00026956750901828658
1000,-44.810617773406356,3.757400165431052,0.033290768985447111,0.0010927145276015398,0.034038750219659818,0.0013274667514078034,1.3566666543483734,2.0886234471005616,-0.73195679275218817,-0.89191507657950542,0.00074798123421270825,0.00023475222380626358
1000,-41.176920869844196,18.041850264065904,0.034134062563541255,0.010991628561018431,0.034782151466873759,0.011077986078342775,12.413333574930826,12.821316781961331,-0.4079832070305045,-0.59096712233980531,0.00064808890333250516,8.6357517324342842e-05
1000,-33.168656659134079,30.577159023181789,0.036598185593234502,0.019062289249817916,0.03737001921727006,0.019040166927915492,20.589999516805012,21.016068817302781,-0.42606930049776892,-0.70046984164044335,0.0007718336240355565,-2.2122321902424993e-05
1000,-21.445004577405811,39.425431994274248,0.040530123111693475,0.026022911410385267,0.041332409105757299,0.025816269604951956,25.246666590372723,25.871748801273263,-0.6250822109005405,-0.95147066012679593,0.00080228599406382455,-0.00020664180543331003
1000,-7.4187670579947067,44.417490382985072,0.044925960819248753,0.030093759210570999,0.04555150557875931,0.029695953652064677,25.923332850138348,26.625084265415456,-0.70175141527710849,-0.99975823407814357,0.0006255447595105557,-0.00039780555850632093
1000,0.012452240324201851,44.961626332504174,0.04750983974012879,0.030763174610355489,0.048094663813151958,0.030306414932879982,25.166666666666668,25.628839092833335,-0.46217242616666709,-0.77777637564020852,0.00058482407302316787,-0.00045675967747550836
1000,-0.11075513400654007,60.129926334943974,0.047700415167617652,0.040685369696768454,0.048094776510473558,0.039944227727017702,34.090000152587891,34.472742764975578,-0.38274261238768759,-0.66631261099285921,0.00039436134285590705,-0.00074114196975075177
1000,-14.439764379650905,58.19809757710658,0.043534842816336808,0.039145166960535466,0.04415688453226084,0.038484090982983728,36.620000203450523,37.186704212896728,-0.56670400944620525,-0.88657436697600445,0.00062204171592403451,-0.00066107597755173922
1000,-27.8050717540272,53.163472137559211,0.039036028384635171,0.034854193383392858,0.039700111109528369,0.03443160979427063,35.769999186197914,36.532969864098014,-0.76297067790009976,-1.0456303949914116,0.00066408272489319568,-0.00042258358912222543
1000,-39.983862493024574,44.880142904886299,0.035280946045443455,0.028845676986103966,0.035936418723763901,0.028656511288144535,32.286666870117188,32.841305789636039,-0.55463891951885103,-0.81688850613080832,0.00065547267832044391,-0.00018916569795943283
1000,-49.275253773251016,34.314390439888903,0.031951198103301333,0.021620846044182459,0.032487908197727886,0.021555570245308617,25.12999979654948,25.941102748300807,-0.81110295175132663,-0.993507729892392,0.00053671009442655135,-6.5275798873840941e-05
1000,-56.159868354714867,21.381662438733056,0.029691592530029821,0.013167563985301689,0.03035433113423228,0.013335200767480539,15.956666628519693,16.492131224547997,-0.53546459602830332,-0.81848354889325825,0.00066273860420245766,0.00016763678217884939
1000,-59.503143068620908,7.0916719054046142,0.028902149389832456,0.0035706801717655585,0.029707681329433643,0.0039271171962435188,4.7466666698455811,5.00917504735843,-0.26250837751284894,-0.58556867536214574,0.00080553193960118663,0.00035643702447795994
1000,-59.718915829003116,-0.25444812792331045,0.029278407823456382,-0.00099120626084449174,0.030091726211123035,-0.00061412719512414808,-2.2266666491826377,-0.79972319183768148,-1.4269434573449562,-1.6946851250907757,0.00081331838766665198,0.00037707906572034366
1000,-59.405165949929376,-7.1564949018971626,0.029193352930572881,-0.0056083588227368525,0.029983563955932394,-0.0052578823036440051,-7.1866666475931806,-6.5050508158603533,-0.68161583173282736,-0.86359552697909803,0.00079021102535951264,0.00035047651909284711
1000,-55.945118519604797,-21.294502222918037,0.030532236409086713,-0.014744446811454327,0.031255103873384232,-0.014500336742903928,-18.773333231608074,-17.70058320548133,-1.0727500261267444,-1.0519139928250105,0.00072286746429752206,0.00024411006855039845
1000,-49.325626217334296,-34.059886501049213,0.032704042657181603,-0.023831989042996153,0.033249518778858796,-0.023589738078603165,-28.393333435058594,-27.473085174954143,-0.92024826010445082,-0.84069216882940756,0.00054547612167718995,0.00024225096439298871
1000,-39.603283769243554,-44.93004002178845,0.035917770388802311,-0.031184840916980126,0.036175734518501312,-0.030836003741568509,-35.27333196004232,-34.185707582354127,-1.0876243776881935,-1.1143214853945023,0.0002579641296990015,0.00034883717541161775
1000,-27.853437411601181,-53.059327599359506,0.039609676534861409,-0.036933094982128364,0.039722206933948873,-0.036676432253010739,-38.776667277018227,-37.5645174344317,-1.2121498425865269,-1.2262876660021269,0.00011253039908746594,0.00025666272911762544
1000,-14.256835095602939,-58.415295721990624,0.044248026251960948,-0.040941360273431891,0.043753639975729279,-0.040908469841730723,-38.530000050862633,-38.021469127568288,-0.50853092329434446,-0.86071453114978702,-0.00049438627623167055,3.2890431701168681e-05
1000,0.052818421945494333,-59.887907464081785,0.048664280972599408,-0.042501543038196338,0.04850171427880081,-0.042743451515889909,-35.816665649414062,-34.945885095114996,-0.87078055429906698,-0.9877632303670576,-0.00016256669379859806,-0.00024190847769357143
1000,0.016096306998676636,-59.92759254341933,0.048407834128556967,-0.042197719218767846,0.048241458635067999,-0.042440721716459781,-35.413333892822266,-34.80342878546881,-0.60990510735345538,-0.72959783806331135,-0.00016637549348896488,-0.00024300249769193712
1000,-0.026410286190225032,-74.903893354913421,0.048525821889716554,-0.051817706604928085,0.048662006481999712,-0.052866944957563319,-44.813334147135414,-43.633698098976112,-1.1796360481593027,-1.0568944458136822,0.00013618459228316034,-0.0010492383526352334
1000,-14.591993353372219,-73.6382994057182,0.04450380273221418,-0.050900111939662748,0.044247963625891083,-0.051472209041124026,-48.930000305175781,-48.239021344767217,-0.69097896040856455,-0.8168771957178258,-0.0002558391063230973,-0.00057209710146127865
1000,-28.75458320137183,-69.15080936389306,0.039654749009918923,-0.047671928670099402,0.03966952662670694,-0.048049303045161328,-50.363333384195961,-49.355333141666001,-1.0080002425299597,-0.86552271820422488,1.4777616788014181e-05,-0.00037737437506192844
1000,-41.617434870580233,-62.427033241302944,0.035800027144621577,-0.042617609670407036,0.035543265620822474,-0.04293521408674085,-48.753334045410156,-48.102300952737764,-0.6510330926723924,-0.68476484151135064,-0.00025676152379910374,-0.00031760441633381164
1000,-53.036942748461605,-52.940979831763578,0.031886750869724402,-0.036289337245289474,0.031600655661618078,-0.036644067710451075,-44.123334248860679,-43.353496038630993,-0.76983821022968613,-0.72582630547460514,-0.00028609520810632286,-0.00035473046516160367
1000,-62.187902022078568,-41.650211779353235,0.029020495043603472,-0.028369507791343944,0.028858434549660306,-0.028749577394734913,-36.800001780192055,-35.675399225405371,-1.1246025547866836,-0.92197202642530296,-0.00016206049394316692,-0.00038006960339096964
1000,-69.287703033327318,-28.66391749564546,0.026507058826282657,-0.019740073228951119,0.0262881424299077,-0.019983215684233877,-26.686666488647461,-25.530485747909843,-1.1561807407376179,-1.0293193721901366,-0.00021891639637495609,-0.00024314245528275893
1000,-73.286550681835493,-14.682962202176464,0.025403193570311091,-0.010297859865202661,0.025235029442434685,-0.010337531405116744,-15.013333320617676,-13.532265119196774,-1.4810682014209018,-1.4758092879748781,-0.00016816412787640743,-3.9671539914083081e-05
1000,-75.046766489153853,0.095441122375621856,0.024619812771950366,-0.00095990750706636012,0.024683052906808091,-0.00080791186644446362,-2.3133333921432495,-0.83625854364434782,-1.4770748484989018,-1.6140286532017516,6.3240134857725462e-05,0.00015199564062189655
1000,-74.982759724031098,-0.05344109908915929,0.024629879751487713,-0.00084171155072714431,0.024695134413910826,-0.00069007628059099626,-1.650000015894572,-0.77316123371362078,-0.87683878218095124,-1.0132373071260723,6.5254662423112073e-05,0.00015163527013614808
1000,-73.830997629763232,14.728076458448326,0.02481556060347782,0.0087305137672086929,0.025224060539958147,0.0090114772190939708,11.046666463216146,12.120816182168157,-1.0741497189520111,-1.3952724819273583,0.00040849993648032693,0.0002809634518852784
1000,-68.903532145393783,28.614217109293758,0.026210099604764926,0.017962233139524952,0.026807541099569968,0.018155326469432177,23.170000076293945,23.851713468951278,-0.68171339265733266,-1.046514989938645,0.00059744149480504133,0.00019309332990722459
1000,-62.794238580253754,41.710611767069338,0.028367770848759865,0.025881808407793222,0.028848366512878684,0.025779064943085458,33.236666361490883,33.701586343406341,-0.46491998191545747,-0.62805088024636735,0.00048059566411882005,-0.00010274346470776275
1000,-52.823454890053334,52.935173564711313,0.031640817646691681,0.033849928023663489,0.03216723522905944,0.033526121993521452,41.370000203450523,41.555787838158537,-0.18578763470801363,-0.31492506907382839,0.00052641758236776095,-0.00032380603014203887
1000,-42.189854347128666,62.395278711669754,0.035323159201086307,0.039765527132775459,0.03592115028820235,0.039291139307357011,46.136665344238281,46.580401933164623,-0.44373658892634182,-0.65130619639727494,0.000597991087116042,-0.00047438782541844762
1000,-28.710334282732308,69.261511237335114,0.039716500276978275,0.045531842131438398,0.040182212327257161,0.044770445390937053,48.049999237060547,48.696710860124938,-0.64671162306439101,-0.77146320861051798,0.00046571205027888822,-0.00076139674050134309
1000,-14.845802711044918,73.681532814761084,0.043994921823468106,0.048172291487171219,0.044565596733587572,0.047216702319592928,46.840000152587891,47.481235338914473,-0.64123518632658261,-0.97557575266877672,0.00057067491011946847,-0.00095558916757829072
1000,0.020813044430078975,74.872792095007284,0.048954754801870351,0.050337531188536511,0.049227853770339981,0.049284016301821769,43.323333740234375,43.971978012832452,-0.64864427259807655,-0.89427958227486493,0.00027309896846962822,-0.0010535148867147446
1000,-0.12489130757391559,75.045915986432405,0.048882669865845357,0.050283503076277505,0.04916431386125672,0.049224988561531867,43.369998931884766,44.096696500720022,-0.72669756883525594,-0.97874595710595558,0.00028164399541136145,-0.0010585145147456406
1000,0.075868774046188678,89.850417878009694,0.049390392028846986,0.058574872194540925,0.049435624274939152,0.056621193034153618,52.846666971842446,53.199640310487709,-0.35297333864526337,-0.40352165211390639,4.5232246092165854e-05,-0.0019536791603873079
1000,-14.776906367161757,88.749874591454969,0.044998864079742552,0.057402770519901843,0.045358656847350964,0.056040278675010505,57.653333028157554,58.102546908280104,-0.44921388012254937,-0.59079166315668963,0.00035979276760841319,-0.00136249184489134
1000,-28.908722374200682,85.024390263753347,0.040641433777291396,0.055027365966422007,0.040910436761808486,0.054014310525464522,59.829999287923179,60.55540766478893,-0.72540837686575088,-0.64843649181033847,0.00026900298451709183,-0.0010130554409574827
1000,-43.124055551796857,79.352412253415778,0.0358331098473759,0.050600732325888464,0.036220363211883093,0.049885245558190905,59.266667683919273,60.30662996056946,-1.0399622766501864,-1.0384598467717661,0.00038725336450718919,-0.00071548676769755959
1000,-55.336051679075688,70.982724782793255,0.032049681058666117,0.045289603307950288,0.032499424944755294,0.044789101883539205,56.520000457763672,57.373458229646076,-0.8534577718824039,-0.90419705751059365,0.0004497438860891747,-0.00050050142441108265
1000,-66.242437440672333,60.944296333877951,0.028300652162711062,0.038828366934924183,0.02853021619805331,0.038443503275247357,50.420000712076821,51.56218799347743,-1.1421872814006093,-1.0041430217786318,0.00022956403534224972,-0.00038486365967682612
1000,-75.007451762875874,49.002232041962095,0.025320619185673507,0.03093158609097307,0.025455240462723967,0.030870575742186494,42.019999186197914,42.730395701405222,-0.71039651520730729,-0.73464266235330622,0.00013462127705046208,-6.1010348786577406e-05
1000,-82.464620480825928,36.207373608698418,0.022738295936809313,0.022424832479571173,0.022598394270270078,0.022612507544973393,31.263333638509113,32.070591311797671,-0.80725767328855724,-0.93219064688746744,-0.00013990166653923605,0.00018767506540221906
1000,-86.922634318900009,22.052793281431789,0.020934371045042401,0.013688383344137731,0.020338876859333763,0.013839247842877198,18.71666653951009,19.817900363670201,-1.1012338241601114,-1.1010085778950032,-0.00059549418570863728,0.0001508644987394664
1000,-89.71054636167058,7.2476068735984533,0.020314822708731212,0.0044340956364927507,0.019326891190899295,0.0044110808525801466,5.2433333396911621,6.5402278904327815,-1.2968945507416194,-1.1861968535598753,-0.00098793151783191672,-2.3014783912604352e-05
1000,-89.609602919263679,-0.083711142179367135,0.020686927053461899,-0.00024203870800198324,0.0196192296203468,-0.00034327240750299862,-1.6366666555404663,-0.28104862568371047,-1.3556180298567559,-1.2478324285442839,-0.0010676974331150998,-0.00010123369950101535
1000,-89.58757886270962,-7.6014629362246682,0.020713420213899478,-0.0055549085476143773,0.019615022374942885,-0.0057376704361270436,-8.983333269755045,-7.8612372434753572,-1.1220960262796877,-1.0258108506216665,-0.0010983978389565909,-0.00018276188851266636
1000,-87.005910675919878,-22.283642883944324,0.021621432595039385,-0.014691244058922092,0.02056898372630547,-0.015031288492200555,-21.950000127156574,-21.120352210750148,-0.82964791640642588,-0.75604614628812217,-0.0010524488687339148,-0.00034004443327846276
1000,-82.418902315081041,-36.211923938676271,0.023114656388461819,-0.024525081790394445,0.022175143335291993,-0.025028152389220581,-35.25,-34.300277992314115,-0.94972200768588522,-0.86043059182834825,-0.00093951305316982607,-0.00050307059882613667
1000,-75.256590255290106,-49.364893624485383,0.025220593619680935,-0.033088760460916147,0.024523587607250832,-0.033802837898406581,-45.66999944051107,-44.821910510934416,-0.84808892957665449,-0.61611206400233665,-0.00069700601243010123,-0.00071407743749043464
1000,-66.240315053163954,-60.922239393716289,0.028037947557799831,-0.040916980937951701,0.027403533379590214,-0.041823765354462174,-54.193333943684898,-53.021859138947633,-1.1714748047372652,-0.91448576879367849,-0.0006344141782096168,-0.00090678441651046967
1000,-55.161249769365334,-71.272195495475799,0.031858953911489019,-0.047643859662578128,0.031017354314879661,-0.048701854479943456,-59.58000055948893,-58.785029211420735,-0.79497134806819503,-0.81443936330506794,-0.00084159959660935887,-0.0010579948173653302
1000,-42.979788532072611,-79.162214287131007,0.035547267310894998,-0.053323588357085942,0.034832541993687204,-0.054633894396998596,-62.386666615804039,-61.270043322550087,-1.1166232932539515,-1.1197740397679234,-0.00071472531720779327,-0.0013103060399126541
1000,-29.045449805656975,-85.062879900342708,0.039992433353837772,-0.057257170846354496,0.039577886678860016,-0.058607435834594858,-61.853333791097008,-60.779182045580129,-1.074151745516879,-1.0266735065542549,-0.00041454667497775903,-0.0013502649882403646
1000,-14.867694002041638,-88.491670919735512,0.043861465865548267,-0.059463596581465356,0.043903660519073524,-0.060782829398659997,-59.143332163492836,-57.185531539984623,-1.9578006235082128,-1.6776267206542488,4.219465352525424e-05,-0.0013192328171946421
1000,-0.1583172717627617,-90.203802446096219,0.048655597823602778,-0.060283497001320775,0.048772012987266591,-0.06204787040220329,-53.649998982747398,-52.781566233054505,-0.86843274969289297,-0.73906769519618154,0.00011641516366381581,-0.0017643734008825176
1000,0.086574394648655448,-89.824326409479553,0.048641446687783911,-0.059923199227507662,0.048747552540295142,-0.061669074612745164,-53.863333384195961,-52.367968435371225,-1.4953649488247365,-1.3828080853209475,0.00010610585251122759,-0.0017458753852375049
1000,-0.027979055376388534,-100.23908726341881,0.048816705546995826,-0.065190086850642481,0.048652546464456339,-0.067251865590178664,-60.06666692097982,-58.741991571455053,-1.3246753495247674,-1.5214449892635411,-0.00016415908253948689,-0.0020617787395361799
1000,-14.875093101924824,-98.679388594255599,0.044267666147623584,-0.064564546532650272,0.044391018722000262,-0.06648877692080013,-65.673332214355469,-63.944518448386233,-1.7288137659692353,-1.2392682124376342,0.00012335257437667837,-0.0019242303881498563
1000,-29.56626532449302,-95.699128747261611,0.040107704427000637,-0.062874076325089706,0.039242537469319619,-0.065063488521711413,-69.259999593098954,-68.366687908520106,-0.89331168457884758,-1.1100674705107796,-0.00086516695768102184,-0.0021894121966217059
1000,-43.437096908944149,-90.129815236683285,0.035733362478133142,-0.059703409502784584,0.034962983030933252,-0.061734280831120446,-70.970001220703125,-69.767809707676832,-1.2021915130262926,-0.97681954350321265,-0.00077037944719989134,-0.0020308713283358646
1000,-56.425808065191376,-82.704034355338351,0.031681292185660619,-0.054996176257159843,0.03087784580919941,-0.056448083334214361,-69.610000610351562,-68.680492357803885,-0.92950825254767722,-0.74378697250546122,-0.00080344637646121027,-0.0014519070770545202
1000,-68.058425718604283,-73.394160301692452,0.02767160621746324,-0.048162975059833191,0.027146377172204965,-0.049261064536003908,-65.516667683919266,-63.705966756317451,-1.8107009276018147,-1.3764749719591538,-0.00052522904525827477,-0.0010980894761707164
1000,-78.033870173164601,-62.554359254013825,0.024778767501282641,-0.041425434896169275,0.02435078771454165,-0.042195197748910798,-58.516667683919273,-57.39128319241766,-1.1253844915016131,-0.72583761332115315,-0.00042797978674098951,-0.00076976285274152627
1000,-86.697795154388515,-49.967124321336392,0.021848515752414716,-0.033408567277704901,0.021310556878523939,-0.033875513128673478,-48.810000101725258,-47.857879500979791,-0.95212060074546656,-0.78888558709748358,-0.00053795887389077859,-0.00046694585096857623
1000,-92.730159756095375,-36.724101647137495,0.020024854029823382,-0.024215598470436181,0.019604681028480158,-0.024504851776146093,-36.876667022705078,-35.770933075359963,-1.1057339473451151,-0.96902959649214537,-0.0004201730013432219,-0.0002892533057099116
1000,-97.453641140220086,-22.397993121356222,0.018632759982892783,-0.014889304730584311,0.018404102626817187,-0.015017548236272145,-23.203333536783855,-22.420240679645506,-0.78309285713834953,-0.69457688881830248,-0.00022865735607559761,-0.00012824350568783451
1000,-99.737955373419524,-7.5640353889963663,0.017883080457458435,-0.0053653991326360487,0.017694692259164379,-0.005469012675211108,-9.1266667048136387,-8.0448263123510753,-1.0818403924625635,-0.9749296578225517,-0.00018838819829405422,-0.00010361354257505892
1000,-99.884264210715926,-0.15899246220484509,0.01766711590205584,-0.00043091359150903901,0.017483032353216191,-0.00057884960124305197,-1.7866666714350383,-0.55020510340324313,-1.2364615680317952,-1.0594950290013578,-0.000184083548839649,-0.00014793600973401298
1000,-99.340663550483342,7.3996319149351288,0.017456941853077883,0.0050587780319207108,0.01727744441794447,0.0048615657180300182,5.7633331616719561,7.580607726225761,-1.8172745645538049,-1.566241559691127,-0.00017949743513341317,-0.00019721231389069276
1000,-97.42651506993036,22.151311366354026,0.018223824880528674,0.013395925475390411,0.018271853326341497,0.013153741063475017,19.146666844685871,20.505599453019457,-1.3589326083335855,-1.0885571259391611,4.8028445812821861e-05,-0.00024218441191539293
1000,-92.923290678388256,36.464498308599268,0.019705946042818209,0.022352878187391241,0.019847021294608962,0.022207429803648253,32.713333129882812,33.548045201439052,-0.83471207155623972,-0.73425642162492999,0.00014107525179075237,-0.00014544838374298954
1000,-86.406644279783862,50.090035602471666,0.021935059244989678,0.031380618573368803,0.022078677685822157,0.031189808002085949,44.420000712076821,45.722662138470177,-1.3026614263933567,-1.1911400462750827,0.00014361844083247876,-0.00019081057128285297
1000,-78.418809961083085,62.273925371015366,0.025001096365478526,0.039169793050231758,0.025147253725716499,0.038669482221509142,54.539999643961586,55.542779600141401,-1.0027799561798147,-0.64119610911757496,0.00014615736023797221,-0.00050031082872261496
1000,-68.19624800316187,73.458465542847875,0.028260461841837718,0.046438994609538251,0.028590597811161765,0.045789198767161761,61.599999745686851,62.915224270118053,-1.3152245244312013,-1.0744762441381792,0.00033013596932404725,-0.00064979584237648703
1000,-56.428885661063475,82.62757414827837,0.032337748458907821,0.052417516469994055,0.032781580987079409,0.051807041282935194,66.913335164388016,67.558221025187848,-0.64488586079983179,-0.67157830801729101,0.00044383252817158591,-0.00061047518705885774
1000,-43.579149982165404,90.099568802957876,0.036527069727850775,0.056851877161536939,0.036727053465850729,0.056075150841345567,68.420000712076828,69.223556564462314,-0.80355585238548599,-0.61358836148969853,0.00019998373799995302,-0.00077672632019136891
1000,-29.322120847706469,95.401080838612643,0.040998494069661433,0.060489400917078377,0.041059034444096525,0.05944646246509494,67.519999186197921,68.219738048365087,-0.69973886216716608,-0.40207226012361424,6.0540374435093093e-05,-0.0010429384519834348
1000,-14.948535539059334,98.885053610722707,0.045344721651585707,0.062996043946822206,0.045198066794663587,0.061229322315346418,64.003331502278641,65.107365998874798,-1.1040344965961566,-0.6130920027790705,-0.00014665485692211773,-0.0017667216314757881
1000,0.11797741283951595,99.982323302521877,0.049948212905580068,0.063887457255821317,0.049454733400336945,0.060704863463950313,58.876667022705078,59.836813130267579,-0.96014610756250107,-0.37258106850607486,-0.00049347950524312003,-0.0031825937918710068
1000,-0.31872019591852024,99.970471234888564,0.049722596053262437,0.063327635490363993,0.049236885764869343,0.060182516518789836,58.710000356038414,59.891701858286417,-1.1817015022480035,-0.58699231005882213,-0.00048571028839309444,-0.0031451189715741576
3000,-0.0276115100508314,0.022837658056149485,0.046906068595309151,-0.00066350913827967271,0.046787260179966407,0.00034661692898106341,-1.5833332935969036,0.012634851193170414,-1.595968144790074,-1.5962702783912137,-0.00011880841534274325,0.0010101260672607361
3000,-0.018985977849230798,-15.066017811279343,0.047504905136219903,-0.011492278513336996,0.046904200377828636,-0.010368319570529503,-9.5766665140787754,-8.5911352686085909,-0.98553124547018456,-1.0943900620562008,-0.00060070475839126762,0.001123958942807494
3000,-11.824344001267066,-9.523800378327488,0.043710840088272133,-0.0074151612845686438,0.043856885573820205,-0.0066023266284946152,-6.3300000826517744,-6.0476727986797858,-0.28232728397198859,-0.38097122644065029,0.00014604548554807454,0.00081283465607402835
3000,-15.043592213291859,-0.025734394752742029,0.042485851883149732,-0.001303097536002796,0.042874476269325217,-0.00065409438800930809,-1.3200000127156575,-0.24835938755446765,-1.0716406251611899,-1.1886806774434981,0.00038862438617548239,0.0006490031479934879
3000,-14.42973159122117,3.2248504358311347,0.042412644337379582,0.001267511507221443,0.042863302762589449,0.00188157916918388,-0.81666666269302368,1.860771424969669,-2.6774380876626926,-2.8012077383816814,0.00045065842520987002,0.00061406766196243695
3000,-6.4038092498467121,13.530007094578529,0.044786329203312249,0.0085591624333931377,0.045272310427435937,0.0090762062918658074,6.9100000858306885,7.9292471450741733,-1.0192470592434848,-1.1378836150877547,0.00048598122412368767,0.00051704385847266927
3000,0.042120549886395298,14.920326110876132,0.046827177397873093,0.010228992239020136,0.047208636816091915,0.010831508070288874,6.9466667175292969,8.3789508822026804,-1.4322841646733835,-1.5002776121105228,0.00038145941821881994,0.00060251583126873774
3000,-0.13347210109314708,29.974648500766751,0.047255351675961739,0.020258452345288214,0.047893304856691417,0.020302306462198924,15.526666641235352,17.029997933597915,-1.5033312923625637,-1.7328706002038912,0.00063795318072968048,4.3854116910709701e-05
3000,-13.927878838840961,26.517951264004722,0.042896869531615624,0.017442554054636357,0.043617613502194764,0.017537374292583743,15.710000038146973,16.565698501567937,-0.85569846342096412,-1.1008980426758952,0.000720743970579144,9.4820237947385933e-05
3000,-24.461003029729209,16.945264159434846,0.039607138082032145,0.010715595437938007,0.040360881666581375,0.010924809288709947,10.746666590372721,11.199211558464004,-0.4525449680912832,-0.66722454552640065,0.00075374358454923028,0.0002092138507719411
3000,-29.953150775753347,3.5645986112919679,0.037932352324168556,0.0014348020996124938,0.038485838051683582,0.00171978660516398,1.1133333444595337,2.1382854484899525,-1.0249521040304188,-1.1510617638609049,0.00055348572751502776,0.00028498450555148615
3000,-29.771031988210684,-0.17260634675220435,0.038035717510057937,-0.0009413414991089633,0.038523987305286687,-0.00061210945794131996,-2.543333331743876,-0.41507896952775714,-2.128254362216119,-2.2448619521788622,0.00048826979522874879,0.00032923204116764334
3000,-27.979096912730242,-10.586088054349695,0.038618247650528986,-0.0079783034790506888,0.038887966379915956,-0.0075060645321936847,-9.0800000826517735,-7.5845027564725811,-1.4954973261791924,-1.6197879626697529,0.00026971872938696712,0.00047223894685700414
3000,-19.876903915670695,-22.401349592635359,0.041460996634298593,-0.016423093014811985,0.04139552915603327,-0.015773404541425722,-16.453333536783855,-15.062670263010492,-1.3906632737733631,-1.5632275365116104,-6.5467478265324088e-05,0.00064968847338626166
3000,-7.1000958689425433,-29.063564463044845,0.045535045906726891,-0.021033043262011573,0.045089432219190956,-0.020175866131656849,-18.929999669392902,-17.672968387365138,-1.2570312820277643,-1.4854772252537569,-0.00044561368753593566,0.00085717713035472374
3000,-0.13598568406212186,-30.075502711553629,0.047686736311642754,-0.021813185352365153,0.046920986268663402,-0.020883919437901081,-18.480000178019207,-17.246026178132038,-1.2339739998871693,-1.5118542121477914,-0.00076575004297935265,0.00092926591446407291
3000,0.14988944420244388,-45.07708615799077,0.048100660712206006,-0.032044438260171351,0.047536462635799186,-0.031590012075339069,-27.110000610351562,-25.961214049677537,-1.1487865606740257,-1.4531580600190737,-0.00056419807640681948,0.00045442618483228486
3000,-14.758425373804577,-42.438218978277042,0.043482924186368739,-0.030468399733153156,0.043036242835968776,-0.029989017687042117,-28.71666653951009,-27.540041545895086,-1.1766249936150039,-1.4890004149932952,-0.00044668135039996207,0.00047938204611103804
3000,-27.317045783824728,-35.617364813045121,0.039348517232813601,-0.025220191367615663,0.039396679838796453,-0.024675741982348173,-26.283332824707031,-25.085179384793914,-1.1981534399131171,-1.3560413240333871,4.8162605982849651e-05,0.000544449385267491
3000,-37.547471852895661,-24.529788722871846,0.036027511400461058,-0.017613180020516192,0.036531343932859887,-0.017116526873059743,-20.12000020345052,-18.540931487093786,-1.5790687163567334,-1.6545386903965766,0.00050383253239883136,0.00049665314745644961
3000,-43.373893846299232,-11.29209119176118,0.034077114592728462,-0.0084905439748306135,0.034871475274986283,-0.0081277480842401155,-10.149999936421713,-9.0368380631378891,-1.1131618732838238,-1.1943523994815148,0.00079436068225782243,0.00036279589059049887
3000,-44.802401894015723,-0.074675763130486711,0.033608677607517304,-0.0011395587100705882,0.034389604792214833,-0.00087059707397994465,-1.549999972184499,-0.64277665150267793,-0.9072233206818211,-1.0511250524506817,0.00078092718469752903,0.00026896163609064355
3000,-44.69085088926559,3.4542359669394487,0.033579381875140375,0.0013474274536544027,0.034328586613196273,0.0015838196031068316,1.2700000405311584,2.1145054564329149,-0.84450541590175643,-1.0023353709661438,0.00074920473805589868,0.00023639214945242888
3000,-40.990374705160669,17.791874226521671,0.03474081155301597,0.011030726001201861,0.035391057655364107,0.011118681833770915,9.7633336385091152,12.843092900853286,-3.0797592623441705,-3.2618525351894565,0.00065024610234813381,8.7955832569053922e-05
3000,-33.061125283364056,30.477452634329413,0.037303917988444804,0.019380676177425137,0.038077422884155804,0.019359717567704347,19.90333366394043,21.332104280950766,-1.4287706170103363,-1.7033491402068526,0.00077350489571099902,-2.0958609720790673e-05
3000,-21.553223976414873,39.64514744735623,0.04103175329885498,0.026161605505702956,0.041833263757980049,0.025950978115609247,25.183332443237305,26.286922231244105,-1.1035897880068006,-1.4304254002270491,0.00080151045912506659,-0.000210627390093709
3000,-7.4155791828744162,44.343329145406734,0.045524732149020787,0.030222954655470438,0.046150487640154968,0.029827006397273152,25.816666920979817,26.914066743942865,-1.0973998229630482,-1.395142575526152,0.00062575549113417822,-0.0003959482581972859
3000,-0.022994901347855468,44.869581115848263,0.047867491760122262,0.030747290308974166,0.048453373162455717,0.030293453767185105,24.786666870117188,25.782016023004481,-0.99534915288729309,-1.3106829590444287,0.00058588140233345335,-0.00045383654178905947
3000,-0.048611281089500524,60.053306270365191,0.048588449934396698,0.040919830340273605,0.048981107788614045,0.040179089757142274,33.870000203450523,35.038634765849238,-1.1686345623987151,-1.4511672907596489,0.0003926578542173475,-0.00074074058313132929
3000,-14.324284480005465,58.151990604028505,0.043923520115391947,0.038943591448326605,0.044545759121417235,0.038282894981741554,36.296666463216148,37.344950539500815,-1.0482840762846664,-1.3689292685591921,0.00062223900602528576,-0.00066069646658504762
3000,-27.750864918729068,52.993317052721416,0.039636431042817631,0.035036638177206612,0.040302688702390392,0.034616972305851312,35.859999338785805,36.87315564422893,-1.0131563054431254,-1.2970896552698645,0.000666257659572759,-0.00041966587135530334
3000,-39.641135517488067,44.970649764768588,0.03579829031011874,0.029068376559848806,0.036457790589998991,0.028877823846245633,31.726666768391926,33.146109962354387,-1.4194431939624614,-1.6846963559195809,0.00065950027988025389,-0.00019055271360317295
3000,-49.441642250877614,34.030890301670162,0.03253578903467088,0.021533372064845797,0.033072131969751485,0.021472122631949288,24.956666310628254,26.062405747227785,-1.1057394365995314,-1.2884268970611181,0.000536342935080607,-6.1249432896509772e-05
3000,-56.031777357783142,21.296647492295488,0.030332881698131416,0.012907948380353676,0.030994845042799958,0.01307555312647604,15.340000152587891,16.430927744932088,-1.0909275923441974,-1.3727930942209521,0.00066196334466854284,0.00016760474612236335
3000,-59.524466506224051,7.2313493331615746,0.029336969395227643,0.0036523983295167197,0.030141841886014889,0.0040080637547814076,3.9933332602183023,5.1546352332704108,-1.1613019730521086,-1.4851952791695999,0.00080487249078724427,0.00035566542526468763
3000,-59.992569008725127,-0.046662544054178974,0.029102520384609781,-0.00068542178162324331,0.029911207503718135,-0.00030865263707961614,-2.1266666650772095,-0.50973853408380287,-1.6169281309934065,-1.8877154930662519,0.00080868711910835327,0.00037676914454362717
3000,-59.91769556813,-7.1266272288618611,0.029284184006218707,-0.0054938155938388722,0.030058908966822909,-0.0051471815822792819,-5.8433332443237305,-6.4544908004736259,0.61115755614989542,0.42817753400109915,0.00077472496060420086,0.00034663401155959005
3000,-56.21578930870222,-21.302538711068454,0.030447616888971015,-0.015117906566316652,0.031160849780751954,-0.014879261898463296,-20.03999964396159,-17.981719053093471,-2.0582805908681188,-2.0369437158343437,0.00071323289178093691,0.00023864466785335545
3000,-49.272813968236683,-34.149264750222677,0.032703337245884118,-0.023618830963990253,0.033246581842388302,-0.023376176266132458,-28.846666971842449,-27.366734232737215,-1.4799327391052337,-1.4007912539362297,0.00054324459650418678,0.0002426546978577929
3000,-39.856765437729074,-44.714741654069549,0.035848454499007358,-0.031176903677126864,0.036110993601814009,-0.030829347954365118,-35.460000356038414,-34.146779022656389,-1.3132213333820246,-1.3385782785328022,0.00026253910280665002,0.00034755572276174736
3000,-27.695459905044846,-53.282844395211136,0.03962028877488688,-0.037118886334636982,0.039729975104508007,-0.036868680213926551,-38.726666768391929,-37.669275718637806,-1.0573910497541235,-1.0704131371619017,0.00010968632962112765,0.00025020612071043134
3000,-14.519879369461103,-58.150322425219166,0.043930162461540377,-0.040688730262318527,0.043447086420349106,-0.040644904188301884,-38.793332417805992,-37.744182797234863,-1.0491496205711286,-1.3938781428806828,-0.00048307604119126902,4.3826074016645498e-05
3000,0.0087703531221924678,-60.121554916537121,0.0484626493822208,-0.042107084589440083,0.048300556789617782,-0.042360133281722591,-36.020000457763672,-34.959366506799313,-1.060633950964359,-1.1776036873739746,-0.00016209259260301846,-0.00025304869228250733
3000,-0.17568358777738743,-60.053032677597834,0.048466428039502539,-0.042335552126935024,0.048278312486038047,-0.042580027302085259,-36.110000610351562,-35.015923782130635,-1.0940768282209277,-1.2291243386626234,-0.00018811555346449126,-0.00024447517515023402
3000,0.18234468651001964,-75.125918013144286,0.048689813613643967,-0.051634523314932859,0.048849597356275157,-0.052697616305716982,-45.176666259765625,-43.781419975763249,-1.3952462840023756,-1.2535256721150763,0.00015978374263118602,-0.0010630929907841234
3000,-14.745240824959687,-73.452313833891566,0.04435908412586842,-0.050555125373634956,0.044103404418706534,-0.051115697105557606,-49.093332926432289,-48.044698406010752,-1.0486345204215368,-1.1748085312761156,-0.00025567970716188762,-0.00056057173192265058
3000,-28.594062796959758,-69.355280132607191,0.039779280841714726,-0.047137315084229928,0.039792780695948299,-0.047522410648342721,-50.716665903727211,-49.281006166191943,-1.4356597375352678,-1.2922869425529828,1.3499854233570796e-05,-0.0003850955641127898
3000,-41.856101258139553,-62.247914922793278,0.035651579277118574,-0.042325143847252965,0.035390266622820847,-0.042641059141816706,-49.203334808349609,-47.889623764094871,-1.3137110442547382,-1.3502292680313659,-0.00026131265429772433,-0.00031591529456374389
3000,-52.979702416786374,-53.180566422564134,0.031973938723333303,-0.036052590941264596,0.031679519626998956,-0.036412663050361144,-44.740000406901039,-43.325372537874586,-1.4146278690264538,-1.3735982024683804,-0.000294419096334349,-0.00036007210909654508
3000,-62.372968540485225,-41.655505671941334,0.028885385987436087,-0.028521808103259896,0.028715030236388262,-0.028907738515292148,-37.083333333333336,-35.786702392538935,-1.296630940794401,-1.0929264948605972,-0.0001703557510478253,-0.00038593041203225222
3000,-68.974524805994022,-28.899172800419098,0.026781384694888725,-0.019555990800222238,0.026577832261260276,-0.019797298984773705,-27.143333435058594,-25.473900440253697,-1.6694329948048967,-1.540293549910573,-0.00020355243362844749,-0.00024130818455146854
3000,-73.741355909114873,-14.553478780805934,0.025132792573795228,-0.01036500842687516,0.024932005619956534,-0.010413865391259514,-15.106666564941406,-13.561192065987621,-1.5454744989537854,-1.5373069374279682,-0.00020078695383869488,-4.8856964384353266e-05
3000,-74.662268046311382,-0.26130359435729189,0.024851333672518332,-0.00080966207881631258,0.024938978034064956,-0.0006530661355237798,-1.7566666603088379,-0.80333939962462397,-0.95332726068421392,-1.0933541387607113,8.7644361546623426e-05,0.00015659594329253283
3000,-75.218872913962841,0.10753116985250642,0.024681575387543158,-0.0011339054538072248,0.024730147152445807,-0.00098580288554509692,-1.9333332826693852,-0.99164461861379594,-0.94168866405558926,-1.0754326389240967,4.8571764902648456e-05,0.00014810256826212781
3000,-73.234982124371712,14.258456955006857,0.025343131818894381,0.0085982993769545216,0.025787223369262945,0.0088837138221746353,12.316666603088379,11.892603063792372,0.42406353929600726,0.097250954711067705,0.00044409155036856331,0.00028541444522011425
3000,-69.255570445118593,28.714216029736168,0.026609762527123913,0.01747568457816958,0.027198065158910451,0.01767143928496508,22.673332850138348,23.692403689006923,-1.0190708388685756,-1.3844678718256191,0.00058830263178653863,0.00019575470679550008
3000,-62.319409633655305,41.636046283122518,0.028883281931033605,0.02616442485996226,0.029368239149847611,0.02605686560735386,32.629998524983726,33.99764608759169,-1.3676475626079636,-1.5295116276241434,0.0004849572188140056,-0.00010755925260839955
3000,-52.804295765407716,53.031204436941202,0.032125602871795757,0.033985124392621614,0.032652348099658668,0.033660153127718875,40.903334299723305,41.978639683276199,-1.0753053835528945,-1.2045940444864756,0.00052674522786291345,-0.00032497126490273957
3000,-41.732269065806236,62.400887840355757,0.035874997645348856,0.04055876129323354,0.036472422639074846,0.040081049482030277,45.810000101725258,47.174890123265641,-1.3648900215403827,-1.5730162477660488,0.0005974249937259862,-0.00047771181120326615
3000,-28.540404071768048,69.282074894288272,0.040027021954781479,0.045730560698271881,0.040492415865502791,0.044966767620284856,47.739999135335289,48.939885763484227,-1.1998866281489384,-1.325220540608584,0.00046539391072131247,-0.00076379307798702778
3000,-14.646459858578572,73.48830917222007,0.044509099327021413,0.048908674142543705,0.045082779581691261,0.047956356687396194,46.756666819254555,47.846848618635214,-1.0901817993806588,-1.4287103498814686,0.00057368025466985012,-0.00095231745514751261
3000,-0.14162672242128135,75.079231770124736,0.049023535023193572,0.05027803169673619,0.049306061248083254,0.049218472018351861,42.96333440144857,44.253240732434158,-1.2899063309855876,-1.5426478104476433,0.00028252622488967943,-0.0010595596783843325
3000,-0.12886008015755959,74.934328676830106,0.049129906270046889,0.050226569101697593,0.04941254656384849,0.049171930815083448,42.926666259765625,44.255864928264401,-1.3291986684987762,-1.5817213872855147,0.00028264029380160399,-0.0010546382866141477
3000,-0.20425552105640896,90.021916708725101,0.049872165239897848,0.058924378733559039,0.049926371496210216,0.05696374894146778,52.569999694824219,54.019482419892086,-1.4494827250678668,-1.5032341046406077,5.4206256312370744e-05,-0.0019606297920912561
3000,-14.697686068860312,88.708744381356425,0.045110826248300519,0.057995276767788768,0.045472358684686548,0.056631811562961237,57.016667683919273,58.249453510822818,-1.2327858269035445,-1.3771614861663592,0.00036153243638602944,-0.0013634652048275331
3000,-29.313018434277051,85.210395279015913,0.040742177124427528,0.05510879276681932,0.041005608058976163,0.054100104163704206,59.266666412353516,61.044744906776145,-1.7780784944226298,-1.6926306517512444,0.00026343093454863503,-0.0010086886031151158
3000,-43.061949755635908,79.2000943539921,0.036175858724968223,0.051317813094514726,0.036565363981221413,0.05060287847116908,59.616667429606117,60.899718160791359,-1.2830507311852415,-1.2837992217958847,0.00038950525625318843,-0.0007149346233456485
3000,-55.195439499164998,71.054487026784429,0.032282045459035083,0.04557558263831419,0.032733635622078198,0.045074077785903471,56.090000152587891,57.71218193303207,-1.6221817804441798,-1.6750625001433452,0.00045159016304311691,-0.00050150485241071856
3000,-66.298289310259435,61.103950028833644,0.028407136828936867,0.038962299221628693,0.028635349855608408,0.038574780815582202,50.273334503173828,51.827064662952395,-1.5537301597785671,-1.4127650795451139,0.00022821302667154006,-0.00038751840604649482
3000,-75.323705534298881,49.286780595696371,0.025358208327526426,0.03084315643042362,0.025481683177051882,0.030778164550241703,41.259999593098961,42.87654339422761,-1.6165438011286497,-1.6308267840011039,0.00012347484952545551,-6.4991880181918048e-05
3000,-82.470441986442765,36.028559536082945,0.022960631520054061,0.022137455713532376,0.022818770957434783,0.022326981850953644,30.243333180745442,31.835090842279776,-1.5917576615343343,-1.7179889326739057,-0.00014186056261927674,0.00018952613742126623
3000,-87.060533040150816,22.063612565333909,0.021347985169294953,0.013039325325867086,0.020746659114680908,0.013187195559461072,18.516666412353516,19.27469144615694,-0.75802503380342401,-0.75329986895965051,-0.00060132605461404626,0.00014787023359398571
3000,-89.472520646274106,7.0527731753587792,0.020554762660132817,0.0040481079392288106,0.019569363664605516,0.004026565914353214,4.4299999872843427,6.0859499986349626,-1.6559500113506198,-1.5494234329331222,-0.00098539899552730075,-2.1542024875596664e-05
3000,-90.048867033975327,0.1945464036366954,0.020391461858648777,-0.00056748800610184993,0.019319598576860827,-0.00066898866306807562,-2.3700000122189522,-0.56561479722415564,-1.8043852149947965,-1.6922026592786983,-0.0010718632817879484,-0.00010150065696622564
3000,-89.693197037233816,-7.7153192874145198,0.020706835810570427,-0.0054259497253794043,0.019607969493946515,-0.0056099537965805402,-7.5199999809265137,-7.7571675305183909,0.23716754959187725,0.33347725671537409,-0.0010988663166239111,-0.0001840040712011359
3000,-87.386042498406979,-21.826794533481536,0.021332109162076649,-0.015604460360611127,0.020277721970121908,-0.015938005604141308,-23.736666997273762,-21.950683198602203,-1.785983798671559,-1.7123841239266877,-0.0010543871919547394,-0.00033354524353018119
3000,-82.426575588035107,-36.221706904899726,0.022997353312011293,-0.024069463332486166,0.022057835231815901,-0.024572567599299773,-35.129999796549477,-33.803601959936501,-1.3263978366129763,-1.2371392764791773,-0.0009395180801953937,-0.00050310426681360841
3000,-75.262062030049108,-49.374120622978374,0.02527708441917341,-0.033083884091173951,0.024580059011935038,-0.033798037123011167,-46.353333791097008,-44.855941821292376,-1.4973919698046316,-1.2653886108428869,-0.00069702540723837149,-0.00071415303183721399
3000,-65.990434817972542,-61.074884728728556,0.028350430938640925,-0.040583627243372389,0.027713200989214225,-0.041491913387649661,-54.229999542236328,-52.915566118415214,-1.3144334238211144,-1.0622000011043029,-0.00063722994942669938,-0.00090828614427727037
3000,-55.183621756249693,-71.096549186311165,0.03184723185008826,-0.047508791156347208,0.031007746063671144,-0.048560755966369613,-59.976666768391929,-58.631225363354154,-1.345441405037775,-1.3650411769743989,-0.00083948578641711508,-0.001051964810022406
3000,-42.647651048995819,-79.284221284614532,0.035846201359296018,-0.052744413980503661,0.035140481459238218,-0.054057602115357657,-62.633333841959633,-61.097562276090869,-1.5357715658687638,-1.5351483264792085,-0.00070571990005779928,-0.0013131881348539961
3000,-29.198315446246838,-85.337068656743938,0.040091087782392038,-0.057126509466568665,0.039661789609037774,-0.058501789602800482,-62.226665496826172,-61.07104505228898,-1.1556204445371918,-1.1133706579263156,-0.00042929817335426372,-0.0013752801362318175
3000,-15.065660837394637,-89.022025902815543,0.044362030380769732,-0.059536725598174967,0.044403887537342056,-0.060882779060606025,-59.303333282470703,-58.153895194674107,-1.1494380877965966,-0.86137336206955917,4.1857156572321618e-05,-0.0013460534624310573
3000,-0.25571795660521485,-89.975741000593828,0.048980696118242219,-0.060570155658470744,0.049106678906977626,-0.062327067730080017,-54.233333587646484,-53.070759652799964,-1.1625739348465203,-1.0211579100304033,0.00012598278873540619,-0.0017569120716092723
3000,0.27602431724249582,-90.147776764116159,0.049071598369876623,-0.060240925027440474,0.049158344590856967,-0.061995441017018059,-54.39666748046875,-52.884810421262983,-1.5118570592057665,-1.4238287805743359,8.6746220980344374e-05,-0.0017545159895775834
3000,0.067649431233182386,-100.39207775847643,0.049135183541786996,-0.065566900136554973,0.048943764957927689,-0.067628100969965882,-59.629999796549477,-59.140171239625566,-0.4898285569239107,-0.72210473795501806,-0.00019141858385931013,-0.0020612008334109154
3000,-15.282687484766541,-98.922640473561103,0.04449737909799252,-0.064283257011683137,0.044579466744388396,-0.066224518625228379,-66.036664326985672,-64.610629943267369,-1.4260343837183029,-0.97257812814559752,8.2087646395874708e-05,-0.001941261613545239
3000,-29.573272719474712,-95.781596093918139,0.040514031997480868,-0.062369234264101195,0.039645084123368042,-0.064565794450337208,-69.623334248860672,-68.699532277390304,-0.92380197147036824,-1.1430388619421146,-0.00086894787411282435,-0.0021965601862360151
3000,-43.078456348520071,-90.262965450417923,0.036031311415137476,-0.05893514466620943,0.035260406681788446,-0.060977304081731042,-71.110000610351562,-69.493536891537858,-1.616463718813705,-1.3957965836966628,-0.0007709047333490282,-0.0020421594155216149
3000,-56.300615072174963,-82.575522913784596,0.031923406735281531,-0.054412090903521226,0.03111550799450425,-0.055861719496608564,-69.716667175292969,-68.394314275039761,-1.3223529002532075,-1.1435250550217244,-0.00080789874077727994,-0.0014496285930873406
3000,-67.773269552945166,-73.505621030185452,0.028187196196359902,-0.048180087426487918,0.027651442060010072,-0.049283796276038683,-65.946665445963546,-64.046872965035334,-1.8997924809282125,-1.4747402786479329,-0.00053575413634983089,-0.0011037088495507645
3000,-78.288909734189929,-62.018808685599112,0.02463240296847561,-0.040990445308211422,0.024193790381986519,-0.041749559160766739,-58.819999694824219,-56.841234718407428,-1.9787649764167909,-1.5920293869114264,-0.0004386125864890914,-0.00075911385255531829
3000,-86.641506412004006,-50.051857113740262,0.021896584903845228,-0.033121220600839066,0.021357953496114572,-0.033589906300022995,-49.110000610351562,-47.587646231365682,-1.5223543789858809,-1.3585767859336657,-0.00053863140773065634,-0.00046868569918392738
3000,-93.113039531270985,-36.692017388529656,0.019912139371001544,-0.024337655153112172,0.019540266018511131,-0.024613422926116749,-37.646666208902992,-35.961235324965472,-1.6854308839375207,-1.5410373795377201,-0.000371873352490415,-0.00027576777300457799
3000,-97.592228417176457,-22.239109058908735,0.0183285951519832,-0.014650469445918395,0.01811864610037851,-0.014773951695110504,-23.903333028157551,-22.048603044797677,-1.8547299833598743,-1.7661480472018107,-0.00020994905160468859,-0.00012348224919210977
3000,-99.722091514222129,-7.3109640349001843,0.017597310951109058,-0.0056869059463699276,0.017402538153240811,-0.0057919934937798031,-9.5999997456868496,-8.349161552294273,-1.2508381933925765,-1.1421713161971234,-0.00019477279786824745,-0.0001050875474098753
3000,-99.345940354366121,-0.47966471607588135,0.017755666555705343,-0.0010364130437586535,0.017458701699012241,-0.0011794388171784609,-2.6199999451637268,-1.3377623422189759,-1.2822376029447509,-1.1134385662451782,-0.00029696485669310132,-0.00014302577341980728
3000,-99.955656269275224,7.6677411601655434,0.017477615264605891,0.0035596491616811583,0.017443137310073679,0.0033433524685616547,4.6200000445048017,5.8778507758820613,-1.2578507313772596,-0.99523738008863205,-3.4477954532211291e-05,-0.00021629669311950357
3000,-97.43102861306204,22.175710613632962,0.018346480286101301,0.01302284250108318,0.018396792230268671,0.012780167554730933,18.476666768391926,20.108102135396884,-1.6314353670049577,-1.3610949686755074,5.0311944167368569e-05,-0.0002426749463522465
3000,-92.772721595931031,36.333468613568868,0.019964187586333091,0.022026614673649622,0.020078482545433398,0.021891572394682521,32.073332468668617,33.226046086593364,-1.1527136179247464,-1.0522075286311283,0.00011429495910030821,-0.0001350422789671022
3000,-86.946875491206242,50.142172243091345,0.021921544756227328,0.031359785572982211,0.022101982550841563,0.031149530650201717,44.383333841959633,45.909950935756768,-1.5266170937971353,-1.4158155064087539,0.00018043779461423377,-0.00021025492278049538
3000,-78.202458967318947,62.383143490259407,0.025088793963226275,0.039255132152559727,0.025233828677447098,0.038754412327581166,53.846665700276695,55.619588342672806,-1.7729226423961109,-1.4116050402516807,0.00014503471422082275,-0.00050071982497855872
3000,-67.903249066622905,73.050040178779909,0.028427528748099593,0.046547417602838807,0.028748902574992963,0.045913361723336661,61.460000356038414,62.848236097509208,-1.388235741470794,-1.1532987413785281,0.00032137382689336868,-0.00063405587950214788
3000,-56.259151129969865,82.69269488774539,0.032337620398375989,0.052610252966219073,0.032779954348367148,0.051999695718063184,66.069997151692704,67.606717795333211,-1.536720643640507,-1.5634608900518197,0.00044233394999115664,-0.00061055724815588697
3000,-43.377928753087168,90.117320958973622,0.036627362070947522,0.057626099012821848,0.036824764436392175,0.056845999360435738,67.876665751139328,69.605526731095765,-1.7288609799564369,-1.5362641621563202,0.00019740236544465078,-0.00078009965238610675
3000,-29.691056807338413,95.636185556921376,0.041227566265007731,0.06101849429265474,0.041280926787959658,0.05998601311334556,66.819999694824219,69.054609092664208,-2.2346093978399892,-1.9279822721648103,5.3360522951930143e-05,-0.0010324811793091834
3000,-14.960351993672056,98.998282299104517,0.045765480641192562,0.063404078992848029,0.045610545740029561,0.061632823362390135,63.533334096272789,65.751015739662932,-2.2176816433901436,-1.7156388819612356,-0.00015493490116300177,-0.0017712556304578942
3000,-0.12473920311205161,100.33982502831186,0.0500579063063709,0.064329349772897934,0.049538487421404515,0.061111980045517211,58.159999847412109,60.369911422707283,-2.2099115752951732,-1.5796747892571139,-0.00051941888496638501,-0.0032173697273807245
3000,-0.3603788950451714,99.77149042009539,0.050235322542629544,0.064065388522194747,0.049766610379536745,0.060953351830241392,57.696666717529297,60.421689788863603,-2.7250230713343058,-2.1503955901241287,-0.0004687121630927969,-0.003112036691953353
