id_A,iq_A,psi_d_truth_Wb,psi_q_truth_Wb,psi_d_raw_Wb,psi_q_raw_Wb,psi_d_corrected_Wb,psi_q_corrected_Wb,torque_measured_Nm,torque_raw_Nm,residual_raw_Nm,residual_corrected_Nm,radial_null_d_Wb,radial_null_q_Wb
-90,-90,0.054909999999999994,-0.076554000000000011,0.052448185273516294,-0.06273547815609877,0.055201665360146542,-0.076472869829663059,-52.020864945666204,-46.649383688994099,-5.3714812566721051,1.3073218062066783,-0.0010800000000000002,-0.0010800000000000002
-90,-78.75,0.053505156249999998,-0.068180765625,0.050128648529575784,-0.055481928524852349,0.05490523489987862,-0.066896742384975644,-45.353815070397424,-40.234520875233613,-5.1192941951638105,1.19640821316219,-0.0010800000000000002,-0.00094500000000000009
-90,-67.5,0.052287624999999997,-0.05932912500000001,0.047785565652659311,-0.048214337578582935,0.054583940755724709,-0.057540472771058351,-38.632156219910875,-34.041672286321351,-4.5904839335895247,1.2516072569191365,-0.0010800000000000002,-0.00081000000000000017
-90,-56.25,0.051257406250000005,-0.050067421874999997,0.046262743291558842,-0.040549970151756348,0.054641878956587273,-0.048000474381792571,-31.858821080487328,-28.132994807137152,-3.7258262733501759,1.4125966550248146,-0.0010800000000000002,-0.00067500000000000004
-90,-45,0.050414500000000001,-0.040464,0.044157611749950185,-0.033406500732926697,0.053417061594983453,-0.039172146481232351,-25.580747760880584,-22.471549176200224,-3.1091985846803603,1.1009265370026675,-0.0010800000000000002,-0.00054000000000000012
-90,-33.75,0.049758906250000005,-0.030587203125000007,0.044150936645361141,-0.02498101647680747,0.053495822877907197,-0.029187120303025893,-18.908724595088309,-16.822735176121249,-2.0859894189670598,1.036737227219334,-0.0010800000000000002,-0.00040500000000000009
-90,-22.499999999999996,0.049290625000000005,-0.020505374999999999,0.043666354785544974,-0.018262634330806018,0.052319611499531002,-0.020919135449974612,-11.994577347244812,-11.817585326012864,-0.17699202123194802,1.775033174322417,-0.0010800000000000002,-0.00027
-90,-11.250000000000004,0.049009656250000005,-0.010286859375000006,0.042830330953449083,-0.0085767944338396296,0.050125147924115612,-0.0095754738884296989,-5.5247240742614494,-5.6418872502234105,0.11716317596196113,0.89092846421093252,-0.0010800000000000002,-0.00013500000000000006
-90,0,0.048916000000000001,0,0.0423872679762273,-0.0011918250562924159,0.047859183807866135,-0.00030630571620917225,1.2432266801837335,-0.48268914779842842,1.725915827982162,1.3672804952484481,-0.0010800000000000002,0
-90,11.249999999999993,0.049009656250000005,0.010286859374999993,0.042285891893010727,0.007915686495496772,0.045757731844633713,0.010981778846496714,7.9125408608012053,5.3465763077598591,2.5659645530413462,1.1484352533354565,-0.0010800000000000002,0.00013499999999999992
-90,22.499999999999996,0.049290625000000005,0.020505374999999999,0.044181680855652695,0.015830597398901788,0.045769786123899169,0.021250989717540435,14.588291353191142,10.884787133190057,3.7035042200010846,1.3474496725424778,-0.0010800000000000002,0.00027
-90,33.75,0.049758906250000005,0.030587203125000007,0.04393269969992341,0.024981658809212607,0.043974448159206453,0.032759269706273089,21.341256219041352,16.789850584656971,4.5514056343843805,1.3951326738212728,-0.0010800000000000002,0.00040500000000000009
-90,45.000000000000007,0.050414500000000001,0.040464000000000007,0.045027464599049369,0.033312969865133879,0.044001636219632816,0.043279909605460451,27.698461164447281,22.609814376686721,5.0886467877605597,1.2597664397601518,-0.0010800000000000002,0.00054000000000000012
-90,56.250000000000014,0.051257406250000005,0.050067421875000011,0.047078311490245342,0.042562921961369682,0.045525125768420348,0.054385389123615693,34.445899021825419,29.154680990323079,5.2912180315023392,0.89626896662965549,-0.0010800000000000002,0.00067500000000000014
-90,67.5,0.052287624999999997,0.059329124999999996,0.050830509057301604,0.048590138085453503,0.049253142411971804,0.061856324397877138,41.251110645542653,35.118773050764027,6.1323375947786261,1.2386572567659826,-0.0010800000000000002,0.00080999999999999996
-90,78.75,0.053505156249999998,0.068180765625,0.0511855601742226,0.056404637269666845,0.049902328190675117,0.070700762942697712,47.593507327037891,40.982760980955206,6.610746346082685,1.2755607826748241,-0.0010800000000000002,0.00094500000000000009
-90,90,0.054909999999999994,0.076554000000000011,0.054311006407161438,0.063208484942113854,0.053293229540178642,0.078121305758143939,54.557657132301969,47.595393996456494,6.9622631358454754,1.3347703364813226,-0.0010800000000000002,0.0010800000000000002
-78.75,-90,0.060150742187500009,-0.077984156250000006,0.05971357823934513,-0.065601448717826083,0.060745746141166637,-0.077633134130447062,-50.875101374146041,-47.431512576314397,-3.4435887978316444,1.2381677205036254,-0.00094500000000000009,-0.0010800000000000002
-78.75,-78.75,0.058874042968749998,-0.069432152343749998,0.057191667758976716,-0.058287789009171087,0.059979298210488016,-0.067723759355615296,-44.288645986079054,-40.923032492212386,-3.3656134938666682,0.96612503890881651,-0.00094500000000000009,-0.00094500000000000009
-78.75,-67.5,0.057767570312500009,-0.06040174218750001,0.054937737675946827,-0.05015477811907576,0.05944723109031292,-0.05772934431163726,-37.663178580543018,-34.460937315016324,-3.2022412655266947,0.85175425357598833,-0.00094500000000000009,-0.00081000000000000017
-78.75,-56.25,0.056831324218750007,-0.050961269531249999,0.053018428238851292,-0.042858834013999182,0.058867934740476718,-0.04910320230733748,-31.183333591200132,-28.608388951670189,-2.5749446395299422,1.1185597076457543,-0.00094500000000000009,-0.00067500000000000004
-78.75,-45,0.056065304687500012,-0.041179078125000004,0.051218683993723327,-0.033811001560385474,0.057856074021982354,-0.039053511569301397,-24.821899066759237,-22.353557186690573,-2.4683418800686638,0.7335440850633681,-0.00094500000000000009,-0.00054000000000000012
-78.75,-33.75,0.05546951171875001,-0.03112351171875001,0.049833839294421416,-0.026571878258150106,0.056689792229472187,-0.030945221590444619,-18.056226664950415,-16.984923700572196,-1.0713029643782193,1.5197484310144844,-0.00094500000000000009,-0.00040500000000000009
-78.75,-22.499999999999996,0.055043945312500002,-0.020862914062500001,0.05027494007326893,-0.016852224811447363,0.056830288951238865,-0.020301790566188044,-11.817552478233413,-11.062344849975137,-0.75520762825827603,1.1309613099724092,-0.00094500000000000009,-0.00027
-78.75,-11.250000000000004,0.054788605468750001,-0.010465628906250005,0.048599406077781127,-0.0084635471526195508,0.05442029470716065,-0.01074788679860909,-5.4747515913268421,-5.4596144548972241,-0.015137136429618003,1.0890582124802637,-0.00094500000000000009,-0.00013500000000000006
-78.75,0,0.054703492187500008,0,0.048943217369006739,0.00026479234947756713,0.053715687407960983,-0.00042603502629862231,0.93028543441069167,0.093835788846112864,0.83644964556457879,1.0812615968552661,-0.00094500000000000009,0
-78.75,11.249999999999993,0.054788605468750001,0.010465628906249995,0.049578029046636739,0.0097036903301718994,0.053139779185547374,0.011151270953725622,7.7013763626799694,5.9486329812406504,1.752743381439319,1.0594433971851176,-0.00094500000000000009,0.00013499999999999992
-78.75,22.499999999999996,0.055043945312500002,0.020862914062500001,0.04952991509486343,0.017993232831100648,0.051870953396402207,0.02195981450031308,14.064748554960982,11.391255787876212,2.6734927670847703,1.0308052600268138,-0.00094500000000000009,0.00027
-78.75,33.75,0.05546951171875001,0.03112351171875001,0.05064437611267425,0.026273363928877649,0.051876565509408175,0.032905008944679279,20.835113705595511,17.002237964408419,3.8328757411870917,1.2956477740834238,-0.00094500000000000009,0.00040500000000000009
-78.75,45.000000000000007,0.056065304687500012,0.041179078125000011,0.051573297770449819,0.034406087838192163,0.051897073667676555,0.043614327756115172,27.177856180797374,22.636250176175437,4.5416060046219364,1.2128713645195566,-0.00094500000000000009,0.00054000000000000012
-78.75,56.250000000000014,0.056831324218750007,0.050961269531250013,0.052823031795312579,0.042659830748806658,0.052493907547428525,0.054125077366038304,33.588456386356611,28.488407444796856,5.1000489415597556,1.1203617468239431,-0.00094500000000000009,0.00067500000000000014
-78.75,67.5,0.057767570312499995,0.060401742187499996,0.054507076455408608,0.050461925833250459,0.053790170994029343,0.063694705228215215,40.255290937933161,34.438969440488499,5.8163214974446618,1.3447153332479767,-0.00094500000000000009,0.00080999999999999996
-78.75,78.75,0.058874042968749998,0.069432152343749998,0.057373728387931963,0.058281989531019186,0.056466386295916209,0.072675907870343573,46.660492886003908,40.98549503752831,5.6749978484755985,0.89569239083560248,-0.00094500000000000009,0.00094500000000000009
-78.75,90,0.060150742187500009,0.077984156250000006,0.059647307483427177,0.065394561808110582,0.05859245983345699,0.080228051771994435,53.211560908518983,47.331357371537194,5.8802035369817887,1.050798829268369,-0.00094500000000000009,0.0010800000000000002
-67.5,-90,0.065630687499999993,-0.079277625000000004,0.065437550290769878,-0.067873451018862663,0.06576566662308439,-0.078333251867520215,-49.569750694519833,-47.118768614741342,-2.4509820797784911,0.85906954258861346,-0.00081000000000000017,-0.0010800000000000002
-67.5,-78.75,0.064482132812499995,-0.070563937500000007,0.063255689279876279,-0.06112148061233879,0.065073796546770021,-0.068957299008955503,-42.911606140421533,-40.981884624554056,-1.9297215158674774,1.094700084810321,-0.00081000000000000017,-0.00094500000000000009
-67.5,-67.5,0.06348671874999999,-0.061371843750000002,0.063435026988469853,-0.053455124070927632,0.066456269679453367,-0.059727508517053572,-36.734905422475705,-35.505383384291981,-1.229522038183724,1.5934172047132709,-0.00081000000000000017,-0.00081000000000000017
-67.5,-56.25,0.062644445312500005,-0.051769687499999995,0.060777303533501553,-0.045608371027445888,0.064588457591167686,-0.051009773420432135,-30.358673366210965,-29.237797656504267,-1.1208757097066986,1.4844986380096121,-0.00081000000000000017,-0.00067500000000000004
-67.5,-45,0.061955312500000005,-0.041825812500000004,0.057980919940354182,-0.036598128255026549,0.062190528638562004,-0.041455754471133893,-23.845666833334231,-22.857817745386036,-0.98784908794819515,1.3401006365814938,-0.00081000000000000017,-0.00054000000000000012
-67.5,-33.75,0.061419320312500005,-0.031608562500000006,0.057496398940001539,-0.026732247980535868,0.061845907637573111,-0.031094510715778095,-17.833492837263993,-16.852185913100502,-0.98130692416349063,1.0043120151100171,-0.00081000000000000017,-0.00040500000000000009
-67.5,-22.499999999999996,0.061036468749999996,-0.021186281249999998,0.056903785104679694,-0.017718668934936847,0.061251169209970431,-0.021455136275329238,-11.35365619493572,-11.143553930835887,-0.21010226409983268,1.3650223312050431,-0.00081000000000000017,-0.00027
-67.5,-11.250000000000004,0.060806757812500001,-0.010627312500000005,0.055772917230111518,-0.0090193713557020719,0.060028445106225167,-0.011826334322395578,-5.0619531372520186,-5.5631379840689004,0.5011848468168818,1.5692359466782881,-0.00081000000000000017,-0.00013500000000000006
-67.5,0,0.060730187500000005,0,0.05568699987021164,0.0011852906356536045,0.059748148054910313,-0.00021518191362762239,1.3484344374049599,0.36003203057978234,0.98840240682517755,1.4137959436693501,-0.00081000000000000017,0
-67.5,11.249999999999993,0.060806757812500001,0.010627312499999993,0.056030061908385241,0.010421482756257039,0.059722156956069972,0.011012615607777606,7.3870935807676119,6.0020472713250763,1.3850463094425356,1.0185773940041241,-0.00081000000000000017,0.00013499999999999992
-67.5,22.499999999999996,0.061036468749999996,0.021186281249999998,0.056605346611841127,0.018447963409970111,0.059685199778308558,0.021463353084605247,14.04215463124541,11.334860230227333,2.7072944010180766,1.4795346542428265,-0.00081000000000000017,0.00027
-67.5,33.75,0.061419320312500005,0.031608562500000006,0.057425503934130442,0.027586407461765293,0.059648038704105573,0.033241093695562822,20.237398862632947,17.100869676507269,3.1365291861256779,1.0813707744197067,-0.00081000000000000017,0.00040500000000000009
-67.5,45.000000000000007,0.061955312500000005,0.041825812500000004,0.057106178671642867,0.0355979966639033,0.058296784908382367,0.043889407506646078,26.545878204054887,22.376892667668308,4.1689855363865789,1.4093717299637119,-0.00081000000000000017,0.00054000000000000012
-67.5,56.250000000000014,0.062644445312500005,0.051769687500000008,0.059016228446051706,0.043855570466862372,0.059142464022749378,0.054564029313095001,32.833172884896634,28.259612354716285,4.5735605301803481,1.2889127752855898,-0.00081000000000000017,0.00067500000000000014
-67.5,67.5,0.06348671874999999,0.061371843749999988,0.060724488616740603,0.050936655852865734,0.059930936216380008,0.063634483662885835,39.058194256978403,33.91707263264292,5.1411216243354829,1.5251979686514066,-0.00081000000000000017,0.00080999999999999996
-67.5,78.75,0.064482132812499995,0.070563937500000007,0.062076065269871659,0.06045925907226099,0.060621038963801048,0.074518647549901784,45.096189067108853,40.362705573210043,4.7334834938988095,0.9785691910291936,-0.00081000000000000017,0.00094500000000000009
-67.5,90,0.065630687499999993,0.079277625000000004,0.065608317058709301,0.067181200041527556,0.063772086726887375,0.08177447123404348,51.722609120606776,46.977657921391256,4.7449511992155209,1.0559183588766845,-0.00081000000000000017,0.0010800000000000002
-56.25,-90,0.071315664062500006,-0.080434406250000007,0.072538239967944548,-0.069504202140349955,0.07258514106593722,-0.078393737136088215,-48.047895024377382,-46.971238353793623,-1.076656670583759,1.1925018198995172,-0.00067500000000000004,-0.0010800000000000002
-56.25,-78.75,0.070295253906250008,-0.07157612109375,0.070887374714792201,-0.063534396240698551,0.072220159534042136,-0.070201259609038932,-41.746284519203002,-41.202857462981306,-0.54342705622169518,1.616428354211159,-0.00067500000000000004,-0.00094500000000000009
-56.25,-67.5,0.069410898437500007,-0.062239429687500007,0.06995409566415732,-0.055670838268518104,0.071974583193819636,-0.061240565411487424,-35.751901053521387,-35.340237494706436,-0.41166355881495065,1.6118967113840856,-0.00067500000000000004,-0.00081000000000000017
-56.25,-56.25,0.068662597656250005,-0.052492675781249998,0.067498727834507444,-0.0472164381526404,0.06972820160318198,-0.052318517459822994,-29.406756654009705,-29.037276390496796,-0.36948026351290864,1.4863191088134275,-0.00067500000000000004,-0.00067500000000000004
-56.25,-45,0.0680503515625,-0.042404203125000005,0.065600150309717539,-0.038815380131841035,0.06778561036494217,-0.043589673903549307,-23.579057016659075,-23.109173533590067,-0.46988348306900818,1.1811652890776361,-0.00067500000000000004,-0.00054000000000000012
-56.25,-33.75,0.067574160156250007,-0.032042355468750006,0.064572287701462505,-0.028440484805500949,0.066745959062370533,-0.032731963813308979,-17.337063404900849,-17.005913911052044,-0.33114949384880532,1.0852574679405089,-0.00067500000000000004,-0.00040500000000000009
-56.25,-22.499999999999996,0.067234023437499998,-0.021475476562499998,0.062589195614636731,-0.018696567726024092,0.064966957376300163,-0.022280444831436996,-11.087038400539464,-11.069724761631816,-0.017313638907648254,1.1306036317684145,-0.00067500000000000004,-0.00027
-56.25,-11.250000000000004,0.067029941406250002,-0.010771910156250005,0.062041553870810028,-0.0087193624708112663,0.064860900370986574,-0.011313633490832808,-4.9772039196460396,-5.3479422901338598,0.37073837048782021,1.1701426390022112,-0.00067500000000000004,-0.00013500000000000006
-56.25,0,0.066961914062500003,0,0.063067426036112012,0.00063679068356703211,0.066424357141002754,-0.00062865302356555279,1.0943667372575527,0.16118764177790501,0.93317909547964772,1.2534945338475831,-0.00067500000000000004,0
-56.25,11.249999999999993,0.067029941406250002,0.010771910156249995,0.06364178554718275,0.011262880207935413,0.0673420560896342,0.011698391017689347,7.3897679341938378,6.0727819459597763,1.3169859882340615,1.0194211183034922,-0.00067500000000000004,0.00013499999999999992
-56.25,22.499999999999996,0.067234023437499998,0.021475476562499998,0.064218736422978692,0.019789951699749727,0.067787056317574299,0.022234205934882144,13.430964101474286,11.51147858682574,1.9194855146485459,0.93949127205284877,-0.00067500000000000004,0.00027
-56.25,33.75,0.067574160156250007,0.032042355468750006,0.063775185685300606,0.028341775787767091,0.06662237072034155,0.033013912993262957,19.614973963194952,16.859868322233574,2.7551056409613786,1.1400546836233945,-0.00067500000000000004,0.00040500000000000009
-56.25,45.000000000000007,0.0680503515625,0.042404203125000012,0.064429414954482636,0.036693065874383986,0.066033896736413189,0.043723576231721267,25.635895262200659,22.334888827736179,3.3010064344644796,1.196500939422541,-0.00067500000000000004,0.00054000000000000012
-56.25,56.250000000000014,0.068662597656250018,0.052492675781250012,0.065856447846030966,0.045662974532889221,0.065944551204540486,0.055087378474495505,32.049494033554424,28.228353789664176,3.8211402438902482,1.413286833548435,-0.00067500000000000004,0.00067500000000000014
-56.25,67.5,0.069410898437500007,0.062239429687499993,0.067190045341421867,0.053117041057934349,0.065846669662130597,0.064762425705911703,37.805760332712957,33.85422729024652,3.951533042466437,1.4118454160318916,-0.00067500000000000004,0.00080999999999999996
-56.25,78.75,0.070295253906250008,0.07157612109375,0.06907408490938885,0.061828792707651292,0.066667989859610949,0.075215668927058388,44.178491162438732,40.128541993888909,4.0499491685498228,1.5140560587774443,-0.00067500000000000004,0.00094500000000000009
-56.25,90,0.071315664062500006,0.080434406250000007,0.071534396793125316,0.069857366194936169,0.068589688199183707,0.084196432556390019,50.421403715266166,46.654076519308965,3.7673271959572006,1.3303580037605487,-0.00067500000000000004,0.0010800000000000002
-45,-90,0.077171500000000004,-0.081454499999999999,0.079186988809362119,-0.072031128909217382,0.078791553717586435,-0.079281375012271019,-46.626467012696587,-46.657034071908171,0.030567059211584535,1.3385906829107941,-0.00054000000000000012,-0.0010800000000000002
-45,-78.75,0.076279234375000005,-0.072468703124999992,0.07741836380101727,-0.064470770500915264,0.078223446309164502,-0.070293110554585814,-40.372541811922183,-40.490463698420832,0.11792188649864954,1.5822468611916114,-0.00054000000000000012,-0.00094500000000000009
-45,-67.5,0.075505937500000009,-0.063004500000000005,0.076241790726103514,-0.056322549449934547,0.077439809144736207,-0.06167311568569353,-34.562700076271426,-34.56376019666569,0.0010601203942641746,1.4484478777951371,-0.00054000000000000012,-0.00081000000000000017
-45,-56.25,0.074851609375000003,-0.053130234375000002,0.073724520743898236,-0.047831526747831164,0.07479271015077886,-0.053083888797986117,-28.559580247637495,-28.347403479735053,-0.21217676790244155,1.121811990870595,-0.00054000000000000012,-0.00067500000000000004
-45,-45,0.07431625,-0.042914250000000001,0.072980454215672369,-0.038068958873706316,0.073748372727511571,-0.043024665338856585,-22.431335093911251,-22.487506150599184,0.056171056687933429,1.2152051145283018,-0.00054000000000000012,-0.00054000000000000012
-45,-33.75,0.073899859375000002,-0.032424890625000001,0.071224586079158617,-0.029360295447808025,0.071892325584414746,-0.033568579872340278,-16.577515577288882,-16.762693838953339,0.18517826166445772,1.1387687949930134,-0.00054000000000000012,-0.00040500000000000009
-45,-22.499999999999996,0.073602437499999993,-0.0217305,0.06934150719027507,-0.019178571646480114,0.070328030436849084,-0.022305966227487376,-10.595136655577427,-10.904488361427573,0.30935170585014582,1.0425345872197354,-0.00054000000000000012,-0.00027
-45,-11.250000000000004,0.073423984375000001,-0.010899421875000004,0.069755727686293428,-0.0095292470906334203,0.071483436120844457,-0.011380171676852199,-4.8777293273983844,-5.4610562499718736,0.58332692257348917,1.0456043907819381,-0.00054000000000000012,-0.00013500000000000006
-45,0,0.073364499999999999,0,0.069580043354428717,0.0008565427558142988,0.072258215614823942,0.00033978066400401521,1.2394168873367559,0.17344990805239549,1.0659669792843605,1.1706113028759428,-0.00054000000000000012,0
-45,11.249999999999993,0.073423984375000001,0.010899421874999994,0.07079477811879574,0.00899595234543012,0.074222013516380123,0.0097774921046185521,7.0945444780608256,5.4056659922136312,1.6888784858471944,1.3571128926088278,-0.00054000000000000012,0.00013499999999999992
-45,22.499999999999996,0.073602437499999993,0.0217305,0.071528745744796909,0.020038418050696657,0.075104462634681651,0.022166183908898997,13.164210584698806,11.300065161926758,1.8641454227720473,1.0712315013852431,-0.00054000000000000012,0.00027
-45,33.75,0.073899859375000002,0.032424890625000001,0.071212258631837166,0.028481274216489064,0.074157247671206891,0.032131309821759164,18.974290734632383,16.582819808549306,2.3914709260830769,1.2050685056616035,-0.00054000000000000012,0.00040500000000000009
-45,45.000000000000007,0.07431625,0.042914250000000008,0.072477826818694274,0.038293498029925342,0.074073809214934061,0.043769966430355717,24.904105871763996,22.431193281845477,2.4729125899185185,1.0407413035928101,-0.00054000000000000012,0.00054000000000000012
-45,56.250000000000014,0.074851609375000003,0.053130234375000009,0.074016272998315591,0.046672820789231462,0.073843915030779014,0.054391421155994345,30.947953875871473,28.186615312518008,2.7613385633534655,1.2419500996166788,-0.00054000000000000012,0.00067500000000000014
-45,67.5,0.075505937500000009,0.063004499999999991,0.074406696893969781,0.055731317469581577,0.072496457000650466,0.065921582108961846,36.937513142452559,33.88662596913359,3.0508871733189693,1.5675939514402066,-0.00054000000000000012,0.00080999999999999996
-45,78.75,0.076279234375000005,0.072468703124999992,0.076638767302157754,0.063821537656515159,0.073389539552384059,0.076269326885291838,42.799631273427764,40.082724538146472,2.7169067352812917,1.3476745002800676,-0.00054000000000000012,0.00094500000000000009
-45,90,0.077171500000000004,0.081454499999999999,0.078437325262034285,0.071707923536524248,0.074467699791084377,0.085746935044167472,48.979028718250213,46.28797124727005,2.6910574709801622,1.4558559564171205,-0.00054000000000000012,0.0010800000000000002
-33.75,-90,0.083164023437500012,-0.082337906250000009,0.086479003204319504,-0.074670333825472848,0.08521359784216917,-0.080198599219913208,-45.109252733553866,-46.364553247493092,1.2553005139392255,1.5824166490489688,-0.00040500000000000009,-0.0010800000000000002
-33.75,-78.75,0.082399902343749998,-0.073241683593749995,0.082928980819184234,-0.065968130178845327,0.082899781194929481,-0.071047361845165788,-39.027119569988642,-39.406867348710549,0.37974777872190657,1.1408084711990492,-0.00040500000000000009,-0.00094500000000000009
-33.75,-67.5,0.081737664062500007,-0.063667054687500002,0.081607367038060291,-0.057507614196590659,0.081971057811894316,-0.06280518871679916,-33.308992140966481,-33.522206643918025,0.2132145029515442,1.1282547057602961,-0.00040500000000000009,-0.00081000000000000017
-33.75,-56.25,0.081177308593750011,-0.053682363281250006,0.08068219385856526,-0.047668508411518887,0.080922520189739347,-0.053216426113079265,-27.446958329752182,-27.662335035448763,0.21537670569658118,1.1187993091995061,-0.00040500000000000009,-0.00067500000000000004
-33.75,-45,0.080718835937500011,-0.043355953125000006,0.079367003425952751,-0.039898134084247375,0.079333474904199786,-0.045107515478914374,-21.72727536428415,-22.1313473078005,0.40407194351634956,1.1884572171764241,-0.00040500000000000009,-0.00054000000000000012
-33.75,-33.75,0.080362246093750006,-0.032756167968750007,0.078423808758801741,-0.029749644266055489,0.078327348831619473,-0.033850379858918186,-16.133772769136225,-16.428843178150192,0.29507040901396664,0.90321977573918155,-0.00040500000000000009,-0.00040500000000000009
-33.75,-22.499999999999996,0.080107539062500011,-0.021951351562499999,0.079070709970104139,-0.020508469383655234,0.07933093848507379,-0.023057501059790011,-10.183947452364642,-11.120633172115681,0.93668571975103987,1.350168042704686,-0.00040500000000000009,-0.00027
-33.75,-11.250000000000004,0.079954714843749997,-0.011009847656250005,0.07811752629189854,-0.010581202963787194,0.079154346261516781,-0.011490837345357394,-4.3642095385118997,-5.5617199686525449,1.1975104301406452,1.3881501628035431,-0.00040500000000000009,-0.00013500000000000006
-33.75,0,0.079903773437500006,0,0.077419119717303045,-0.00085482924415668053,0.079443317717291989,-0.00039273769041259828,1.4244579404482962,-0.12982719145629584,1.5542851319045921,1.4841049771797095,-0.00040500000000000009,0
-33.75,11.249999999999993,0.079954714843749997,0.011009847656249995,0.077902616228171517,0.0096787211270227946,0.080724620991450557,0.011009779696154619,6.9841482547637481,5.4137757177177672,1.5703725370459809,1.2253540257180839,-0.00040500000000000009,0.00013499999999999992
-33.75,22.499999999999996,0.080107539062500011,0.021951351562499999,0.076437690931400334,0.018827106464577813,0.079476072094338879,0.020770394274137471,12.532696753967263,10.598683001112038,1.9340137528552255,1.3312408240308258,-0.00040500000000000009,0.00027
-33.75,33.75,0.080362246093750006,0.032756167968750007,0.078739534724467139,0.029402253623487241,0.081229241725418205,0.032067331219892165,18.583024689977943,16.424034105345569,2.1589905846323738,1.3761076739089331,-0.00040500000000000009,0.00040500000000000009
-33.75,45.000000000000007,0.080718835937500011,0.043355953125000013,0.079992384721005283,0.039538752933810685,0.081211143894501042,0.043401479184855644,24.016295351861981,22.203406007826068,1.8128893440359128,0.97943906202556796,-0.00040500000000000009,0.00054000000000000012
-33.75,56.250000000000014,0.081177308593750011,0.053682363281250013,0.08054501267238566,0.0490349642847853,0.080038299241390373,0.054910000195291984,29.79666877141884,27.835141533449395,1.9615272379694453,1.1975179962819245,-0.00040500000000000009,0.00067500000000000014
-33.75,67.5,0.081737664062500007,0.063667054687499988,0.082347890484930325,0.057831087428146938,0.080073431316847576,0.066378284638504745,35.592426145809043,33.796268137947401,1.7961580078616421,1.188919403843685,-0.00040500000000000009,0.00080999999999999996
-33.75,78.75,0.082399902343749998,0.073241683593749995,0.084192981867558775,0.06649123981337228,0.080450897816288891,0.07778867984894465,41.449380279918003,39.934244995972051,1.515135283945952,1.1254376142121623,-0.00040500000000000009,0.00094500000000000009
-33.75,90,0.083164023437500012,0.082337906250000009,0.086482297718443332,0.074201154480796394,0.081783040836690454,0.08773107070553339,47.471681697473578,46.294630912740502,1.1770507847330762,1.0253937952110614,-0.00040500000000000009,0.0010800000000000002
-22.499999999999996,-90,0.0892590625,-0.083084625000000009,0.091481152659784182,-0.076423724090113124,0.089018628640307587,-0.080174809899523025,-43.380485469794458,-44.787768891336547,1.4072834215420897,0.78975863185682049,-0.00027,-0.0010800000000000002
-22.499999999999996,-78.75,0.088623085937499999,-0.073895062499999997,0.089692294073508663,-0.067926698583315209,0.088561372136876079,-0.072173212918039825,-37.908383053613107,-38.6622849438603,0.75390189024719234,0.78309100534388798,-0.00027,-0.00094500000000000009
-22.499999999999996,-67.5,0.088071906249999998,-0.064227093750000006,0.087731129841926409,-0.058475701661617759,0.087196141423343018,-0.063591357411565172,-31.993391407881933,-32.568995482723942,0.57560407484200837,0.93106148737948002,-0.00027,-0.00081000000000000017
-22.499999999999996,-56.25,0.087605523437499999,-0.054149062500000004,0.086724020945223995,-0.04916405420435116,0.08632431815142054,-0.054859454053420423,-26.482805538840367,-26.929878289950377,0.4470727511100101,0.92255721614677344,-0.00027,-0.00067500000000000004
-22.499999999999996,-45,0.087223937500000001,-0.043729312500000006,0.085429802437034089,-0.040374339017605253,0.084996717491405679,-0.045714601145004689,-20.951571053520716,-21.387436819031937,0.43586576551122036,0.88886760442065982,-0.00027,-0.00054000000000000012
-22.499999999999996,-33.75,0.086927148437500004,-0.033036187500000001,0.086540368868565087,-0.031023871471083559,0.086184043549445435,-0.034963184024125286,-15.273629121922315,-16.284485508360532,1.010856386438217,1.3555948745923954,-0.00027,-0.00040500000000000009
-22.499999999999996,-22.499999999999996,0.086715156249999994,-0.022138031249999999,0.085731421796875595,-0.021663607624662882,0.085723808127768808,-0.023663229871236192,-9.7438616773855742,-10.873746728930769,1.1298850515451946,1.3315759200136799,-0.00027,-0.00027
-22.499999999999996,-11.250000000000004,0.0865879609375,-0.011103187500000005,0.086169148763823256,-0.011502533127734174,0.086788033197193026,-0.011565220654192895,-4.1640476531571151,-5.5269446353516383,1.3628969821945232,1.4005751186878133,-0.00027,-0.00013500000000000006
-22.499999999999996,0,0.086545562500000006,0,0.085460579684082924,-0.00099471658579301336,0.086832917015199712,0.00033527870304450764,1.2466341376083621,-0.10071505431154258,1.3473491919199045,1.2126871689251055,-0.00027,0
-22.499999999999996,11.249999999999993,0.0865879609375,0.011103187499999993,0.084401555918919527,0.0090257934521985606,0.086360074235875883,0.010846936253177371,6.6809298245019706,5.186690355430402,1.4942394690715686,1.2106987706765486,-0.00027,0.00013499999999999992
-22.499999999999996,22.499999999999996,0.086715156249999994,0.022138031249999999,0.084843507292310119,0.019273555625148053,0.086929294323886228,0.021063878917288267,12.171721342397177,10.541852620392637,1.6298687220045398,1.2374125517282626,-0.00027,0.00027
-22.499999999999996,33.75,0.086927148437500004,0.033036187500000001,0.086614680102634581,0.029383681123158367,0.088225750964013958,0.031184999087783084,17.690995705222466,16.129702254307411,1.5612934509150556,1.1342286199248108,-0.00027,0.00040500000000000009
-22.499999999999996,45.000000000000007,0.087223937500000001,0.043729312500000006,0.087261442933511429,0.040673854443069105,0.087814578908164853,0.043091762463804403,23.262479112038395,21.788669956396816,1.4738091556415789,1.1169859336748118,-0.00027,0.00054000000000000012
-22.499999999999996,56.250000000000014,0.087605523437499999,0.054149062500000011,0.089724442348701958,0.050927068178944337,0.088816027861591346,0.055094569302018434,28.705575068627557,27.867865122633305,0.83770994599425208,0.64569287433287459,-0.00027,0.00067500000000000014
-22.499999999999996,67.5,0.088071906249999998,0.064227093749999992,0.089957146785862932,0.059961907709580313,0.087467438648441614,0.066886434859113691,34.518688051240822,33.395626491800876,1.1230615594399467,1.1782020322914191,-0.00027,0.00080999999999999996
-22.499999999999996,78.75,0.088623085937499999,0.073895062499999997,0.092344655600503547,0.068790443953835809,0.088391362598405923,0.078789051607366323,40.222311628620709,39.689669778754315,0.53264184986639407,0.92123103256477656,-0.00027,0.00094500000000000009
-22.499999999999996,90,0.0892590625,0.083084625000000009,0.092659767060348577,0.076830987624175631,0.087507900992919579,0.089511728560331627,45.981115098688221,45.306343156388962,0.67477194229925885,1.477352679822209,-0.00027,0.0010800000000000002
-11.250000000000004,-90,0.095422445312499993,-0.083694656249999999,0.099742978596318962,-0.077993017156143388,0.095877116565056902,-0.079974443735348399,-41.630045832053604,-44.344302825038937,2.7142569929853337,1.2488925908964543,-0.00013500000000000006,-0.0010800000000000002
-11.250000000000004,-78.75,0.094914613281250004,-0.074428839843750011,0.096787600479837324,-0.070231257014925288,0.09434355295148622,-0.073452063949480409,-36.263967213692432,-37.854563306422946,1.5905960927305145,0.88754010093294455,-0.00013500000000000006,-0.00094500000000000009
-11.250000000000004,-67.5,0.094474492187499995,-0.064684617187500001,0.094193515458351709,-0.060165804158629606,0.092650671042690119,-0.064781660265977176,-30.770876254830689,-31.657174156004956,0.88629790117426666,0.65133662535152792,-0.00013500000000000006,-0.00081000000000000017
-11.250000000000004,-56.25,0.094102082031250006,-0.054530332031249996,0.094513308592460502,-0.051434077243603174,0.093512558321678887,-0.056929593544057806,-25.34121275322719,-26.527531397923976,1.1863186446967866,1.2112142451157069,-0.00013500000000000006,-0.00067500000000000004
-11.250000000000004,-45,0.093797382812499996,-0.044034328125000001,0.093236348496093358,-0.041222786099587197,0.092578933313153047,-0.046430978537410211,-20.208942699246371,-20.967264116750506,0.75832141750413484,0.88885958512351226,-0.00013500000000000006,-0.00054000000000000012
-11.250000000000004,-33.75,0.093560394531250007,-0.033264949218749999,0.093721293380731721,-0.031610286043957041,0.09335481320909679,-0.035302843324941859,-14.767211197504741,-15.834192163173956,1.0669809656692149,1.1982575019520172,-0.00013500000000000006,-0.00040500000000000009
-11.250000000000004,-22.499999999999996,0.093391117187499997,-0.0222905390625,0.09312042971349592,-0.020694752907902382,0.093080611019092499,-0.02226444815704667,-9.4845107807629034,-10.47611537445402,0.99160459369111642,1.0670387728706994,-0.00013500000000000006,-0.00027
-11.250000000000004,-11.250000000000004,0.093289550781250008,-0.011179441406250004,0.093758260577411545,-0.01127798941190076,0.094094116011824297,-0.010776693300504936,-4.1465201969128538,-5.3174601557089378,1.170939958796084,1.1625645245238156,-0.00013500000000000006,-0.00013500000000000006
-11.250000000000004,0,0.093255695312499998,0,0.093150830583535682,-0.0012359538377885991,0.09384952450266193,0.00062536541654417948,1.2673462071949662,-0.062570163038047841,1.3299163702330139,1.2356870829824169,-0.00013500000000000006,0
-11.250000000000004,11.249999999999993,0.093289550781250008,0.011179441406249994,0.091855915925434531,0.0097986071801870866,0.09277359046980653,0.011873098192632109,6.5831115592968352,5.1462602322220921,1.4368513270747432,1.2853729457608818,-0.00013500000000000006,0.00013499999999999992
-11.250000000000004,22.499999999999996,0.093391117187499997,0.0222905390625,0.092864856345868205,0.021056524905380781,0.093723023699325197,0.022654310640216557,11.930333781203782,10.468553278354054,1.4617805028497273,1.294003155486146,-0.00013500000000000006,0.00027
-11.250000000000004,33.75,0.093560394531250007,0.033264949218749999,0.092969826020709301,0.031578215964554207,0.093417326847419394,0.032689608114243658,16.943737618710468,15.718439510100781,1.225298108609687,1.1010696929750623,-0.00013500000000000006,0.00040500000000000009
-11.250000000000004,45.000000000000007,0.093797382812499996,0.044034328125000008,0.095346073058531849,0.041296095659155881,0.095026995501682102,0.042591594644346351,22.36527569779253,21.398194637097468,0.96708106069506172,0.96610962983186854,-0.00013500000000000006,0.00054000000000000012
-11.250000000000004,56.250000000000014,0.094102082031250006,0.05453033203125001,0.096701628697690889,0.051538496711130921,0.095322812450944358,0.054327262062954254,27.865824979631547,27.086736160104017,0.77908881952753006,0.98692043604918867,-0.00013500000000000006,0.00067500000000000014
-11.250000000000004,67.5,0.094474492187499995,0.064684617187499988,0.097733422724628358,0.060120117555165505,0.095108533988417371,0.065604428218289185,33.195327358109971,32.730108103836116,0.46521925427385469,0.9848859805773047,-0.00013500000000000006,0.00080999999999999996
-11.250000000000004,78.75,0.094914613281250004,0.074428839843750011,0.09885748756590057,0.068835114471235664,0.094888681645167464,0.077465496900218631,38.779586501045706,38.517399826272325,0.26218667477338187,1.2317191624659143,-0.00013500000000000006,0.00094500000000000009
-11.250000000000004,90,0.095422445312499993,0.083694656249999999,0.10102307519895228,0.078354346320243962,0.095664547693143559,0.08980831131527417,44.094575095218204,44.881034238038019,-0.78645914281981533,0.80388751915931334,-0.00013500000000000006,0.0010800000000000002
0,-90,0.10162,-0.084168000000000007,0.10731022331508237,-0.078995704350340382,0.10195573295006806,-0.079312832461389204,-39.990816725882553,-43.460640442608359,3.4698237167258057,1.3012551188950079,0,-0.0010800000000000002
0,-78.75,0.10124031250000001,-0.074843015624999995,0.10572606123537348,-0.072205677079356392,0.10181352173659831,-0.074193033720919441,-34.594298034209196,-37.466672950285478,2.8723749160762821,1.4858687311978305,0,-0.00094500000000000009
0,-67.5,0.10091125000000001,-0.065039625000000004,0.1032815099788465,-0.062122763775051007,0.10057680750440384,-0.065839614042139033,-29.461842085102557,-31.371758656074626,1.9099165709720687,1.0883631943601126,0,-0.00081000000000000017
0,-56.25,0.1006328125,-0.054826171874999996,0.1027302797145237,-0.051757668987915673,0.10101861131203371,-0.056602169192191756,-24.169148519171507,-26.00360205273881,1.8344535335673022,1.4011874691870243,0,-0.00067500000000000004
0,-45,0.10040500000000002,-0.044271000000000005,0.10263314044715932,-0.042285845650139972,0.10169995679031747,-0.047014779811916013,-19.058189143171433,-20.783210940549761,1.7250217973783286,1.5360521068678541,0,-0.00054000000000000012
0,-33.75,0.1002278125,-0.033442453125000007,0.10121979012623979,-0.032180068247610757,0.10083824214043276,-0.035507418892177629,-14.068431602882294,-15.372755625422668,1.3043240225403743,1.2463764221959308,0,-0.00040500000000000009
0,-22.499999999999996,0.10010125000000002,-0.022408874999999998,0.10060801818524058,-0.021958589089956047,0.10054881623557219,-0.023247547998209536,-9.009628632088841,-10.186561841255607,1.1769332091667657,1.1709390117628411,0,-0.00027
0,-11.250000000000004,0.1000253125,-0.011238609375000005,0.10022623283172342,-0.010794394668923421,0.10027591941307773,-0.01009591071329482,-3.7923487552901141,-5.0739530371059995,1.2816042818158855,1.2841196649969475,0,-0.00013500000000000006
0,0,0.10000000000000001,0,0.099856692480287501,0.00033583353639020234,0.099836063909652328,0.0022830543919341042,1.0843994732962812,0,1.0843994732962812,1.0843994732962812,0,0
0,11.249999999999993,0.1000253125,0.011238609374999993,0.099929552697186716,0.01081067126541386,0.099709924628468338,0.01281098835927473,6.3730371194794548,5.0589336052950742,1.3141035141843806,1.3252221851632482,0,0.00013499999999999992
0,22.499999999999996,0.10010125000000002,0.022408874999999998,0.099262008246461392,0.021134231382934628,0.098757763232702134,0.022458358931498414,11.287160754235185,10.050278334954214,1.2368824192809704,1.2879372269240954,0,0.00027
0,33.75,0.1002278125,0.033442453125000007,0.1008549063730813,0.031869800263149568,0.099992323476080003,0.032485629754690451,16.405147765810618,15.317338905411722,1.087808860398896,1.2188136378809675,0,0.00040500000000000009
0,45.000000000000007,0.10040500000000002,0.044271000000000005,0.10127304202780998,0.04143807175029076,0.099956970250233701,0.042010671944971163,21.658009902189363,20.507791010631525,1.150218891557838,1.4167234265170365,0,0.00054000000000000012
0,56.250000000000014,0.1006328125,0.05482617187500001,0.10190120389246149,0.052683431673278845,0.099981930071694494,0.054532754129350075,26.629891655904228,25.793742235279321,0.83614942062490627,1.3219656065065504,0,0.00067500000000000014
0,67.5,0.10091125000000001,0.06503962499999999,0.1041140882162311,0.061582074656723683,0.10136518531690342,0.065923683336880048,31.869185751443055,31.624654295680198,0.24453145576285706,1.0795107114336413,0,0.00080999999999999996
0,78.75,0.10124031250000001,0.074843015624999995,0.10466952137172458,0.070162726620337679,0.10079494724607208,0.077451049302560249,37.124601359484252,37.092261636104901,0.032339723379351426,1.4053919291574577,0,0.00094500000000000009
0,90,0.10162,0.084168000000000007,0.10731635742182995,0.078756790607452998,0.10196604174710741,0.088663464114424301,42.276553041523201,43.463124755841136,-1.1865717143179353,0.98030613394469324,0,0.0010800000000000002
11.249999999999993,-90,0.10781755468749998,-0.084504656250000004,0.11501868750034129,-0.081414583525170586,0.10822006909174518,-0.080301619496820728,-38.267857232655913,-42.460955146676454,4.1930979140205409,1.4960012624743291,0.00013499999999999992,-0.0010800000000000002
11.249999999999993,-78.75,0.10756601171874998,-0.075137589843750005,0.11291518374774448,-0.072563540922471345,0.10745889969124345,-0.073180170792976354,-33.166756655835272,-36.340788981406845,3.1740323255715737,1.2092447758547054,0.00013499999999999992,-0.00094500000000000009
11.249999999999993,-67.5,0.10734800781249998,-0.065292117187499998,0.11253310501698537,-0.063936488353740939,0.10850331792428142,-0.066379127625969508,-27.844428952777289,-30.945145926001171,3.1007169732238822,1.7530105306584864,0.00013499999999999992,-0.00081000000000000017
11.249999999999993,-56.25,0.10716354296875,-0.055036582031249996,0.11075165597813993,-0.052543272213780565,0.10811256168965935,-0.056276396086132864,-23.256269444454123,-25.374009763644032,2.1177403191899096,1.2607301813804281,0.00013499999999999992,-0.00067500000000000004
11.249999999999993,-45,0.10701261718749999,-0.044439328125000004,0.10955892865892128,-0.042792817712460074,0.10811533983688029,-0.046667333079072879,-18.204866857728049,-20.01929665673827,1.8144297990102203,1.3259557221121483,0.00013499999999999992,-0.00054000000000000012
11.249999999999993,-33.75,0.10689523046874999,-0.033568699218750005,0.10860221580446239,-0.032220176158315635,0.10798570880673386,-0.035030609927783167,-13.361092161247333,-14.862815107287998,1.5017229460406654,1.2658127361813523,0.00013499999999999992,-0.00040500000000000009
11.249999999999993,-22.499999999999996,0.10681138281249998,-0.022493039062499998,0.10764033229756521,-0.022075938727517272,0.10738348574874815,-0.023204606080083155,-8.3562110351116381,-9.7809892470479163,1.4247782119362782,1.3416337141449026,0.00013499999999999992,-0.00027
11.249999999999993,-11.250000000000004,0.10676107421874999,-0.011280691406250005,0.10686130639190272,-0.011305714492175857,0.10650500869404755,-0.01075860169263374,-3.6157511683598553,-4.8375018399236751,1.2217506715638198,1.2314106860867218,0.00013499999999999992,-0.00013500000000000006
11.249999999999993,0,0.10674430468749999,0,0.10709547577201818,-0.0022149276204597094,0.10629681826289072,-0.00062169201815326131,1.2279537691811273,0.11213071078577272,1.1158230583953546,1.1964806107621184,0.00013499999999999992,0
11.249999999999993,11.249999999999993,0.10676107421874999,0.011280691406249994,0.10846743667187461,0.0099119849055912049,0.10709802641052713,0.011504942641655979,6.1321694081923086,4.9893697456680943,1.1427996625242143,1.2927695423932097,0.00013499999999999992,0.00013499999999999992
11.249999999999993,22.499999999999996,0.10681138281249998,0.022493039062499998,0.10857334625335312,0.021044819695870513,0.10671223470607412,0.022002066636576036,10.76431636293416,9.9276573110485593,0.83665905188560075,1.073557222420817,0.00013499999999999992,0.00027
11.249999999999993,33.75,0.10689523046874999,0.033568699218750005,0.10796545805794228,0.032916577267217959,0.10578668568458512,0.033220575988222763,15.664055395903146,14.730852218397075,0.93320317750607096,1.2794941669605586,0.00013499999999999992,0.00040500000000000009
11.249999999999993,45.000000000000007,0.10701261718749999,0.044439328125000011,0.10845399828011892,0.043121159190843111,0.10610455874773753,0.043372267772581866,20.403221616462453,19.778925967687655,0.62429564877479748,1.1127695260325545,0.00013499999999999992,0.00054000000000000012
11.249999999999993,56.250000000000014,0.10716354296875,0.055036582031250003,0.10845448217697359,0.053327976353134361,0.10593299070997544,0.054705468382710717,25.500536835228079,24.752811998169022,0.74772483705905657,1.4557128986402663,0.00013499999999999992,0.00067500000000000014
11.249999999999993,67.5,0.10734800781249998,0.065292117187499984,0.11021934463353897,0.063468665541939501,0.10729446585476625,0.067030961187107149,30.477490401102884,30.266024739376775,0.21146566172610903,1.2802388078149363,0.00013499999999999992,0.00080999999999999996
11.249999999999993,78.75,0.10756601171874998,0.075137589843750005,0.11133116148823535,0.07283109191381168,0.10756595178504251,0.078910476512367073,35.487923678825979,35.76590632425669,-0.27798264543071127,1.3640823884401165,0.00013499999999999992,0.00094500000000000009
11.249999999999993,90,0.10781755468749998,0.084504656250000004,0.11324258643168943,0.082263606116413271,0.10804957159934396,0.090446272417164714,40.528750697495539,41.698652445190795,-1.1699017476952562,1.3475167408802005,0.00013499999999999992,0.0010800000000000002
22.499999999999996,-90,0.1139809375,-0.084704625000000006,0.12072676611823986,-0.082454058171529329,0.11269375688694916,-0.080259782877291255,-36.454050088893993,-40.545866888019802,4.0918167991258088,1.0606184339946805,0.00027,-0.0010800000000000002
22.499999999999996,-78.75,0.11385753906250001,-0.075312562500000013,0.12067322124503906,-0.071884614455596851,0.11377436139798854,-0.071111427058932281,-31.477870522812502,-35.485255565081538,4.0073850422690356,1.6408868078827958,0.00027,-0.00094500000000000009
22.499999999999996,-67.5,0.11375059375000002,-0.065442093750000013,0.12017770351574877,-0.063842107639755175,0.11479278378458456,-0.064739334810773791,-26.758654692893632,-30.039964044383485,3.2813093514898526,1.5547957320830879,0.00027,-0.00081000000000000017
22.499999999999996,-56.25,0.1136601015625,-0.055161562499999997,0.11767082653240139,-0.053203299394782265,0.11395002231680641,-0.055439150221741063,-22.03643236920918,-24.398593902292397,2.3621615330832171,1.1939530697811602,0.00027,-0.00067500000000000004
22.499999999999996,-45,0.11358606250000002,-0.044539312500000004,0.11677331051464374,-0.043747584615753038,0.11457534525517898,-0.046424644838640908,-17.310390211160907,-19.217152436870361,1.9067622257094534,1.1906219131004461,0.00027,-0.00054000000000000012
22.499999999999996,-33.75,0.11352847656249998,-0.033643687500000012,0.11565060578299372,-0.032117564317827044,0.11452285139944729,-0.034242707381297095,-12.788713925713306,-14.312532366112183,1.5238184403988768,1.1373700082214204,0.00027,-0.00040500000000000009
22.499999999999996,-22.499999999999996,0.11348734375000001,-0.022543031249999998,0.1147982647252053,-0.023388529160130907,0.1141013582187715,-0.024416182778559791,-8.0484398810880151,-9.2552357259637805,1.2067958448757654,1.0321841322334191,0.00027,-0.00027
22.499999999999996,-11.250000000000004,0.1134626640625,-0.011305687500000005,0.11541561421213158,-0.013337952720982768,0.11450232451423921,-0.01320036105344057,-3.5185915139400419,-4.4924477564896579,0.973856242549616,0.9415521079324628,0.00027,-0.00013500000000000006
22.499999999999996,0,0.1134544375,0,0.1142828117591142,-0.0014069027358281339,0.11267786734657359,-0.00051412638607836367,0.97972040500960134,0.14244890200259852,0.83727150300700282,0.92766510841916705,0.00027,0
22.499999999999996,11.249999999999993,0.1134626640625,0.011305687499999995,0.11576245048776358,0.0096186478733321906,0.11332708081606187,0.01053520245056069,5.7928035192183298,4.8865859587681433,0.90621756045018653,1.1223093010244711,0.00027,0.00013499999999999992
22.499999999999996,22.499999999999996,0.11348734375000001,0.022543031249999998,0.115693086020594,0.021768323218904918,0.11262141495682172,0.022281786092830339,10.572265965828343,9.5098822336710178,1.0623837321573255,1.4253785433492179,0.00027,0.00027
22.499999999999996,33.75,0.11352847656249998,0.033643687500000012,0.11602431459494815,0.032125230196187966,0.11267160585035702,0.032269738553703631,14.948754375952218,14.368513221743719,0.58024115420849931,1.1040652659917383,0.00027,0.00040500000000000009
22.499999999999996,45.000000000000007,0.11358606250000002,0.044539312500000011,0.11643412121493328,0.043618763140922487,0.11312973759564229,0.043889461286596841,19.865933696578736,19.161509778005591,0.7044239185731449,1.4009697887290986,0.00027,0.00054000000000000012
22.499999999999996,56.250000000000014,0.1136601015625,0.055161562500000011,0.11626566038993491,0.053827507869226486,0.11312709035882,0.055148040717079669,24.293227049715394,23.979710114443101,0.3135169352722933,1.2416714252433909,0.00027,0.00067500000000000014
22.499999999999996,67.5,0.11375059375000002,0.065442093749999999,0.11694520589452839,0.063995809418593091,0.11375235649947957,0.067134765656469739,29.337165293009821,29.042530586830452,0.29463470617936949,1.5822820290104607,0.00027,0.00080999999999999996
22.499999999999996,78.75,0.11385753906250001,0.075312562500000013,0.11816127559009613,0.073894748145964362,0.11439130777896166,0.078960899175840052,33.99693455157648,34.391558787461427,-0.39462423588494744,1.4543058989607451,0.00027,0.00094500000000000009
22.499999999999996,90,0.1139809375,0.084704625000000006,0.11926366473573176,0.083268853137880225,0.11417241637750104,0.089694509743651063,38.787980654615104,39.870812837760994,-1.0828321831458894,1.6297211332718482,0.00027,0.0010800000000000002
33.75,-90,0.12007597656250001,-0.084767906250000011,0.12810036981984754,-0.084556560802156608,0.11921680549711104,-0.081684782456896352,-34.568788481276556,-39.03862210521072,4.4698336239341643,1.3081414094122819,0.00040500000000000009,-0.0010800000000000002
33.75,-78.75,0.12008072265625001,-0.075367933593749992,0.12576867110962076,-0.075054401048334357,0.11772890248444387,-0.073000711765733292,-29.736196530406637,-33.17038566525607,3.4341891348494329,0.897000188097413,0.00040500000000000009,-0.00094500000000000009
33.75,-67.5,0.12008483593750002,-0.065489554687499993,0.12564529068869992,-0.064630384238770544,0.11904396959742242,-0.063869681892476701,-25.210809153285538,-28.349017440429325,3.1382082871437866,1.2485886745116204,0.00040500000000000009,-0.00081000000000000017
33.75,-56.25,0.12008831640625002,-0.055201113281249992,0.12535151790490309,-0.054474064743757135,0.12049915863740591,-0.054974052591782847,-20.922389813355494,-23.456354386720481,2.5339645733649867,1.2297754793608573,0.00040500000000000009,-0.00067500000000000004
33.75,-45,0.12009116406250003,-0.044570953125000007,0.12468959316667183,-0.04492392392045947,0.12152741158507689,-0.046156542796499785,-16.235679382721962,-18.426821670831263,2.191142288109301,1.3635965260377017,0.00040500000000000009,-0.00054000000000000012
33.75,-33.75,0.12009337890625001,-0.033667417968750002,0.12275482808425718,-0.033162430093293303,0.12082278602983576,-0.034450575334053407,-11.94200751773519,-13.606845444877642,1.664837927142452,1.1757719816867576,0.00040500000000000009,-0.00040500000000000009
33.75,-22.499999999999996,0.12009496093750001,-0.022558851562499999,0.12237334071422616,-0.021736233529478489,0.12096153715195597,-0.022654596182774107,-7.2997548285852734,-9.089110280025853,1.7893554514405796,1.506934012791451,0.00040500000000000009,-0.00027
33.75,-11.250000000000004,0.12009591015625001,-0.011313597656250006,0.12259308976331829,-0.012242377910033879,0.12096197886922755,-0.012639773233459946,-3.1864279685242085,-4.3469640241815943,1.1605360556573858,1.0176066518987081,0.00040500000000000009,-0.00013500000000000006
33.75,0,0.12009622656250002,0,0.12326237500877366,-0.00011216169078189647,0.1208642031754015,-0.0001115291517125765,1.1124852653287887,0.017034556787500526,1.0954507085412881,1.0955467754124411,0.00040500000000000009,0
33.75,11.249999999999993,0.12009591015625001,0.011313597656249993,0.12320153445723706,0.010357440029325267,0.11988341129448124,0.010447176379007809,5.4610636120198537,4.6640414774438472,0.79702213457600646,0.97863082779855548,0.00040500000000000009,0.00013499999999999992
33.75,22.499999999999996,0.12009496093750001,0.022558851562499999,0.12295575691612021,0.022609989541769245,0.11896070020134518,0.022646479566759699,9.6179917074343013,9.0153782261009656,0.6026134813333357,1.0126548962497328,0.00040500000000000009,0.00027
33.75,33.75,0.12009337890625001,0.033667417968750002,0.12330925828933956,0.032857339061991543,0.11907521286674493,0.032952946168832674,14.39304047840464,13.737385232653478,0.65565524575116108,1.3132212236592173,0.00040500000000000009,0.00040500000000000009
33.75,45.000000000000007,0.12009116406250003,0.044570953125000007,0.12385511198651578,0.043723127450344679,0.11979560266189211,0.044244928587427325,18.682362472674882,18.44021019574835,0.24215227692653229,1.1434514628572523,0.00040500000000000009,0.00054000000000000012
33.75,56.250000000000014,0.12008831640625002,0.055201113281250005,0.12322496489599559,0.055392026829090217,0.1195110053902412,0.056937783144576447,23.145043687889466,22.778655164630813,0.36638852325865301,1.541246263567202,0.00040500000000000009,0.00067500000000000014
33.75,67.5,0.12008483593750002,0.065489554687499993,0.12492569965512167,0.065078979746663754,0.12133862566933759,0.068045761839523281,27.782858834689527,28.062311221218646,-0.27945238652911897,1.2607013670058336,0.00040500000000000009,0.00080999999999999996
33.75,78.75,0.12008072265625001,0.075367933593749992,0.12591073767339023,0.074390908792999672,0.12188397329827161,0.078601969089240553,32.32562014990144,33.321498390070829,-0.99587824016938953,1.0706611677548574,0.00040500000000000009,0.00094500000000000009
33.75,90,0.12007597656250001,0.084767906250000011,0.1269661774224039,0.083832190187263983,0.12168182801012788,0.088524659916789317,36.947095017694771,38.689287971382868,-1.7421929536880967,1.110637398455355,0.00040500000000000009,0.0010800000000000002
45.000000000000007,-90,0.1260685,-0.084694500000000006,0.13404877473572779,-0.085723084976895347,0.12487258956315588,-0.0825689759169424,-32.691706005021494,-36.930829060148454,4.2391230551269601,1.1614751448758054,0.00054000000000000012,-0.0010800000000000002
45.000000000000007,-78.75,0.12620139062500002,-0.07530370312500001,0.13323551639912773,-0.075946212600306304,0.12455700425349439,-0.072856553524663178,-28.162727580799576,-31.836228072378862,3.6735004915792864,1.2237087127882029,0.00054000000000000012,-0.00094500000000000009
45.000000000000007,-67.5,0.12631656250000003,-0.065434499999999993,0.13271963419303823,-0.06552421673018706,0.12520942231854032,-0.063204128658798306,-23.957870190307847,-27.044934998272488,3.0870648079646408,1.275655785542124,0.00054000000000000012,-0.00081000000000000017
45.000000000000007,-56.25,0.12641401562500001,-0.055155234375000008,0.13107712110907144,-0.055363827913542558,0.12514780058122027,-0.054108526709152886,-19.538953748857072,-21.967721128241337,2.428767379384265,1.182106614660845,0.00054000000000000012,-0.00067500000000000004
45.000000000000007,-45,0.12649375000000004,-0.044534249999999997,0.13112012644875792,-0.045476624649198494,0.12681802004784454,-0.04517814026574539,-15.108444836228543,-17.342809114410784,2.234364278182241,1.4236308196465335,0.00054000000000000012,-0.00054000000000000012
45.000000000000007,-33.75,0.12655576562500001,-0.033639890625000002,0.13083238090797095,-0.033917533573435993,0.12778625898645679,-0.034268492261207185,-11.163369962467645,-13.001867301777301,1.8384973393096562,1.304798438206026,0.00054000000000000012,-0.00040500000000000009
45.000000000000007,-22.499999999999996,0.12660006250000003,-0.022540499999999998,0.13115705919495718,-0.022347613811143301,0.12872309973887933,-0.023076831763543061,-7.1235788059503387,-8.7542604467328946,1.630681640782556,1.2365766104937224,0.00054000000000000012,-0.00027
45.000000000000007,-11.250000000000004,0.12662664062500001,-0.011304421875000005,0.13009049612825285,-0.0094981315035669971,0.12757091336646911,-0.010383738389132952,-2.8752375265906558,-4.6624597370204848,1.787222210429829,1.4803329387874204,0.00054000000000000012,-0.00013500000000000006
45.000000000000007,0,0.12663550000000001,0,0.12951541601377242,0.00080724413670376087,0.12637839368965284,-6.2194825699384742e-05,1.2236710205031445,-0.16346693768251161,1.387137958185656,1.211076568299019,0.00054000000000000012,0
45.000000000000007,11.249999999999993,0.12662664062500001,0.011304421874999993,0.12973834292893596,0.011540383174384628,0.12582005533145141,0.010824609522193954,5.3247238492866105,4.231076017964492,1.0936478313221185,1.147066976376163,0.00054000000000000012,0.00013499999999999992
45.000000000000007,22.499999999999996,0.12660006250000003,0.022540499999999998,0.12978556780782985,0.023280014751680244,0.12529516615600667,0.022877360350888481,9.3055436161949956,8.4265857533275206,0.87895786286747501,1.2520735139542416,0.00054000000000000012,0.00027
45.000000000000007,33.75,0.12655576562500001,0.033639890625000002,0.13044264125430716,0.033915575580511115,0.12577020543504808,0.034021704932295498,13.593497385254736,12.943072085444397,0.65042529981033859,1.3815426835966502,0.00054000000000000012,0.00040500000000000009
45.000000000000007,45.000000000000007,0.12649375000000004,0.044534250000000004,0.13095527649538533,0.043699211867159415,0.12646185456068731,0.04454600003268798,17.681676186814592,17.669353087215747,0.012323099598845033,1.0937156448947289,0.00054000000000000012,0.00054000000000000012
45.000000000000007,56.250000000000014,0.12641401562500001,0.055155234375000022,0.13218246212085782,0.05465719655349479,0.12799135223730418,0.056497824242108002,22.048852618071606,22.390603422259449,-0.34175080418784276,1.0918509920308468,0.00054000000000000012,0.00067500000000000014
45.000000000000007,67.5,0.12631656250000003,0.065434499999999993,0.13236529285619997,0.064902871971115092,0.12822348106759343,0.067744252563362334,26.404103521438909,27.06312613091993,-0.65902260948102054,1.1744322912382845,0.00054000000000000012,0.00080999999999999996
45.000000000000007,78.75,0.12620139062500002,0.07530370312500001,0.13295742727419962,0.075336983840755295,0.12828391195341313,0.078708319917679154,30.757823984229994,31.861049062541539,-1.1032250783115458,1.2356474690692481,0.00054000000000000012,0.00094500000000000009
45.000000000000007,90,0.1260685,0.084694500000000006,0.13373535093755398,0.085131354402064346,0.12772369978317483,0.08807650643034956,35.271634137432585,36.923717863291337,-1.652083725858752,1.3790282773925662,0.00054000000000000012,0.0010800000000000002
56.250000000000014,-90,0.13192433593750003,-0.084484406250000005,0.13955736811453257,-0.086593413436410763,0.13079384065241317,-0.083480466923967114,-30.92032562650996,-34.601776310294206,3.6814506837842451,0.92018664758818325,0.00067500000000000014,-0.0010800000000000002
56.250000000000014,-78.75,0.13218537109375003,-0.075119871093750012,0.13899275609401357,-0.078057767017752869,0.13035106290157034,-0.07431824252113646,-26.598633343104979,-29.497185664447365,2.8985523213423861,0.7827194344763444,0.00067500000000000014,-0.00094500000000000009
56.250000000000014,-67.5,0.13241160156250004,-0.065276929687500013,0.13841838357052469,-0.06769822929871544,0.13045437869569287,-0.064179621522450561,-22.576500810622747,-24.908469718309529,2.3319689076867824,0.80355002032366318,0.00067500000000000014,-0.00081000000000000017
56.250000000000014,-56.25,0.13260302734375004,-0.055023925781249997,0.13730585840792617,-0.057314903086055823,0.13044657496187342,-0.054574551179846158,-18.583611186353227,-20.247710565848429,1.6640993794952017,0.62149483347241974,0.00067500000000000014,-0.00067500000000000004
56.250000000000014,-45,0.13275964843750004,-0.044429203125000004,0.13740694956311184,-0.045807210589748737,0.13182065742490878,-0.044114388134004784,-14.36294556320097,-16.229957105999993,1.8670115427990233,1.1642830689230963,0.00067500000000000014,-0.00054000000000000012
56.250000000000014,-33.75,0.13288146484375002,-0.033561105468750012,0.13745082110139215,-0.034033382396586827,0.13296810010861848,-0.03343268274475035,-10.47190855081803,-12.26064353563789,1.7887349848198593,1.2599738334134662,0.00067500000000000014,-0.00040500000000000009
56.250000000000014,-22.499999999999996,0.13296847656250002,-0.022487976562499998,0.1384536053101694,-0.02170613621537245,0.13466421907443382,-0.02209075261147242,-6.4502764564226194,-8.5240618081384962,2.0737853517158769,1.592753970084845,0.00067500000000000014,-0.00027
56.250000000000014,-11.250000000000004,0.13302068359375002,-0.011278160156250005,0.13663648462141845,-0.010880276424700325,0.1330522485344931,-0.011996084006336186,-2.5535791264302778,-4.1631520639570407,1.6095729375267629,1.1456821915245894,0.00067500000000000014,-0.00013500000000000006
56.250000000000014,0,0.13303808593750002,0,0.13738366886785405,0.0016321252788154702,0.13360248685817391,0.00018656948047379024,1.2257960080026138,-0.41313171120016601,1.6389277192027798,1.2730214077475417,0.00067500000000000014,0
56.250000000000014,11.249999999999993,0.13302068359375002,0.011278160156249994,0.1370138324586736,0.012321075974385974,0.13287059984287372,0.011045231531506895,5.0493266515494541,3.817552912203896,1.2317737393455581,1.1185767659166597,0.00067500000000000014,0.00013499999999999992
56.250000000000014,22.499999999999996,0.13296847656250002,0.022487976562499998,0.13739963017223172,0.024075733544236075,0.1329726635521008,0.023369870619961694,9.1329806029582485,7.8175425015537021,1.3154381014045464,1.5849969189858504,0.00067500000000000014,0.00027
56.250000000000014,33.75,0.13288146484375002,0.033561105468750012,0.1381745071335666,0.035019320790319823,0.13364750133841657,0.035135218635674745,12.647956095569494,12.12098769586072,0.52696839970877463,1.2438440469526506,0.00067500000000000014,0.00040500000000000009
56.250000000000014,45.000000000000007,0.13275964843750004,0.044429203125000011,0.13872045800483943,0.044655393629765984,0.13423130912891304,0.045696340583657319,16.9324695510868,16.78749623344547,0.14497331764133037,1.3175156627201652,0.00067500000000000014,0.00054000000000000012
56.250000000000014,56.250000000000014,0.13260302734375004,0.05502392578125001,0.13942352603802319,0.055297707437606466,0.13491415940155382,0.057211816581906466,20.911550081718556,21.294347833230489,-0.38279775151193363,1.2431445554953116,0.00067500000000000014,0.00067500000000000014
56.250000000000014,67.5,0.13241160156250004,0.065276929687499999,0.14033423422197902,0.064922950719998165,0.13545717594922821,0.067383162519587855,24.921682056746413,26.192901743926587,-1.2712196871801744,0.83292787493902498,0.00067500000000000014,0.00080999999999999996
56.250000000000014,78.75,0.13218537109375003,0.075119871093750012,0.14140058392824792,0.076586279619832373,0.1355766907294958,0.078886567414724801,28.815680672172093,30.722929900802782,-1.9072492286306897,0.73885327175923532,0.00067500000000000014,0.00094500000000000009
56.250000000000014,90,0.13192433593750003,0.084484406250000005,0.14180866606215567,0.085501824771768417,0.13432871953114223,0.086553772392510983,33.031098359751539,35.789860359819158,-2.7587620000676196,0.53689058649328114,0.00067500000000000014,0.0010800000000000002
67.5,-90,0.13760931250000003,-0.084137624999999994,0.14728691527281193,-0.086703745718793246,0.1393083771509985,-0.083855742790520785,-29.214436833255466,-33.314937923405381,4.1005010901499155,1.7342740402782386,0.00080999999999999996,-0.0010800000000000002
67.5,-78.75,0.13799849218750002,-0.074816437499999999,0.14568003930606566,-0.077845504464053028,0.1374376070789794,-0.073964439851984795,-24.895284177536556,-27.979791948130909,3.0845077705943531,1.3424692260363815,0.00080999999999999996,-0.00094500000000000009
67.5,-67.5,0.13833578125000001,-0.065016843750000011,0.1457315129638096,-0.06795833370310761,0.13753595963202397,-0.063852611738323628,-21.039941164553078,-23.623603200438229,2.5836620358851512,1.3413757581584034,0.00080999999999999996,-0.00081000000000000017
67.5,-56.25,0.13862117968750001,-0.0548071875,0.14551981649866022,-0.05714916694704622,0.13775393209354519,-0.053477571181834965,-17.35010687988764,-19.475644091058083,2.1255372111704425,1.2750449348086206,0.00080999999999999996,-0.00067500000000000004
67.5,-45,0.13885468750000005,-0.044255812499999998,0.14408270473202214,-0.046532330730708629,0.13705123379115297,-0.043802325127917013,-13.603256845261445,-15.042552248781737,1.4392954035202923,0.84466173984223636,0.00080999999999999996,-0.00054000000000000012
67.5,-33.75,0.13903630468750003,-0.033431062500000011,0.14499376504734179,-0.035081564282323632,0.13881145383364829,-0.033597771473613855,-9.8515793271823586,-11.364902915809232,1.5133235886268732,1.0250871386927687,0.00080999999999999996,-0.00040500000000000009
67.5,-22.499999999999996,0.13916603125000002,-0.022401281249999998,0.14470930956676767,-0.022656280979037109,0.13932028040614589,-0.022460917716472524,-6.0506762107870609,-7.7699722462527019,1.719296035465641,1.2329984239566791,0.00080999999999999996,-0.00027
67.5,-11.250000000000004,0.13924386718750001,-0.011234812500000003,0.14467756431971354,-0.0099354825524414526,0.13992398911998485,-0.010805041718935893,-2.4597970888608445,-4.3063988683814092,1.8466017795205647,1.3418234382116141,0.00080999999999999996,-0.00013500000000000006
67.5,0,0.13926981250000001,0,0.14445727762857791,0.00099890070537548116,0.14014892448190691,-0.00044634990394229425,1.1715271947640695,-0.30341608925780239,1.4749432840218719,1.0359484114415975,0.00080999999999999996,0
67.5,11.249999999999993,0.13924386718750001,0.011234812499999995,0.14503052781733156,0.012565744604331758,0.14100897410814242,0.011213022679840886,4.838493793700974,3.5253255471866343,1.3131682465143397,1.1058701184779369,0.00080999999999999996,0.00013499999999999992
67.5,22.499999999999996,0.13916603125000002,0.022401281249999998,0.14393036516036833,0.022867145159288636,0.14007454223374491,0.022107222277749534,8.2712623873025457,7.6270541303533674,0.64420825694917827,0.80378375300229754,0.00080999999999999996,0.00027
67.5,33.75,0.13903630468750003,0.033431062500000011,0.1448830829322639,0.035139622100022964,0.14105615232283364,0.035218084122300153,12.035118692604067,11.330458007455604,0.70466068514846292,1.3097086107223803,0.00080999999999999996,0.00040500000000000009
67.5,45.000000000000007,0.13885468750000005,0.044255812500000005,0.14508548456805365,0.045439673367726058,0.14107638073436995,0.046347421657423699,15.800730203722791,15.577509839584076,0.22322036413871515,1.3107924334553225,0.00080999999999999996,0.00054000000000000012
67.5,56.250000000000014,0.13862117968750001,0.054807187500000014,0.14598246314963165,0.054680170023391893,0.1414480722684282,0.056152667022033559,19.678404328222236,20.342709340145234,-0.66430501192299829,0.93073364321902563,0.00080999999999999996,0.00067500000000000014
67.5,67.5,0.13833578125000001,0.065016843749999997,0.1468200803919523,0.065292281692316836,0.14126333465470098,0.066796007484972331,23.632945652314067,24.764068855014269,-1.1311232027002021,1.0134950245089938,0.00080999999999999996,0.00080999999999999996
67.5,78.75,0.13799849218750002,0.074816437499999999,0.14661793870114823,0.076374229021556495,0.13946158521000648,0.077094966628233022,27.358910849926577,28.759059961921622,-1.4001491119950451,1.3548077044563045,0.00080999999999999996,0.00094500000000000009
67.5,90,0.13760931250000003,0.084137624999999994,0.14724015874319499,0.086701412424145002,0.13792829216593849,0.085543861534279148,31.440838457731882,33.296710267159924,-1.8558718094280415,1.5638280715640915,0.00080999999999999996,0.0010800000000000002
78.75,-90,0.14308925781250001,-0.08365415625,0.15293713687564725,-0.088823602949979763,0.14536753370508892,-0.086429841832906362,-27.157801365477152,-30.462676139238056,3.3048747737609041,1.0874745855476666,0.00094500000000000009,-0.0010800000000000002
78.75,-78.75,0.14360658203124999,-0.074393402343750012,0.15206081567235533,-0.078082123433826534,0.1438461411788074,-0.074602233459577103,-23.309380968868684,-26.216199062028636,2.9068180931599521,1.2289288291335465,0.00094500000000000009,-0.00094500000000000009
78.75,-67.5,0.1440549296875,-0.064654242187500002,0.15281100808961084,-0.067872416994918403,0.14404422679159221,-0.063861802113876889,-19.737777360743134,-22.364055934645087,2.6262785739019527,1.3846304030978787,0.00094500000000000009,-0.00081000000000000017
78.75,-56.25,0.14443430078125,-0.054505019531250004,0.15194991730842819,-0.056570549899299598,0.14299028788929369,-0.052594945781140642,-16.101081663530849,-18.415134198131589,2.3140525346007408,1.455001047254898,0.00094500000000000009,-0.00067500000000000004
78.75,-45,0.1447446953125,-0.044014078125000002,0.15121332641203691,-0.046200987666944998,0.14251727728041952,-0.042832116718914452,-12.582895268966164,-14.248223593963843,1.6653283249976791,1.0982220180534799,0.00094500000000000009,-0.00054000000000000012
78.75,-33.75,0.14498611328124997,-0.033249761718750007,0.15201312730251837,-0.034705477195598695,0.14399026146982158,-0.032389273413802523,-9.0664707148496557,-10.788240227879687,1.721769513030031,1.3241014798632254,0.00094500000000000009,-0.00040500000000000009
78.75,-22.499999999999996,0.1451585546875,-0.0222804140625,0.15139846816283242,-0.022617480419445446,0.14435416436811829,-0.021521743467310454,-5.5877294573742784,-7.3140252778458006,1.7262958204715222,1.4013618436695545,0.00094500000000000009,-0.00027
78.75,-11.250000000000004,0.14526201953124998,-0.011174378906250004,0.15075815000749643,-0.011573667361670746,0.14486867140177445,-0.011579576277523717,-2.1819233636842239,-3.5307129728374385,1.3487896091532146,1.0485407826831432,0.00094500000000000009,-0.00013500000000000006
78.75,0,0.1452965078125,0,0.151374397548557,0.00059306712292922969,0.1466625760846248,-0.00010904607413846719,1.3367763141026485,-0.21016816168804578,1.5469444757906943,1.2981331115798294,0.00094500000000000009,0
78.75,11.249999999999993,0.14526201953124998,0.011174378906249994,0.14966500942746711,0.01215279640043645,0.14597830593804745,0.01135445003804062,4.7329479699229955,3.2701438778608507,1.4628040920621448,1.3665294640399921,0.00094500000000000009,0.00013499999999999992
78.75,22.499999999999996,0.1451585546875,0.0222804140625,0.15097314911019771,0.023536721983088638,0.14798784595733672,0.023068278716417982,7.9029821213692895,6.9452054946504793,0.95777662671881014,1.094033988319572,0.00094500000000000009,0.00027
78.75,33.75,0.14498611328124997,0.033249761718750007,0.150528475388924,0.033844401483528033,0.14778000168465014,0.033866071622815914,11.622995193380966,10.867902423967587,0.75509276941337866,1.180196568860115,0.00094500000000000009,0.00040500000000000009
78.75,45.000000000000007,0.1447446953125,0.044014078125000008,0.15211505292549285,0.046221382659767031,0.14903068544077244,0.046627450564426867,14.958640149324552,14.423595737357365,0.53504441196718666,1.303529141336895,0.00094500000000000009,0.00054000000000000012
78.75,56.250000000000014,0.14443430078125,0.054505019531250011,0.15169059701714005,0.05652166866918968,0.14762248827980781,0.056943111647973138,18.490350285989262,18.366816035319495,0.12353425066976698,1.302623130413378,0.00094500000000000009,0.00067500000000000014
78.75,67.5,0.1440549296875,0.064654242187499988,0.15264860353080251,0.067817920645143789,0.14692528484527431,0.067669423451780897,21.975353030715198,22.334037693858434,-0.35868466314323655,1.3271496946879751,0.00094500000000000009,0.00080999999999999996
78.75,78.75,0.14360658203124999,0.074393402343750012,0.15335827865182217,0.078301997303767704,0.14538537809916244,0.076822618418623451,25.624428916430514,26.598069702716799,-0.97364078628628548,1.3275009546395173,0.00094500000000000009,0.00094500000000000009
78.75,90,0.14308925781250001,0.08365415625,0.15336028825155557,0.087923761403455328,0.14273553035742423,0.084178273910410661,29.502427969421504,30.952933794530523,-1.450505825109019,1.525213991666468,0.00094500000000000009,0.0010800000000000002
90,-90,0.14832999999999999,-0.083033999999999997,0.16003541970815049,-0.087646255078140847,0.1517366129347498,-0.085953844418301506,-25.422936581192356,-29.317611675153902,3.8946750939615455,1.2190846679692013,0.0010800000000000002,-0.0010800000000000002
90,-78.75,0.14897546875000001,-0.073850765624999995,0.1595265369378453,-0.077430849309570782,0.15022029597504533,-0.07482153447457883,-21.752629025470313,-25.172722556972758,3.4200935315024452,1.1789668984819484,0.0010800000000000002,-0.00094500000000000009
90,-67.5,0.14953487500000001,-0.064189125,0.15871591394484938,-0.066902935128999905,0.14846545076727233,-0.063512005911467509,-18.300595323941643,-21.114270133503041,2.8136748095613981,1.0734229524729848,0.0010800000000000002,-0.00081000000000000017
90,-56.25,0.15000821875000001,-0.054117421874999995,0.15873634107048323,-0.056085901592610413,0.1479791549730208,-0.052237602076354091,-14.740495539842097,-17.465346188458849,2.7248506486167514,1.5604992217803848,0.0010800000000000002,-0.00067500000000000004
90,-45,0.15039550000000002,-0.043704,0.15855316451370025,-0.046662594615046071,0.14791335737069675,-0.042863983805391116,-11.514899019047691,-13.20866499493064,1.6937659758829486,1.0776424073349955,0.0010800000000000002,-0.00054000000000000012
90,-33.75,0.15069671875000001,-0.033017203125000005,0.15705089001770842,-0.035196426501833723,0.14717059266994614,-0.03195118275406629,-8.4308643493175719,-9.5975511881968085,1.1666868388792366,0.98044039703365315,0.0010800000000000002,-0.00040500000000000009
90,-22.499999999999996,0.15091187500000003,-0.022125374999999999,0.15714724898268589,-0.023997070081480828,0.14858390504293451,-0.021590229450897593,-5.0626301571326735,-6.1923455764972095,1.129715419364536,1.237447300850919,0.0010800000000000002,-0.00027
90,-11.250000000000004,0.15104096875,-0.011096859375000004,0.15747517327466926,-0.012394909386833238,0.15062354529719807,-0.01088087467230478,-1.8862202876887264,-2.9522423453626723,1.0660220576739459,1.3323424506984936,0.0010800000000000002,-0.00013500000000000006
90,0,0.151084,0,0.15826710072174552,-0.00092311206257555088,0.15328171420237291,-0.00012565280654635745,1.4573243624136978,0.37386038534309812,1.0834639770705996,1.4064349757624228,0.0010800000000000002,0
90,11.249999999999993,0.15104096875,0.011096859374999993,0.15750104861989944,0.010891110708683214,0.15422545662984893,0.011306776682448135,4.3088211353085439,3.562590749365703,0.74623038594284097,1.0804019498139419,0.0010800000000000002,0.00013499999999999992
90,22.499999999999996,0.15091187500000003,0.022125374999999999,0.15674032931157336,0.023025411608719959,0.15471140410320619,0.023264292044148621,7.4372410204234383,6.5446666412652155,0.8925743791582228,1.1947496328540059,0.0010800000000000002,0.00027
90,33.75,0.15069671875000001,0.033017203125000005,0.15810136990578422,0.034626594189056968,0.15662862149020818,0.034691840860023783,10.721736709423432,9.9878749078729072,0.73386180155052472,0.98396036890769556,0.0010800000000000002,0.00040500000000000009
90,45.000000000000007,0.15039550000000002,0.043704000000000007,0.15752374046791892,0.047246085545692457,0.15577545582640406,0.046938994256018232,13.893026358838021,12.763892798748143,1.129133560089878,1.3587892276785773,0.0010800000000000002,0.00054000000000000012
90,56.250000000000014,0.15000821875000001,0.054117421875000009,0.15753077589246292,0.058849773058390446,0.15462043108261911,0.057774351722302303,17.288588040027403,16.040819559131553,1.24776848089585,1.5489038697718664,0.0010800000000000002,0.00067500000000000014
90,67.5,0.14953487500000001,0.064189125,0.15877067730907946,0.069161888209041386,0.15385875873749538,0.066806863031588976,20.668467622206276,20.216028507971128,0.4524391142351476,0.99064918348557907,0.0010800000000000002,0.00080999999999999996
90,78.75,0.14897546875000001,0.073850765624999995,0.15847209686353139,0.079663515444667987,0.15090897073353488,0.075473264075104907,24.084727476413178,23.894825570923402,0.18990190548977637,1.1730329231342462,0.0010800000000000002,0.00094500000000000009
90,90,0.14832999999999999,0.083033999999999997,0.15869322018730109,0.088822311252333114,0.14817391369391356,0.08219920164131235,27.815831471808327,28.297718118662026,-0.48188664685369886,1.0960730905048413,0.0010800000000000002,0.0010800000000000002
