op_index,id_req,iq_req,id,iq,ud,uq,psi_d,psi_q
1.0,0.0,0.0,0.034961779907467266,0.03623930572478637,0.122564022745763,19.561473087661344,0.04669871189120971,-0.0002917653999645005
2.0,0.0,-15.0,-0.03170350604686724,-15.097780474073,4.8233597378893895,20.05250159324062,0.04823225420766003,-0.011515680034387982
3.0,-11.727472237020448,-9.352347027881,-11.735600359441344,-9.305530561079687,3.228381293712172,18.24300869727374,0.04377412834362659,-0.00798735943729892
4.0,-15.0,0.0,-15.063830196362886,-0.08948745357429289,0.6028822917446538,17.591940269908747,0.04199980014358739,-0.001798897908153194
5.0,-14.623918682727355,3.33781400934471,-14.563944126458813,3.398412952227418,-0.47784791625721906,17.522494054422637,0.041750742027893466,0.0007930893139814628
6.0,-6.5082560867633745,13.514533018536286,-6.496777094249307,13.358411976033452,-3.579635809669146,18.482391291320692,0.04380455041790775,0.008390651875356658
7.0,0.0,15.0,-0.04282438099896485,14.955819065277701,-4.375103120116804,19.33385912538804,0.04579914485288379,0.010443766964762331
8.0,0.0,30.0,-0.04277651956112272,29.90989452200226,-8.678002684679322,19.777514364328326,0.04650129146322718,0.020716184137291323
9.0,-13.941695161313056,26.5636807695963,-14.016133047553142,26.7279719387093,-7.412092552069834,17.853020208655106,0.04198286290197435,0.017360456996115273
10.0,-24.68951597680969,17.04194240193467,-24.791737630317485,16.951548162065134,-4.600517753378959,16.440054850958592,0.03884305151102135,0.010391067979728882
11.0,-29.78126622294162,3.6161004076596828,-29.822009614414508,3.618887327871203,-0.7803500533579858,15.768685318905236,0.037558568647457026,0.0011510004885490015
12.0,-30.0,0.0,-30.02200270200844,-0.09204016017350386,0.35093889774260517,15.781058527316974,0.037676699374643234,-0.0015545274242157842
13.0,-28.05048728056244,-10.638146611276085,-28.03448464536932,-10.66757075693197,3.356342648623397,16.06997716417403,0.038618914008294876,-0.008681951869830026
14.0,-19.893679747223835,-22.45532244513305,-19.8436347257749,-22.512354447802007,6.82076415039067,17.253631792006527,0.041727454663430405,-0.016757106836307566
15.0,-7.179469928626715,-29.128254522781564,-7.235533747105987,-29.13542046125431,8.86593272414906,18.94831058979091,0.045931316331906356,-0.021338590916791765
16.0,0.0,-30.0,0.06386760208432052,-30.111979306859723,9.215432893115647,19.954539495667678,0.04835682452081465,-0.021998700738378747
17.0,0.0,-45.0,0.19703818309130064,-44.800243011996166,13.413434298928115,19.83173958167218,0.04841431778707647,-0.03201751164756919
18.0,-14.611476114210754,-42.56177587652856,-14.659320474719605,-42.40099077523835,12.586843850984474,17.894542855124225,0.04373232333752264,-0.03039884174953808
19.0,-27.63957207103505,-35.511322922837714,-27.610001087559038,-35.518919339463146,10.32433803778502,16.150881100350375,0.039405340174077166,-0.025306681715756126
20.0,-37.67249152181378,-24.61266711550921,-37.72461300239248,-24.65749405412319,7.1059325504197615,14.816186747750008,0.035959694689601605,-0.01786477315548749
21.0,-43.62301196726987,-11.046846921335964,-43.53257900017858,-11.038211136006472,3.1860401721233242,14.13000258114522,0.03399641423013565,-0.008645374404254232
22.0,-45.0,0.0,-44.907776826192595,-0.047015913668340126,0.06269873391524168,14.00954290594064,0.03344644248133638,-0.0012217764011966455
23.0,-44.84630218530015,3.716070546254949,-44.810617773406356,3.757400165431052,-0.9062141898073541,13.994346438632059,0.033319339844305906,0.001093652318871988
24.0,-41.209799699477585,18.076294109383618,-41.176920869844196,18.041850264065904,-5.014154629911276,14.472942220768656,0.03412088698497339,0.010987385847001459
25.0,-33.107575980290925,30.477670723158344,-33.16865665913408,30.577159023181782,-8.322383384701974,15.64731852281101,0.03662524543494425,0.019076383460264808
26.0,-21.417632686668316,39.576318804292,-21.445004577405808,39.42543199427425,-11.082716532492022,17.321344904495053,0.040410452080436705,0.025946075013017263
27.0,-7.406756562633038,44.3862586531225,-7.418767057994708,44.41749038298507,-12.65390450294997,19.224011001201763,0.044833556180285235,0.030031861748520135
28.0,0.0,45.0,0.012452240324201851,44.96162633250416,-12.871963803817309,20.328931751579656,0.047458369878584955,0.030729847275502233
29.0,0.0,60.0,-0.11075513400654007,60.129926334943974,-17.144332613153097,20.700390382714158,0.04798304554951967,0.040926435136866106
30.0,-14.358939857253459,58.25650904556312,-14.439764379650905,58.19809757710658,-16.500230108512756,18.771930100259873,0.04342530476628731,0.03904667377713733
31.0,-27.883390322626113,53.1273615391926,-27.8050717540272,53.16347213755921,-14.884824199950451,16.89094098892449,0.03905496687051948,0.03487110303523797
32.0,-39.78735949444772,44.91064489026606,-39.983862493024574,44.8801429048863,-12.4434194902593,15.17922106552694,0.03516628648445109,0.028751931408661283
33.0,-49.37903195361938,34.08388480386934,-49.275253773251016,34.3143904398889,-9.55915292954433,13.741433426032728,0.03198606009516557,0.02164443657610722
34.0,-56.10097456112489,21.27629322255214,-56.15986835471487,21.381662438733056,-6.096060328510158,12.693496253721236,0.02979304051817585,0.01321255392222548
35.0,-59.56253244588324,7.2322008153193655,-59.50314306862091,7.091671905404614,-2.0966407769400655,12.225390254312787,0.029016668157240792,0.0035848282507393607
36.0,-60.0,0.0,-59.718915829003116,-0.25444812792331045,-0.18459871052327612,12.184617637214222,0.02909470640130793,-0.0009849871385186628
37.0,-59.56253244588324,-7.2322008153193655,-59.405165949929376,-7.156494901897163,1.7605120312589537,12.18471375824715,0.029259710102600228,-0.00562110675313308
38.0,-56.10097456112489,-21.27629322255214,-55.9451185196048,-21.294502222918037,5.634174346958438,12.612577792922389,0.0306186803065388,-0.014786191786538358
39.0,-49.37903195361938,-34.08388480386934,-49.325626217334296,-34.05988650104921,9.487578114652472,13.355850584722026,0.032697864490998,-0.02382748690880018
40.0,-39.78735949444772,-44.91064489026606,-39.60328376924355,-44.93004002178845,12.69366219682918,14.627020237781439,0.035992064297639244,-0.031249345024643296
41.0,-27.8833903226261,-53.1273615391926,-27.85343741160118,-53.059327599359506,15.24593990048661,16.118956529901137,0.039747872277942804,-0.037061952295589604
42.0,-14.358939857253487,-58.256509045563114,-14.25683509560294,-58.41529572199064,16.993297308759022,17.93570638544061,0.04421290739626561,-0.04090886585853469
43.0,0.0,-60.0,0.05281842194549433,-59.887907464081785,17.73559517116446,19.707778548234746,0.04847857407533045,-0.04233935365557276
44.0,0.0,-60.0,0.016096306998676636,-59.92759254341934,17.733559527143694,19.743895035414152,0.04856574324873774,-0.04233537058936574
45.0,0.0,-75.0,-0.026410286190225032,-74.90389335491342,21.73520994085673,19.60561995121397,0.048593168646891206,-0.05188962201755111
46.0,-14.63177415120962,-73.55889603024228,-14.591993353372219,-73.6382994057182,21.062910957071505,17.807262396256657,0.04426969240217529,-0.05063235410159861
47.0,-28.701257427381734,-69.2909649383465,-28.75458320137183,-69.15080936389306,19.66980782921598,15.909537268191192,0.0396320764474207,-0.04764467229326763
48.0,-41.66776747647016,-62.36022092269089,-41.617434870580226,-62.42703324130295,17.43460888417383,14.370904883469578,0.03579834387205194,-0.042615605843620764
49.0,-53.033008588991066,-53.033008588991066,-53.036942748461605,-52.94097983176358,14.677806714001727,12.833725508580509,0.031902135589480074,-0.036306846124946696
50.0,-62.36022092269089,-41.66776747647016,-62.18790202207856,-41.650211779353235,11.288055286620976,11.766726158969277,0.02908531504595633,-0.02843287375250419
51.0,-69.2909649383465,-28.701257427381734,-69.28770303332732,-28.66391749564546,7.617291871172925,10.872292880346457,0.026639987943420925,-0.019839066879048864
52.0,-73.55889603024228,-14.63177415120962,-73.2865506818355,-14.682962202176464,3.589485021651328,10.5157263450176,0.025454977322224487,-0.010318851785727244
53.0,-75.0,0.0,-75.04676648915385,0.09544112237562186,-0.3480855136934078,10.321295852816155,0.024638000322383512,-0.0009606166256269941
54.0,-75.0,0.0,-74.9827597240311,-0.05344109908915929,-0.39591757775615105,10.355461316062195,0.02472311865898568,-0.0008448979351597958
55.0,-73.55889603024228,14.63177415120962,-73.83099762976323,14.728076458448326,-4.396749438822381,10.546007416551467,0.02482513122782971,0.008733880866949059
56.0,-69.2909649383465,28.701257427381734,-68.90353214539378,28.614217109293758,-8.267917597318638,11.345082214917289,0.026401274599973212,0.01809324865973131
57.0,-62.36022092269089,41.66776747647016,-62.794238580253754,41.71061176706934,-11.493327136689397,12.32611726327359,0.028430669867387647,0.025939195375484184
58.0,-53.033008588991066,53.033008588991066,-52.823454890053334,52.93517356471131,-14.762526637260185,13.834686978389229,0.03176414810065817,0.03398186920914445
59.0,-41.66776747647016,62.36022092269089,-42.189854347128666,62.395278711669754,-17.088416801811235,15.428586856255563,0.035343460391551965,0.03978838147419194
60.0,-28.701257427381734,69.2909649383465,-28.71033428273231,69.26151123733511,-19.36522352710766,17.3340715110815,0.0397285506915398,0.04554565698344216
61.0,-14.63177415120962,73.55889603024228,-14.845802711044918,73.68153281476108,-20.454218449052053,19.28171561729624,0.04427268825246485,0.04847643216587665
62.0,0.0,75.0,0.020813044430078975,74.87279209500728,-21.074675838632313,21.24468298318342,0.048930488423156886,0.050312579381500286
63.0,0.0,75.0,-0.12489130757391559,75.0459159864324,-21.018480646610914,21.18217806309762,0.04877713588970547,0.05017494480749952
64.0,0.0,90.0,0.07586877404618866,89.8504178780097,-24.57365586657613,21.619675617037505,0.04946815291579897,0.05866709324863353
65.0,-14.81351312526605,88.772517306245,-14.776906367161757,88.74987459145497,-24.222939300855234,19.760373755041226,0.045055670220870155,0.05747523523539977
66.0,-29.22295222842151,85.12355175305711,-28.908722374200682,85.02439026375335,-23.336881892556132,17.87260003934223,0.040637881833408177,0.055022556733632016
67.0,-42.83526537333662,79.15263760858402,-43.12405555179686,79.35241225341576,-21.700691676135435,15.855570527118402,0.035957987075536386,0.05077707424046583
68.0,-55.2791441420701,71.02264584567543,-55.33605167907569,70.98272478279326,-19.56640719942236,14.164616815942857,0.03212094402040137,0.04539030544166674
69.0,-66.21515196058184,60.955341446316716,-66.24243744067233,60.94429633387795,-16.884184878139397,12.432922489334954,0.028226478166621667,0.038726600547328946
70.0,-75.34498304362756,49.22533423101842,-75.00745176287587,49.002232041962095,-13.696265920383786,11.087784150346137,0.02530029271415123,0.030906755339433916
71.0,-82.41959939895517,36.152588218767235,-82.46462048082593,36.207373608698425,-10.212783493415882,9.881442237868402,0.02272581828257704,0.022412526838608705
72.0,-87.24602393453974,22.09369384267193,-86.92263431890001,22.05279328143179,-6.636785457210376,9.041162151014264,0.02105771305548056,0.013769033138568216
73.0,-89.6926043706003,7.432141092509942,-89.71054636167058,7.247606873598454,-2.753986416525331,8.579781828923835,0.020309696461920764,0.00443297673582895
74.0,-90.0,0.0,-89.60960291926368,-0.08371114217936713,-0.795134876147971,8.628262033543443,0.020600456750268975,-0.00024102699850973882
75.0,-89.6926043706003,-7.432141092509942,-89.58757886270962,-7.601462936224668,1.4232222747251118,8.571553965459103,0.020644549313880798,-0.005536438804460181
76.0,-87.24602393453974,-22.09369384267193,-87.00591067591988,-22.283642883944324,5.298384483444459,8.855400020502932,0.021672693082047837,-0.014726074328466447
77.0,-82.41959939895517,-36.152588218767235,-82.41890231508103,-36.21192393867627,9.405926191903832,9.27966707681537,0.023018069286890486,-0.024422601073133314
78.0,-75.34498304362756,-49.22533423101842,-75.2565902552901,-49.36489362448538,13.088691832490028,10.056300099564924,0.025186148076250522,-0.0330435688071152
79.0,-66.21515196058184,-60.955341446316716,-66.24031505316395,-60.92223939371629,16.48761781251505,11.142656101356877,0.028055543297120875,-0.04094265915597762
80.0,-55.2791441420701,-71.02264584567543,-55.161249769365334,-71.2721954954758,19.40289955190634,12.630652914688573,0.03185496102047866,-0.04763788844520941
81.0,-42.83526537333663,-79.152637608584,-42.97978853207261,-79.16221428713101,21.860907066386506,14.068098890162517,0.03547497083060908,-0.05321513817100792
82.0,-29.22295222842151,-85.12355175305711,-29.045449805656975,-85.06287990034271,23.670013788283082,15.885046696377636,0.03995348221607701,-0.057201404498513256
83.0,-14.813513125266027,-88.772517306245,-14.86769400204164,-88.49167091973551,24.853452944257082,17.557123959884176,0.04402712899779136,-0.05968818838362542
84.0,0.0,-90.0,-0.1583172717627617,-90.20380244609622,25.34002185250674,19.55150239116711,0.048829230913156,-0.0604986255847031
85.0,0.0,-90.0,0.08657439464865545,-89.82432640947955,25.16361725403678,19.52711205528804,0.04876194395232176,-0.06007164426935886
86.0,0.0,-100.0,-0.027979055376388534,-100.23908726341881,27.314934734617864,19.45223419150139,0.04883182032072831,-0.06521027119944905
87.0,-14.904226617617416,-98.88308262251286,-14.875093101924824,-98.6793885942556,26.86298064118867,17.533375146810354,0.04421364672690108,-0.06448575901782456
88.0,-29.475517441090414,-95.55728057861408,-29.566265324493017,-95.69912874726161,25.98342531505695,15.806577331716904,0.04002007214406286,-0.06273670125152997
89.0,-43.38837391175583,-90.09688679024191,-43.43709690894415,-90.12981523668329,24.45684033422947,13.996455316466728,0.035565766582939376,-0.059423389777020955
90.0,-56.3320058063622,-82.6238774315995,-56.425808065191376,-82.70403435533835,22.39784556664169,12.400590454735513,0.03157864240413407,-0.05481798448882824
91.0,-68.01727377709194,-73.30518718298264,-68.05842571860428,-73.39416030169245,19.59921171407557,10.917633649344415,0.027816086943307578,-0.04841444660582086
92.0,-78.18314824680299,-62.34898018587334,-78.0338701731646,-62.554359254013825,16.521621810102847,9.723684071905337,0.02470696109969833,-0.041305388109588594
93.0,-86.60254037844386,-50.0,-86.69779515438852,-49.96712432133639,13.07671369282172,8.619216256701725,0.021769740316655725,-0.03328811175224917
94.0,-93.0873748644204,-36.53410243663953,-92.73015975609538,-36.724101647137495,9.231698253530807,8.033645269922589,0.02005563868248773,-0.024252825647566235
95.0,-97.49279121818238,-22.252093395631448,-97.45364114022009,-22.397993121356222,5.263226395159716,7.582075442624078,0.018635584481929705,-0.01489156176748655
96.0,-99.72037971811801,-7.473009358642411,-99.73795537341952,-7.564035388996366,1.251503962182479,7.4199743917051295,0.017894462074109378,-0.005368813919940298
97.0,-100.0,0.0,-99.88426421071593,-0.15899246220484511,-0.8186071167727332,7.387923839843267,0.01764116463990382,-0.00043028062166607675
98.0,-99.72037971811801,7.473009358642411,-99.34066355048334,7.399631914935129,-3.1180803461951463,7.405866820334715,0.017503551485599542,0.005072284852706443
99.0,-97.49279121818238,22.252093395631448,-97.42651506993036,22.151311366354026,-6.559269627327431,7.81935648223255,0.01813851493418603,0.013333216044685956
100.0,-93.0873748644204,36.53410243663953,-92.92329067838826,36.46449830859927,-10.33061450475851,8.652755218578388,0.01978640569303721,0.02244414529816266
101.0,-86.60254037844386,50.0,-86.40664427978386,50.090035602471666,-14.019830140789464,9.696782057777662,0.021953550433834377,0.0314070723402642
102.0,-78.18314824680299,62.34898018587334,-78.41880996108308,62.273925371015366,-17.172779321473687,11.08316593778232,0.02497242920430674,0.03912487954907878
103.0,-68.01727377709194,73.30518718298264,-68.19624800316187,73.45846554284788,-20.157814191369535,12.58661910951865,0.028294648035958565,0.04649517106176268
104.0,-56.3320058063622,82.6238774315995,-56.428885661063475,82.62757414827837,-22.555997139131033,14.39354062761914,0.03238945906298553,0.05250133620297147
105.0,-43.38837391175583,90.09688679024191,-43.579149982165404,90.09956880295788,-24.28871556524066,16.22638974801941,0.03658668329217829,0.056944661583105946
106.0,-29.475517441090414,95.55728057861408,-29.32212084770647,95.40108083861264,-25.633109174013157,18.128875011539407,0.041001968022958364,0.06049452640664851
107.0,-14.904226617617441,98.88308262251286,-14.948535539059334,98.88505361072271,-26.472123249389067,19.935955999529796,0.04523288237680738,0.06284066904071843
108.0,0.0,100.0,0.11797741283951596,99.98232330252189,-26.70665541434106,21.880426336371656,0.049848767979563335,0.06376025984292864
109.0,0.0,100.0,-0.31872019591852024,99.97047123488856,-26.529025431920257,21.826844855347446,0.04972113456338797,0.06332577410931414
