id_key,iq_key,op_index_pos,id_req_pos,iq_req_pos,id_pos,iq_pos,ud_pos,uq_pos,psi_d_pos,psi_q_pos,op_index_neg,id_req_neg,iq_req_neg,id_neg,iq_neg,ud_neg,uq_neg,psi_d_neg,psi_q_neg,r_d,r_q,iq_mag,valid_delta_R_eq,delta_R_eq
-99.72,7.47,98.0,-99.72037971811801,7.473009358642411,-99.34066355048334,7.399631914935129,-3.1180803461951463,7.405866820334715,0.017503551485599542,0.005072284852706443,96.0,-99.72037971811801,-7.473009358642411,-99.73795537341952,-7.564035388996366,1.251503962182479,7.4199743917051295,0.017894462074109378,-0.005368813919940298,-0.00019545529425491794,-0.0001482645336169275,7.481833651965747,False,
-97.49,22.25,99.0,-97.49279121818238,22.252093395631448,-97.42651506993036,22.151311366354026,-6.559269627327431,7.81935648223255,0.01813851493418603,0.013333216044685956,95.0,-97.49279121818238,-22.252093395631448,-97.45364114022009,-22.397993121356222,5.263226395159716,7.582075442624078,0.018635584481929705,-0.01489156176748655,-0.00024853477387183805,-0.0007791728614002964,22.274652243855122,True,0.004673743118168552
-93.09,36.53,100.0,-93.0873748644204,36.53410243663953,-92.92329067838826,36.46449830859927,-10.33061450475851,8.652755218578388,0.01978640569303721,0.02244414529816266,94.0,-93.0873748644204,-36.53410243663953,-92.73015975609538,-36.724101647137495,9.231698253530807,8.033645269922589,0.02005563868248773,-0.024252825647566235,-0.00013461649472525962,-0.0009043401747017878,36.59429997786838,True,0.001540896409683671
-89.69,7.43,73.0,-89.6926043706003,7.432141092509942,-89.71054636167058,7.247606873598454,-2.753986416525331,8.579781828923835,0.020309696461920764,0.00443297673582895,75.0,-89.6926043706003,-7.432141092509942,-89.58757886270962,-7.601462936224668,1.4232222747251118,8.571553965459103,0.020644549313880798,-0.005536438804460181,-0.00016742642598001692,-0.0005517310343156156,7.424534904911561,False,
-87.25,22.09,72.0,-87.24602393453974,22.09369384267193,-86.92263431890001,22.05279328143179,-6.636785457210376,9.041162151014264,0.02105771305548056,0.013769033138568216,76.0,-87.24602393453974,-22.09369384267193,-87.00591067591988,-22.283642883944324,5.298384483444459,8.855400020502932,0.021672693082047837,-0.014726074328466447,-0.0003074900132836386,-0.00047852059494911565,22.168218082688057,True,0.0058101699961080585
-86.6,50.0,101.0,-86.60254037844386,50.0,-86.40664427978386,50.090035602471666,-14.019830140789464,9.696782057777662,0.021953550433834377,0.0314070723402642,93.0,-86.60254037844386,-50.0,-86.69779515438852,-49.96712432133639,13.07671369282172,8.619216256701725,0.021769740316655725,-0.03328811175224917,9.190505858932586e-05,-0.000940519705992484,50.02857996190403,True,-0.0007695021715236307
-82.42,36.15,71.0,-82.41959939895517,36.152588218767235,-82.46462048082593,36.207373608698425,-10.212783493415882,9.881442237868402,0.02272581828257704,0.022412526838608705,77.0,-82.41959939895517,-36.152588218767235,-82.41890231508103,-36.21192393867627,9.405926191903832,9.27966707681537,0.023018069286890486,-0.024422601073133314,-0.00014612550215672288,-0.0010050371172623043,36.20964877368735,True,0.0016904032290651857
-78.18,62.35,102.0,-78.18314824680299,62.34898018587334,-78.41880996108308,62.273925371015366,-17.172779321473687,11.08316593778232,0.02497242920430674,0.03912487954907878,92.0,-78.18314824680299,-62.34898018587334,-78.0338701731646,-62.554359254013825,16.521621810102847,9.723684071905337,0.02470696109969833,-0.041305388109588594,0.00013273405230420504,-0.0010902542802549084,62.4141423125146,True,-0.0008908158912919588
-75.34,49.23,70.0,-75.34498304362756,49.22533423101842,-75.00745176287587,49.002232041962095,-13.696265920383786,11.087784150346137,0.02530029271415123,0.030906755339433916,78.0,-75.34498304362756,-49.22533423101842,-75.2565902552901,-49.36489362448538,13.088691832490028,10.056300099564924,0.025186148076250522,-0.0330435688071152,5.7072318950354e-05,-0.0010684067338406437,49.18356283322374,True,-0.0004860647680086296
-73.56,14.63,55.0,-73.55889603024228,14.63177415120962,-73.83099762976323,14.728076458448326,-4.396749438822381,10.546007416551467,0.02482513122782971,0.008733880866949059,52.0,-73.55889603024228,-14.63177415120962,-73.2865506818355,-14.682962202176464,3.589485021651328,10.5157263450176,0.025454977322224487,-0.010318851785727244,-0.0003149230471973883,-0.0007924854593890926,14.705519330312395,True,0.008970418152065895
-69.29,28.7,56.0,-69.2909649383465,28.701257427381734,-68.90353214539378,28.614217109293758,-8.267917597318638,11.345082214917289,0.026401274599973212,0.01809324865973131,51.0,-69.2909649383465,-28.701257427381734,-69.28770303332732,-28.66391749564546,7.617291871172925,10.872292880346457,0.026639987943420925,-0.019839066879048864,-0.00011935667172385638,-0.0008729091096587767,28.63906730246961,True,0.0017457274432595843
-68.02,73.31,103.0,-68.01727377709194,73.30518718298264,-68.19624800316187,73.45846554284788,-20.157814191369535,12.58661910951865,0.028294648035958565,0.04649517106176268,91.0,-68.01727377709194,-73.30518718298264,-68.05842571860428,-73.39416030169245,19.59921171407557,10.917633649344415,0.027816086943307578,-0.04841444660582086,0.00023928054632549323,-0.0009596377720290893,73.42631292227017,True,-0.001365036549915291
-66.22,60.96,69.0,-66.21515196058184,60.955341446316716,-66.24243744067233,60.94429633387795,-16.884184878139397,12.432922489334954,0.028226478166621667,0.038726600547328946,79.0,-66.21515196058184,-60.955341446316716,-66.24031505316395,-60.92223939371629,16.48761781251505,11.142656101356877,0.028055543297120875,-0.04094265915597762,8.546743475039593e-05,-0.0011080293043243365,60.93326786379712,True,-0.0005875364411948495
-62.36,41.67,57.0,-62.36022092269089,41.66776747647016,-62.794238580253754,41.71061176706934,-11.493327136689397,12.32611726327359,0.028430669867387647,0.025939195375484184,50.0,-62.36022092269089,-41.66776747647016,-62.18790202207856,-41.650211779353235,11.288055286620976,11.766726158969277,0.02908531504595633,-0.02843287375250419,-0.0003273225892843415,-0.0012468391885100023,41.68041177321129,True,0.0032895204185117684
-59.56,7.23,35.0,-59.56253244588324,7.2322008153193655,-59.50314306862091,7.091671905404614,-2.0966407769400655,12.225390254312787,0.029016668157240792,0.0035848282507393607,37.0,-59.56253244588324,-7.2322008153193655,-59.405165949929376,-7.156494901897163,1.7605120312589537,12.18471375824715,0.029259710102600228,-0.00562110675313308,-0.00012152097267971798,-0.0010181392511968597,7.124083403650888,False,
-56.33,82.62,104.0,-56.3320058063622,82.6238774315995,-56.428885661063475,82.62757414827837,-22.555997139131033,14.39354062761914,0.03238945906298553,0.05250133620297147,90.0,-56.3320058063622,-82.6238774315995,-56.425808065191376,-82.70403435533835,22.39784556664169,12.400590454735513,0.03157864240413407,-0.05481798448882824,0.0004054083294257292,-0.0011583241429283866,82.66580425180837,True,-0.0020542598654995363
-56.1,21.28,34.0,-56.10097456112489,21.27629322255214,-56.15986835471487,21.381662438733056,-6.096060328510158,12.693496253721236,0.02979304051817585,0.01321255392222548,38.0,-56.10097456112489,-21.27629322255214,-55.9451185196048,-21.294502222918037,5.634174346958438,12.612577792922389,0.0306186803065388,-0.014786191786538358,-0.0004128198941814754,-0.0007868189321564387,21.338082330825547,True,0.008103895665404986
-55.28,71.02,68.0,-55.2791441420701,71.02264584567543,-55.33605167907569,70.98272478279326,-19.56640719942236,14.164616815942857,0.03212094402040137,0.04539030544166674,80.0,-55.2791441420701,-71.02264584567543,-55.161249769365334,-71.2721954954758,19.40289955190634,12.630652914688573,0.03185496102047866,-0.04763788844520941,0.00013299149996135254,-0.0011237915017713353,71.12746013913453,True,-0.0007832045334787088
-53.03,53.03,58.0,-53.033008588991066,53.033008588991066,-52.823454890053334,52.93517356471131,-14.762526637260185,13.834686978389229,0.03176414810065817,0.03398186920914445,49.0,-53.033008588991066,-53.033008588991066,-53.036942748461605,-52.94097983176358,14.677806714001727,12.833725508580509,0.031902135589480074,-0.036306846124946696,-6.899374441095285e-05,-0.001162488457901123,52.938076698237445,True,0.0005459214591937701
-49.38,34.08,33.0,-49.37903195361938,34.08388480386934,-49.275253773251016,34.3143904398889,-9.55915292954433,13.741433426032728,0.03198606009516557,0.02164443657610722,39.0,-49.37903195361938,-34.08388480386934,-49.325626217334296,-34.05988650104921,9.487578114652472,13.355850584722026,0.032697864490998,-0.02382748690880018,-0.00035590219791621636,-0.0010915251663464794,34.18713847046906,True,0.004360703197727856
-43.39,90.1,105.0,-43.38837391175583,90.09688679024191,-43.579149982165404,90.09956880295788,-24.28871556524066,16.22638974801941,0.03658668329217829,0.056944661583105946,89.0,-43.38837391175583,-90.09688679024191,-43.43709690894415,-90.12981523668329,24.45684033422947,13.996455316466728,0.035565766582939376,-0.059423389777020955,0.0005104583546194572,-0.0012393640969575043,90.11469201982058,True,-0.0023727573249776694
-42.84,79.15,67.0,-42.83526537333662,79.15263760858402,-43.12405555179686,79.35241225341576,-21.700691676135435,15.855570527118402,0.035957987075536386,0.05077707424046583,81.0,-42.83526537333663,-79.152637608584,-42.97978853207261,-79.16221428713101,21.860907066386506,14.068098890162517,0.03547497083060908,-0.05321513817100792,0.00024150812246365172,-0.0012190319652710425,79.25731327027339,True,-0.001276382980965268
-41.67,62.36,59.0,-41.66776747647016,62.36022092269089,-42.189854347128666,62.395278711669754,-17.088416801811235,15.428586856255563,0.035343460391551965,0.03978838147419194,48.0,-41.66776747647016,-62.36022092269089,-41.617434870580226,-62.42703324130295,17.43460888417383,14.370904883469578,0.03579834387205194,-0.042615605843620764,-0.00022744174024998814,-0.001413612184714412,62.411155976486356,True,0.0015264990990996167
-39.79,44.91,32.0,-39.78735949444772,44.91064489026606,-39.983862493024574,44.8801429048863,-12.4434194902593,15.17922106552694,0.03516628648445109,0.028751931408661283,40.0,-39.78735949444772,-44.91064489026606,-39.60328376924355,-44.93004002178845,12.69366219682918,14.627020237781439,0.035992064297639244,-0.031249345024643296,-0.00041288890659407773,-0.0012487068079910062,44.90509146333737,True,0.0038514675090201853
-29.48,95.56,106.0,-29.475517441090414,95.55728057861408,-29.32212084770647,95.40108083861264,-25.633109174013157,18.128875011539407,0.041001968022958364,0.06049452640664851,88.0,-29.475517441090414,-95.55728057861408,-29.566265324493017,-95.69912874726161,25.98342531505695,15.806577331716904,0.04002007214406286,-0.06273670125152997,0.0004909479394477508,-0.001121087422440728,95.55010479293713,True,-0.0021522508261768132
-29.22,85.12,66.0,-29.22295222842151,85.12355175305711,-28.908722374200682,85.02439026375335,-23.336881892556132,17.87260003934223,0.040637881833408177,0.055022556733632016,82.0,-29.22295222842151,-85.12355175305711,-29.045449805656975,-85.06287990034271,23.670013788283082,15.885046696377636,0.03995348221607701,-0.057201404498513256,0.0003421998086655838,-0.0010894238824406197,85.04363508204803,True,-0.0016854914600431435
-28.7,69.29,60.0,-28.701257427381734,69.2909649383465,-28.71033428273231,69.26151123733511,-19.36522352710766,17.3340715110815,0.0397285506915398,0.04554565698344216,47.0,-28.701257427381734,-69.2909649383465,-28.75458320137183,-69.15080936389306,19.66980782921598,15.909537268191192,0.0396320764474207,-0.04764467229326763,4.823712205954955e-05,-0.0010495076549127368,69.20616030061409,True,-0.00029196126979513093
-27.88,53.13,31.0,-27.883390322626113,53.1273615391926,-27.8050717540272,53.16347213755921,-14.884824199950451,16.89094098892449,0.03905496687051948,0.03487110303523797,41.0,-27.8833903226261,-53.1273615391926,-27.85343741160118,-53.059327599359506,15.24593990048661,16.118956529901137,0.039747872277942804,-0.037061952295589604,-0.0003464527037116624,-0.0010954246301758154,53.11139986845936,True,0.002732403392347771
-14.9,98.88,107.0,-14.904226617617441,98.88308262251286,-14.948535539059334,98.88505361072271,-26.472123249389067,19.935955999529796,0.04523288237680738,0.06284066904071843,87.0,-14.904226617617416,-98.88308262251286,-14.875093101924824,-98.6793885942556,26.86298064118867,17.533375146810354,0.04421364672690108,-0.06448575901782456,0.0005096178249531479,-0.0008225449885530672,98.78222110248916,True,-0.0021609983350480673
-14.81,88.77,65.0,-14.81351312526605,88.772517306245,-14.776906367161757,88.74987459145497,-24.222939300855234,19.760373755041226,0.045055670220870155,0.05747523523539977,83.0,-14.813513125266027,-88.772517306245,-14.86769400204164,-88.49167091973551,24.853452944257082,17.557123959884176,0.04402712899779136,-0.05968818838362542,0.0005142706115393962,-0.0011064765741128253,88.62077275559524,True,-0.0024307751255641386
-14.63,73.56,61.0,-14.63177415120962,73.55889603024228,-14.845802711044918,73.68153281476108,-20.454218449052053,19.28171561729624,0.04427268825246485,0.04847643216587665,46.0,-14.63177415120962,-73.55889603024228,-14.591993353372219,-73.6382994057182,21.062910957071505,17.807262396256657,0.04426969240217529,-0.05063235410159861,1.497925144779838e-06,-0.0010779609678609782,73.65991611023964,True,-8.518193483368344e-06
-14.36,58.26,30.0,-14.358939857253459,58.25650904556312,-14.439764379650905,58.19809757710658,-16.500230108512756,18.771930100259873,0.04342530476628731,0.03904667377713733,42.0,-14.358939857253487,-58.256509045563114,-14.25683509560294,-58.41529572199064,16.993297308759022,17.93570638544061,0.04421290739626561,-0.04090886585853469,-0.000393801314989152,-0.0009310960406986798,58.30669664954861,True,0.0028290937158953764
0.0,15.0,7.0,0.0,15.0,-0.04282438099896485,14.955819065277701,-4.375103120116804,19.33385912538804,0.04579914485288379,0.010443766964762331,2.0,0.0,-15.0,-0.03170350604686724,-15.097780474073,4.8233597378893895,20.05250159324062,0.04823225420766003,-0.011515680034387982,-0.0012165546773881195,-0.0005359565348128257,15.02679976967535,True,0.03391202647495261
0.0,30.0,8.0,0.0,30.0,-0.04277651956112272,29.90989452200226,-8.678002684679322,19.777514364328326,0.04650129146322718,0.020716184137291323,16.0,0.0,-30.0,0.06386760208432052,-30.111979306859723,9.215432893115647,19.954539495667678,0.04835682452081465,-0.021998700738378747,-0.0009277665287937345,-0.0006412583005437119,30.010936914430992,True,0.012949343631691642
0.0,45.0,28.0,0.0,45.0,0.012452240324201851,44.96162633250416,-12.871963803817309,20.328931751579656,0.047458369878584955,0.030729847275502233,17.0,0.0,-45.0,0.19703818309130064,-44.800243011996166,13.413434298928115,19.83173958167218,0.04841431778707647,-0.03201751164756919,-0.0004779739542457584,-0.000643832186033479,44.88093467225016,True,0.004460986903032498
0.0,60.0,29.0,0.0,60.0,-0.11075513400654007,60.129926334943974,-17.144332613153097,20.700390382714158,0.04798304554951967,0.040926435136866106,43.5,0.0,-60.0,0.034457364472085486,-59.907750003750564,17.734577349154076,19.72583679182445,0.04852215866203409,-0.042337362122469246,-0.0002695565562572111,-0.0007054634928015703,60.01883816934727,True,0.0018812691097089876
0.0,75.0,62.5,0.0,75.0,-0.05203913157191831,74.95935404071984,-21.046578242621614,21.21343052314052,0.04885381215643118,0.050243762094499905,45.0,0.0,-75.0,-0.026410286190225032,-74.90389335491342,21.73520994085673,19.60561995121397,0.048593168646891206,-0.05188962201755111,0.0001303217547699853,-0.0008229299615256022,74.93162369781663,True,-0.0007285181648439239
0.0,90.0,64.0,0.0,90.0,0.07586877404618866,89.8504178780097,-24.57365586657613,21.619675617037505,0.04946815291579897,0.05866709324863353,84.5,0.0,-90.0,-0.035871438557053124,-90.01406442778789,25.25181955327176,19.539307223227574,0.04879558743273888,-0.060285134927030984,0.00033628274153004595,-0.0008090208391987284,89.9322411528988,True,-0.0015663101860932175
0.0,100.0,108.5,0.0,100.0,-0.10037139153950214,99.97639726870523,-26.61784042313066,21.85363559585955,0.049784951271475655,0.06354301697612139,86.0,0.0,-100.0,-0.027979055376388534,-100.23908726341881,27.314934734617864,19.45223419150139,0.04883182032072831,-0.06521027119944905,0.0004765654753736727,-0.0008336271116638344,100.10774226606202,True,-0.001994084323547233
