id,iq,psi_d_raw,psi_q_raw,psi_d_fit,psi_q_fit,residual_d,residual_q
-0.02488240546888798,0.00047118615417556198,0.072133644536073085,0.00024163759325523506,0.071916762856846714,2.1932000806586699e-07,0.00021688167922637169,0.00024141827324716919
-0.0032133098439723479,-30.011478274100643,0.074109315179648916,-0.015172640363015568,0.071899618773586887,-0.013914462338679677,0.0022096964060620283,-0.0012581780243358914
-23.377365199734367,-18.62159254090022,0.069526302428614198,-0.011421822074440776,0.06805716154694906,-0.0086533543769074586,0.0014691408816651375,-0.0027684676975333177
-30.168698483785573,-0.04766240655190377,0.06711865451801402,-0.0026686259507856273,0.066985854074361084,-2.21651747586982e-05,0.0001328004436529362,-0.0026464607760269291
-29.338377755057063,6.6246476400606484,0.066505778998051546,0.0010070873108248527,0.067115840890865877,0.0030804953854027114,-0.00061006189281433143,-0.0020734080745778588
-12.936665077427355,27.002427952865816,0.066654193611099588,0.01262132321349143,0.069740266826740935,0.012534659009240957,-0.0030860732156413467,8.6664204250472623e-05
0.025390096156924596,29.967240378003741,0.06869895360984199,0.015157127754950249,0.071904568611688119,0.013894072870046938,-0.0032056150018461294,0.0012630548849033117
-0.00029145970000906313,59.912450166397299,0.068672255414732736,0.028910566251712559,0.071835596978030394,0.027451341886577163,-0.0031633415632976586,0.0014592243651353962
-28.117063161704522,53.059859149404751,0.064811177736461556,0.024664995518438353,0.067374752068345756,0.024385744910287221,-0.0025635743318841997,0.00027925060815113187
-49.374622224797882,33.972907026888223,0.062045865776129472,0.014821526034140173,0.064144890408680877,0.015677587611986885,-0.002099024632551405,-0.00085606157784671143
-59.442968585824907,7.3591335548800147,0.061726707418212817,0.0011063579072248043,0.062651985532101329,0.0034056844554411232,-0.00092527811388851133,-0.0022993265482163187
-60.253431372118939,0.057035538278129259,0.062307785678459966,-0.0025633101489078514,0.06253463790491183,2.6397207292626459e-05,-0.00022685222645186381,-0.0025897073562004777
-56.369442107294077,-21.421285515138191,0.064395379008699516,-0.012919620251284118,0.063107052020768925,-0.0099021933048396658,0.0012883269879305909,-0.0030174269464444525
-39.753157176340508,-44.780951348658562,0.067382410451664113,-0.023892991152138034,0.065593418650290169,-0.020622217410828241,0.0017889918013739431,-0.0032707737413097925
-14.239805091849517,-58.246822988361146,0.071844649545305506,-0.028971115627698052,0.069543133809568836,-0.026726320674827633,0.00230151573573667,-0.0022447949528704193
-0.091567523645991966,-59.961098195239906,0.074376009489776532,-0.029343336257590866,0.071820476730033389,-0.027473191541754625,0.0025555327597431426,-0.0018701447158362416
-0.29708320920239722,-90.084468067283311,0.074263595185346254,-0.041836610812875284,0.071674305897235099,-0.040451387561260134,0.0025892892881111546,-0.0013852232516151503
-28.735505978176253,-85.058226313632076,0.069504643467907315,-0.040616924972327793,0.067374894337581051,-0.038346335246113715,0.0021297491303262639,-0.0022705897262140784
-55.31795951272472,-71.213452993375213,0.066186342291471981,-0.035678490934527025,0.063430652717885339,-0.032296094199020513,0.0027556895735866421,-0.0033823967355065127
-75.356189238457191,-49.304627752400144,0.062487696353403448,-0.026325720091191974,0.060519860618547902,-0.0225344979913795,0.0019678357348555456,-0.0037912220998124746
-87.267309142776696,-22.134326336946756,0.059169179899871999,-0.013456172495100113,0.058824310920809544,-0.010176963342076385,0.00034486897906245428,-0.0032792091530237273
-90.139701678287551,0.0062353756144619592,0.057478968264202922,-0.0025940283999852996,0.058419693321208659,2.8712566164181955e-06,-0.00094072505700573683,-0.0025968996566017176
-90.168770956771695,7.292345895853579,0.05776407906692433,0.00084409047527340584,0.058417731668810008,0.003357236126928551,-0.00065365260188567781,-0.0025131456516551453
-82.590850225580269,36.062570721997069,0.058302199083255318,0.015379298547392367,0.05948757375649464,0.016539046024969591,-0.0011853746732393214,-0.0011597474775772235
-66.376963735406562,60.87091182859541,0.05986251221648542,0.027120414935941629,0.061815213516791624,0.027715345122587665,-0.0019527013003062046,-0.00059493018664603589
-43.079905791950715,78.992295395933951,0.062619157817363519,0.035922849070688059,0.065236927021979169,0.035709087177505899,-0.0026177692046156498,0.00021376189318215999
-15.169945125625953,88.725926992911241,0.066668032416434347,0.041068014196606162,0.069414182892027845,0.039913924762615967,-0.0027461504755934979,0.001154089433990195
-0.18319832609359241,90.117371624100187,0.068478018706292332,0.041736085920966288,0.07169161839782244,0.040464545892834373,-0.0032135996915301085,0.001271540028131915
-0.33301398883389888,119.94504607650752,0.068988685298861499,0.053588286966290435,0.071497967075388996,0.05233649250586956,-0.0025092817765274972,0.0012517944604208756
-28.701695904389577,116.45858874986563,0.064871656878075806,0.051760816632067295,0.06747720529497464,0.051045913816942706,-0.0026055484168988341,0.00071490281512458925
-56.062700426103767,106.22880035991641,0.060998076450162801,0.047015712461650587,0.0635199865565204,0.046907605059233692,-0.0025219101063575985,0.00010810740241689459
-79.836495494625865,89.70229656936813,0.057848692725460699,0.039747911372991593,0.060095805489998377,0.040028653387216492,-0.0022471127645376787,-0.00028074201422489953
-99.097019142477336,68.087213091330156,0.055260844322140422,0.029532773868009184,0.057379101799266509,0.030729196252470132,-0.002118257477126087,-0.0011964223844609483
-112.4208171430317,42.555152296403655,0.053677957084243617,0.017632266365512562,0.055522303168923114,0.019388368078947126,-0.0018443460846794962,-0.0017561017134345644
-119.23219706026271,14.518298332884783,0.054452593200619362,0.0042594679682238616,0.054573355304491353,0.0066499394453007872,-0.00012076210387199082,-0.0023904714770769256
-119.36864817372164,-14.620949234629009,0.054322561412198676,-0.0099881101546995567,0.054555606761061345,-0.0066967361451924215,-0.00023304534886266909,-0.0032913740095071352
-112.0070927456314,-42.558711663267559,0.056227361814781038,-0.022867950216827235,0.055576714968545805,-0.01939116523377174,0.00065064684623523245,-0.0034767849830554948
-98.51004366438805,-68.272656534216679,0.058371935548652679,-0.034358691952639839,0.057458252554246879,-0.030812305123656372,0.00091368299440579975,-0.0035463868289834673
-79.29959766595087,-90.024664824734074,0.062089653698503569,-0.042993738002388225,0.060171506509340833,-0.040165827246123303,0.0019181471891627361,-0.0028279107562649217
-55.858469304203687,-106.19729542695912,0.06573395941781239,-0.049101511385502193,0.063548770857905626,-0.046896269121573027,0.0021851885599067644,-0.0022052422639291663
-28.581749655107132,-116.47758335118465,0.070051430941856896,-0.052595779162075376,0.067494402804424689,-0.051053549565639761,0.0025570281374322074,-0.0015422295964356153
-0.098907576866660227,-119.83654251410489,0.074189493131115974,-0.05301815790210547,0.071531503102062091,-0.052293843014535546,0.0026579900290538833,-0.00072431488756992402
0.12719802911223854,-119.89911076162643,0.074214765758452997,-0.053074791386770723,0.071562722439852275,-0.052315911882317524,0.002652043318600722,-0.00075887950445319846
0.31803679305467242,-149.88634916146563,0.074745751495684798,-0.063052466580438241,0.071333087350317556,-0.062941832411747514,0.0034126641453672418,-0.0001106341686907264
-29.345352539914575,-147.16527349016809,0.071296606773598295,-0.063557892077596642,0.067448433007271463,-0.062149849677316106,0.0038481737663268317,-0.0014080424002805361
-57.533579196007167,-138.64356195027108,0.067034088593854943,-0.061063650651530126,0.063501280006062727,-0.059107602540626636,0.0035328085877922161,-0.0019560481109034897
-83.717269013620168,-124.69295343509218,0.062214609246947758,-0.05605637737917471,0.059774730986870486,-0.05387322866826269,0.0024398782600772717,-0.0021831487109120196
-106.21682810857381,-106.33519508204013,0.058735286567453644,-0.049469957453549457,0.056634489156343906,-0.046646022855752443,0.002100797411109738,-0.0028239345977970134
-124.86745408954208,-83.370961867104455,0.055319719200474689,-0.040652689848209474,0.054070891461699959,-0.037138047176694472,0.0012488277387747299,-0.0035146426715150017
-138.80659804520619,-57.351403587045731,0.053205295732862624,-0.029995919905268943,0.052149066050839868,-0.025868937434557329,0.0010562296820227565,-0.0041269824707116133
-147.57194001537812,-29.274327268910753,0.051979734934285329,-0.017220421243101029,0.050928271430757371,-0.013311268405257112,0.0010514635035279579,-0.0039091528378439166
-146.91341008235989,29.159644588480372,0.05029763759084932,0.011030655703075624,0.051012450802130412,0.013261073148443551,-0.00071481321128109149,-0.0022304174453679267
-139.3259199116988,57.301655252608661,0.050788709644884335,0.024560734542107155,0.052082253037636826,0.025844821755841643,-0.0012935433927524914,-0.0012840872137344882
-125.26654879864698,83.336161464367322,0.052113113525005493,0.035804407980957804,0.05401918276425037,0.037121233010180402,-0.0019060692392448772,-0.0013168250292225972
-106.25956615861251,106.0742220847103,0.0540388541612472,0.045421699493818496,0.056627290947715049,0.046542034117705619,-0.0025884367864678487,-0.0011203346238871231
-83.657577779427356,124.59437181194578,0.057421246989638346,0.053194890911399492,0.059782303004286351,0.053836702980283639,-0.0023610560146480053,-0.00064181206888414694
-57.797349052535914,138.58321875839286,0.060895898067284397,0.058935279423312406,0.06346399211168563,0.059084873713316485,-0.0025680940444012326,-0.0001495942900040792
-29.7173143814986,147.14209837550095,0.064740452737543933,0.062281642797946901,0.067397685474374205,0.062141672989191689,-0.0026572327368302728,0.00013996980875521231
-0.13926118086278147,149.79450927647346,0.068742810961768014,0.063440850634446613,0.071276828654392804,0.06291614138791804,-0.0025340176926247904,0.00052470924652857354
-0.27501095589010643,150.05727911669464,0.068523766005259848,0.063233406475006318,0.071257281928381433,0.063003884947820069,-0.002733515923121585,0.00022952152718624941
-0.29691838214322602,179.85057372712785,0.068617596034988057,0.071481357655930153,0.070914351760025196,0.071932695983358969,-0.002296755725037139,-0.00045133832742881574
-30.227262608350685,177.57317263047707,0.064667228364500173,0.070991841068639039,0.067311497254584199,0.071530435819482388,-0.0026442688900840255,-0.00053859475084334918
-58.596667738093252,170.03946007408095,0.060884934338322705,0.068881904816421466,0.063492315548893244,0.069341734758606305,-0.0026073812105705391,-0.00045982994218483897
-86.581206711294882,158.36865091681122,0.057223655107217636,0.064502797077747906,0.059585652139487112,0.065600111698418104,-0.0023619970322694764,-0.0010973146206701978
-111.30799554578219,141.9917684398518,0.053689028535593486,0.058471210113240378,0.056195294972713292,0.059956148119088518,-0.0025062664371198057,-0.0014849380058481396
-133.07566898979044,121.88573380392866,0.051603559961260898,0.051497457429390214,0.053271988861312077,0.052494922661730094,-0.001668428900051179,-0.00099746523233987944
-151.09582053125882,98.40875091761059,0.049548507134213556,0.042332343232768285,0.050834179071655508,0.043173183106865937,-0.0012856719374419526,-0.00084083987409765137
-165.35791277265687,72.125044404882189,0.04784185408312111,0.030870196874974849,0.048861502987279988,0.03212874284317379,-0.0010196489041588777,-0.001258545968198941
-174.51174173319484,43.962828302241341,0.046063023454557775,0.017751817457846125,0.04755225996161079,0.019797112452742353,-0.0014892365070530156,-0.0020452949948962275
-179.77551344809024,14.713561823468019,0.046403981896953377,0.004304849581458446,0.046796405864013658,0.0066616553997572428,-0.00039242396706028193,-0.0023568058182987968
-179.47397278480261,-14.97014736402779,0.046891876526342913,-0.010140630779382704,0.046835019003590529,-0.0067781166379998151,5.6857522752383483e-05,-0.0033625141413828885
-174.90975604976379,-44.353545202647098,0.047954754492684659,-0.023912063641804263,0.047503789026347276,-0.019968580091691421,0.00045096546633738299,-0.0039434835501128418
-164.85927994267448,-72.437129649803595,0.050733935257694179,-0.036738017061016578,0.048926120387868866,-0.032265279776210035,0.0018078148698253138,-0.0044727372848065439
-150.57328554623112,-98.369842153587001,0.053312442455603279,-0.047224667294124986,0.050899297838456321,-0.043161345569774107,0.0024131446171469575,-0.0040633217243508796
-132.15139843939588,-121.96172673797678,0.056148209499384219,-0.055655811315465917,0.05338923454187041,-0.052530392398776694,0.0027589749575138087,-0.0031254189166892224
-110.24764337271687,-142.00434051966087,0.059644441453801447,-0.062301341152868846,0.056333169536969027,-0.059967557428601215,0.0033112719168324201,-0.002333783724267631
-85.272778344602585,-158.3032755043107,0.063311100671970794,-0.067298037084707649,0.059763674310880636,-0.065586361041685609,0.0035474263610901571,-0.0017116760430220396
-58.70197494477879,-170.25362786651661,0.067172313844603454,-0.070337829465572252,0.063478481216347152,-0.069405075971698857,0.0036938326282563022,-0.00093275349387339501
-29.056519098370501,-177.40413415709702,0.07106836515857913,-0.071536232387696741,0.067463195616503685,-0.071480181010736416,0.0036051695420754454,-5.6051376960325472e-05
0.18391001832517381,-180.04095970507561,0.074539856809186553,-0.071008610825968946,0.070964867712188476,-0.071977420812941312,0.0035749890969980769,0.00096880998697236598
0.55551031416957786,-179.94545549916165,0.074605911477186454,-0.070788955871727302,0.071007038477455084,-0.071946731839567665,0.0035988729997313701,0.0011577759678403632
-0.17792099034855288,-210.04652221389597,0.074609589888203265,-0.07792210561024597,0.070461242614504122,-0.079004310440635037,0.0041483472736991434,0.0010822048303890663
-29.362321413238046,-207.66340660945409,0.070946176615189926,-0.078337385552938191,0.067256056856015545,-0.078896387531473447,0.0036901197591743817,0.00055900197853525624
-59.215885263141523,-201.48365016435082,0.067326809237916327,-0.078036074635915983,0.063441458338593715,-0.077675223713614627,0.0038853508993226121,-0.00036085092230135618
-87.535229005998943,-190.92485129838198,0.063475397657571084,-0.075918506946395167,0.059606388235223684,-0.075055696215220624,0.0038690094223473998,-0.0008628107311745431
-113.20141175566255,-176.55031226712117,0.060054043232703004,-0.072593215001772168,0.056176144992835172,-0.070996372809375985,0.0038778982398678316,-0.0015968421923961834
-137.54810203688638,-158.85618326051335,0.056612260135950519,-0.067656894775255605,0.053005677465747303,-0.065417387098632249,0.0036065826702032164,-0.0022395076766233563
-158.44450447757617,-137.67346759579434,0.05308106750647211,-0.060614819364436127,0.050264299694131605,-0.058061841285884347,0.0028167678123405052,-0.0025529780785517805
-176.78219723814672,-113.55304737130915,0.049527764410182432,-0.051951811292005302,0.047792099958340724,-0.048935282440922004,0.0017356644518417078,-0.0030165288510832985
-191.47119621338697,-87.313468965041508,0.04694770544116153,-0.042171897346075314,0.045731431485519398,-0.038301335634773226,0.0012162739556421318,-0.0038705617113020882
-201.78415743654605,-59.271673738684655,0.045392034025318433,-0.030664114016834221,0.04421784971342755,-0.026349336891192128,0.0011741843118908829,-0.0043147771256420928
-208.31881420521063,-30.100612299170006,0.044080818483720169,-0.017424456207760973,0.043237126654637324,-0.013490353706418873,0.00084369182908284462,-0.0039341025013420999
-208.07971316264113,29.673155953253218,0.042618085885676338,0.010720150626525036,0.043265524671618351,0.013300977172021146,-0.00064743878594201304,-0.0025808265454961097
-201.51874355676307,58.897646714787648,0.042810750757439738,0.023994065967577249,0.044248360110898395,0.026189378954888032,-0.0014376093534586576,-0.0021953129873107831
-191.24360209132928,87.073097277407967,0.044489252895963845,0.036570322545779431,0.045757344381120051,0.038204286053810065,-0.0012680914851562058,-0.0016339635080306336
-177.03144506096882,113.35192049952933,0.046749324178281954,0.047643762158742158,0.047759617464802069,0.048855137284905266,-0.0010102932865201156,-0.0012113751261631084
-158.99533264906506,137.36889243592279,0.048358288834587086,0.056287483417657165,0.050194385443827691,0.057948489391532645,-0.0018360966092406047,-0.0016610059738754804
-138.17622714914438,158.60862641779525,0.050330441384462209,0.062773178302624993,0.05292642916685214,0.065332640454302385,-0.0025959877823899316,-0.0025594621516773913
-114.03371492785995,176.47925616000995,0.053145507860842017,0.068258758704283065,0.056069746632180804,0.070970709960992959,-0.0029242387713387871,-0.0027119512567098936
-88.192706604714104,191.01408951796816,0.056277823051998674,0.07256847910102375,0.059518522778731979,0.075076479357626319,-0.0032406997267333051,-0.0025080002566025689
-59.776747853153893,201.55609032307893,0.059729248084451569,0.075420376314095039,0.063366288267002746,0.07769269055632691,-0.0036370401825511767,-0.002272314242231871
-29.978968283287614,207.66159818600761,0.064103660153944156,0.077762839082281196,0.067180998021013558,0.078901326177425998,-0.0030773378670694018,-0.0011384870951448023
-0.80641500244248909,210.14551753422163,0.067034299579863094,0.077134336477661075,0.070397581250467245,0.079035097697206985,-0.0033632816706041513,-0.00190076121954591
0.069847714916329448,209.65751296280712,0.06750589501580237,0.077713802410738164,0.070492469175548328,0.078922309700403148,-0.0029865741597459583,-0.001208507289664984
-0.55639665815256167,239.92537324334003,0.066185968513486348,0.082301390132012972,0.069822598403705069,0.084086037097093336,-0.0036366298902187205,-0.0017846469650803637
-29.773827196087808,238.04884220713174,0.062787740767240099,0.082585667078202751,0.066828491718178229,0.084384086037720837,-0.0040407509509381295,-0.0017984189595180861
-58.648188937219423,232.55122178483919,0.059636491758537642,0.081611292070518579,0.063371879893640681,0.083848078187783351,-0.0037353881351030391,-0.0022367861172647718
-86.918913985171926,223.56614067887574,0.056521616690515183,0.080204758289280823,0.059735872154880472,0.082345457108313397,-0.0032142554643652885,-0.0021406988190325743
-113.98486732058905,211.42902326677731,0.053492700815929647,0.077475483649565483,0.056262369476242392,0.079819791280654168,-0.0027696686603127449,-0.0023443076310886851
-139.35310152587712,195.98298807189346,0.050386733183608125,0.073359372643160822,0.053081683918924732,0.076063259241289316,-0.0026949507353166077,-0.0027038865981284937
-162.27671494382318,176.9993773650456,0.047778950751943494,0.068125838484728238,0.050193501810577405,0.070733796372661861,-0.0024145510586339111,-0.0026079578879336235
-182.74583291936847,156.14118089026996,0.045698029539854447,0.061727805596320934,0.047545008558487298,0.064089123228824638,-0.0018469790186328508,-0.0023613176325037039
-200.74930400506614,132.44401393147416,0.043333716792977532,0.053552763181372795,0.045099997498460713,0.055719887146208097,-0.0017662807054831808,-0.0021671239648353019
-215.41686176598111,106.88438794820833,0.041339273673297622,0.043687336172990858,0.042996965905521684,0.045911493947292943,-0.0016576922322240617,-0.0022241577743020852
-226.47491961144237,79.606865612947047,0.039620524710889761,0.032647970000924162,0.04132859892857723,0.034764809592399804,-0.0017080742176874691,-0.0021168395914756416
-234.36612595784405,51.118294670673386,0.039545152895802266,0.020745702417149861,0.040101711487228429,0.022584187287318817,-0.00055655859142616365,-0.0018384848701689556
-266.0862995118311,51.540510927315545,0.03566310212682975,0.020001764701663469,0.03621680886208941,0.022527158830368803,-0.00055370673525965974,-0.0025253941287053348
-257.37138386190486,80.455384254925434,0.036138840459024872,0.032043847413780524,0.037553353983497205,0.034779513132280539,-0.0014145135244723328,-0.0027356657185000147
-247.66829279016738,108.16422484405705,0.037778486908826799,0.043703206143683539,0.039082536403922924,0.045988773659308924,-0.0013040494950961254,-0.0022855675156253849
-233.78320482866772,134.93497537848282,0.039533268507520598,0.053963452853577273,0.041147293931372786,0.056158246660088965,-0.0016140254238521876,-0.0021947938065116912
-218.39956415404856,159.85182854666169,0.040895317575224355,0.060950279072450035,0.043356191354877109,0.064820186290854523,-0.0024608737796527544,-0.0038699072184044878
-199.52152814507758,182.90526257307565,0.042924384376076784,0.067910002656479854,0.04589769003362483,0.071991289573743608,-0.0029733056575480463,-0.0040812869172637545
-177.85152748914092,203.53343425008521,0.045388321969637699,0.073901059510941669,0.04864447923446974,0.077564468331289993,-0.0032561572648320408,-0.0036634088203483239
-154.17087803669213,221.55830691817565,0.048304337378449837,0.078391272119381933,0.051527381228794807,0.081703858191576176,-0.0032230438503449699,-0.0033125860721942429
-128.91229988403452,237.14038403042619,0.05099291527718363,0.081899211170176733,0.054556623692256556,0.084755167585008964,-0.0035637084150729262,-0.0028559564148322308
-102.52900087328531,250.22724265550028,0.053926650872246094,0.083939475691786183,0.057730911314115674,0.086917875961047331,-0.0038042604418695794,-0.0029784002692611472
-74.300042022525176,259.90154356741232,0.056839992999719334,0.085374086898167459,0.061149985935974302,0.08815479315726206,-0.004309992936254968,-0.0027807062590946008
-44.642047371448143,266.16696188997219,0.060215363482830228,0.086483833083324552,0.06459942274140433,0.088516692290184842,-0.0043840592585741023,-0.0020328592068602908
-15.150363490654215,269.38261124038178,0.063583794998814794,0.087206945464522401,0.067701265420772219,0.088190418507348725,-0.0041174704219574254,-0.00098347304282632442
-0.2916923848152379,270.05638088532811,0.06556196313875956,0.08773173658238699,0.069086587476037076,0.087858265272978492,-0.0035246243372775155,-0.0001265286905915014
-0.2898979706208204,299.9412745896343,0.064306564061790292,0.09125530933886615,0.068201452895287298,0.090923534600188566,-0.0038948888334970067,0.00033177473867758434
-30.455232435362262,298.18908159947017,0.061414771248132112,0.091429064863069245,0.065316118156133876,0.091703217018631211,-0.003901346908001764,-0.00027415215556196582
-60.266479415558301,294.24381567771638,0.058733180744594118,0.092379882769906316,0.062240956008308632,0.092070631305121928,-0.0035077752637145132,0.00030925146478438803
-88.637066330186414,286.46173694133694,0.056051216787065011,0.091793552087710367,0.059156447057729634,0.091654237102139866,-0.0031052302706646231,0.0001393149855705017
-117.24605092647751,276.37215736548819,0.052907113789816357,0.09035987047959726,0.055926950273800839,0.090610614086558322,-0.0030198364839844824,-0.00025074360696106246
-143.76402806210751,263.29297915537336,0.050080395114051192,0.088260823148276019,0.052904464599587482,0.08884828854275488,-0.0028240694855362902,-0.00058746539447886159
-169.37979305699068,247.63972424716965,0.047222525188386932,0.084993361507573278,0.049948938042233465,0.086351697679243222,-0.0027264128538465326,-0.0013583361716699438
-193.92291185911017,229.66720135282867,0.044369093903274114,0.081007984694727989,0.047043508221940644,0.082989239568777129,-0.0026744143186665306,-0.0019812548740491404
-215.61059221496512,209.29183638554798,0.041837015929550671,0.076407534652236764,0.044341302338391335,0.078496751380994378,-0.0025042864088406641,-0.0020892167287576147
-235.07406225772536,186.97789458148858,0.039401359380665621,0.069414604169214036,0.041772474639864464,0.072637617173101965,-0.002371115259198843,-0.0032230130038879284
-252.31245252591262,162.52292945908013,0.037426641701263724,0.06239523852750261,0.039357821580239226,0.065153279109401066,-0.0019311798789755016,-0.0027580405818984563
-267.60078868986875,136.66432924655274,0.035581810135888167,0.053655131053954724,0.037116921204868175,0.056245542927622787,-0.0015351110689800079,-0.0025904118736680623
-279.29508543346083,109.38917833239215,0.033662801042822058,0.042912544834705225,0.035298611883685202,0.046007997205918742,-0.0016358108408631444,-0.0030954523712135168
-289.14830952877963,81.012639554368818,0.032392018190876927,0.031481621696580246,0.033750450988323383,0.03463687031676161,-0.0013584327974464558,-0.003155248620181364
-295.72885993228607,51.762811482280767,0.032204371411959289,0.019920994806594709,0.03268478470773889,0.022387190460282029,-0.00048041329577960118,-0.0024661956536873204
-327.45789459155827,44.011215649158821,0.028417615952950549,0.016220613549420209,0.028966955096305688,0.018871917056076271,-0.00054933914335513964,-0.0026513035066560615
-321.88848068463545,73.208354301946756,0.028629809338693864,0.02789849190522873,0.029856197042915228,0.031082577549957111,-0.0012263877042213642,-0.0031840856447283815
-315.12203932984158,102.0090469163125,0.029435524329378532,0.03913121685174463,0.030992596639698711,0.042645635513186113,-0.0015570723103201789,-0.0035144186614414832
-303.66909921538331,129.28968546313183,0.031416234357215495,0.050390461886428227,0.032740460330459943,0.053025830339461857,-0.0013242259732444486,-0.0026353684530336305
-290.87909194889977,156.10751660675922,0.03242116927321096,0.058353562460709933,0.034692329254737281,0.062448470232742526,-0.0022711599815263203,-0.0040949077720325924
-276.08144750024411,181.73604160547015,0.034271872578006159,0.066258053095978459,0.036865182531879752,0.070540372091709561,-0.0025933099538735932,-0.004282318995731102
-258.31026088867696,205.48139579481494,0.036891640367631311,0.073644692387046767,0.039307797441004995,0.07706266283702759,-0.0024161570733736842,-0.0034179704499808228
-239.29603263258619,227.82684378532966,0.03886571036652553,0.079099479126923986,0.041789360972991886,0.082214001058157682,-0.0029236506064663562,-0.0031145219312336964
-217.6091075346084,248.24308908031685,0.041355297231960533,0.08398784044111593,0.044459847082820421,0.086189987691761547,-0.0031045498508598876,-0.0022021472506456169
-194.52511594011847,266.72031201206045,0.043870605384249736,0.08794690402263855,0.047172598027122363,0.089257401062563455,-0.0033019926428726268,-0.0013104970399249044
-169.05718258867466,283.13128833492902,0.046495720919123226,0.090655602271085448,0.05004967363551633,0.091601631867276878,-0.0035539527163931037,-0.00094602959619143057
-143.87078478764852,297.38886767831326,0.049162848746492467,0.09268528147924486,0.052829844294657279,0.093354079203814749,-0.0036669955481648114,-0.00066879772456988895
-116.35455139280869,308.86112957089995,0.052120996766837221,0.094308046306163948,0.055815921369353455,0.094515144050610428,-0.0036949246025162336,-0.00020709774444647999
-88.225571286851206,317.81073314410196,0.055348299192101935,0.095876689968002693,0.05876272327167982,0.095150762715615386,-0.0034144240795778852,0.00072592725238730671
-59.088611912391229,324.39922776610587,0.058146746798563805,0.096174389936600241,0.061641488080463304,0.095239130612271766,-0.0034947412818994994,0.00093525932432847458
-29.961330495225919,328.77136298196774,0.060399947774641048,0.095332474079693197,0.064389126992368637,0.09484039527598051,-0.0039891792177275884,0.00049207880371268664
-0.71357473281112183,329.87686068353838,0.063443155904574791,0.094529128653534619,0.067187640695171302,0.093971975396736171,-0.0037444847905965112,0.00055715325679844829
-0.46066036326549092,329.7460562295999,0.063506300346305736,0.094718903211999314,0.067216551135681535,0.09394945441102133,-0.0037102507893757991,0.00076944880097798429
-0.26556074668614738,359.78615167627959,0.063004755988589761,0.09872877118932194,0.06624502703909485,0.097595595602404009,-0.0032402710505050891,0.0011331755869179311
-30.232155244615683,358.45910746256322,0.060415322797084135,0.099784447978799221,0.06342047360108416,0.098349476490505697,-0.0030051508040000244,0.0014349714882935238
-60.22264995108236,355.21337247080152,0.057807205210932723,0.10054996478838729,0.060727470522107009,0.098767414892216146,-0.002920265311174286,0.0017825498961711456
-89.197759237945832,349.0382469273689,0.054610840531006025,0.099889533466913635,0.058070273037496102,0.098694549276728161,-0.0034594325064900774,0.0011949841901854746
-117.85617067789171,340.72713493410532,0.050872242062051307,0.097385028194133472,0.055220794868185874,0.098244744811770854,-0.0043485528061345674,-0.00085971661763738216
-145.36941172582704,329.94163385123386,0.047953822038666653,0.096013652559253176,0.0523455099389349,0.097360168817789222,-0.0043916879002682471,-0.0013465162585360457
-171.55991428786515,316.52979310420221,0.045109283778647133,0.094412495726063028,0.049568904575999613,0.095982672856444753,-0.0044596207973524801,-0.0015701771303817252
-197.60155789144051,301.42025777084064,0.042452995782377885,0.092329749819055285,0.046760437100614734,0.094186478664251588,-0.0043074413182368487,-0.0018567288451963038
-222.23646736657429,284.10025155716687,0.039894521766785283,0.088977004346431132,0.044026128666886488,0.09181865147469076,-0.0041316069001012048,-0.0028416471282596278
-244.51057851164478,264.61768072295928,0.037672421646817708,0.085627255520051904,0.041453481926166609,0.088782963912720211,-0.0037810602793489009,-0.0031557083926683077
-265.21541594819627,243.39441808154939,0.035171741885700734,0.081243959393292833,0.038947836362763694,0.084972788309881406,-0.0037760944770629593,-0.0037288289165885724
-284.56722089624463,221.09735490439553,0.033329187561363174,0.076459251027777744,0.036481290619298133,0.080274242049871838,-0.0031521030579349588,-0.0038149910220940941
-301.53004137028091,196.65826317749978,0.031474937415672741,0.07020562854772068,0.034159509027079357,0.074186223246593741,-0.0026845716114066165,-0.0039805946988730606
-317.17002442402492,171.10219146980572,0.02962898135739369,0.062937058980542165,0.031904435172914566,0.066693757343287335,-0.0022754538155208767,-0.00375669836274517
-330.2751441338624,144.55585559687924,0.027989448747352052,0.054485521255832794,0.029911804801107902,0.057915245700623674,-0.0019223560537558505,-0.0034297244447908798
-340.63568567770022,116.54845348090254,0.026829596306456378,0.045259171906013904,0.028252671479387322,0.047784382134391262,-0.0014230751729309432,-0.0025252102283773586
-349.25459628904861,88.084060986879976,0.025200784673809259,0.033438801050083192,0.02686664025263176,0.036754691844366326,-0.0016658555788225012,-0.0033158907942831342
-356.27235138548366,59.165495867738855,0.024492806295014002,0.021313246986073123,0.025759801444956203,0.024992898594912744,-0.0012669951499422009,-0.0036796516088396201
-383.57302059347984,74.044019891741229,0.021126009192343084,0.026845445466487941,0.022642620047731047,0.030798318567993227,-0.0015166108553879634,-0.0039528731015052859
-376.25606811305943,103.25289190383974,0.022343709906097235,0.038837098517394905,0.023866108887791702,0.042292182163421017,-0.0015223989816944665,-0.0034550836460261122
-368.41089853740255,131.70707140350203,0.023629689200682827,0.049609229715331271,0.025225157755786896,0.052829429549013533,-0.0015954685551040695,-0.0032201998336822621
-356.33119517573891,159.27658289829296,0.024816555620069406,0.057474352710701178,0.027134085245140906,0.062295435394895959,-0.0023175296250715002,-0.0048210826841947815
-343.52156040360234,186.15660924818158,0.026561712757904463,0.066393752721457949,0.029140469772474521,0.070583563753460393,-0.0025787570145700579,-0.004189811032002444
-326.9435547394574,211.81115886808516,0.028951379861206016,0.074565343072933887,0.031526048457512397,0.07749931854048861,-0.0025746685963063815,-0.0029339754675547225
-309.8639692984878,236.08656249807686,0.030779925532189847,0.080408745791595196,0.033837546128255923,0.083050388039710321,-0.0030576205960660754,-0.0026416422481151253
-292.03736365793247,259.33340635357706,0.032411271601295366,0.084353028058612223,0.036078939885510142,0.087585635050485888,-0.0036676682842147756,-0.0032326069918736655
-270.58790255872776,280.89684063032263,0.034551668970364505,0.088292690953925473,0.038583618155600199,0.091268043420034459,-0.0040319491852356948,-0.0029753524661089853
-248.75707063885329,300.68184921460801,0.036759942309411549,0.091696780169732289,0.041020641615638918,0.094295190667225762,-0.0042606993062273696,-0.0025984104974934724
-224.78972915277018,318.97519191934174,0.039350483992246631,0.094510701613790188,0.043583011811528197,0.096864989263083068,-0.004232527819281566,-0.0023542876492928799
-200.26042060887161,335.26746584830011,0.041884126194193814,0.097043734990915856,0.046095492960920033,0.098954344298724461,-0.0042113667667262183,-0.0019106093078086056
-173.42833243241697,349.45968954468498,0.044719480642193304,0.09926528445990751,0.048816078119353547,0.10051623848748713,-0.0040965974771602423,-0.0012509540275796177
-145.95310736940448,361.61112736341852,0.04787830118524012,0.10119996032174941,0.051637552211353785,0.10161152577596205,-0.003759251026113665,-0.00041156545421264235
-117.78305673954252,371.55545580593076,0.050672688884746825,0.1017235528595351,0.0545516003947367,0.10229892744953828,-0.0038789115099898755,-0.00057537459000317481
-88.988519353432494,379.62423456531297,0.053363226911856451,0.10209201932777107,0.057397853527640777,0.10274304487171899,-0.0040346266157843258,-0.00065102554394792789
-59.848496131887551,385.30419258208377,0.056434512542831848,0.10256886614918072,0.060059815049591458,0.10296878697896283,-0.0036253025067596104,-0.00039992082978211607
-30.681871614397739,388.97902025431608,0.059519682134570151,0.10286969105315238,0.062616249753448427,0.10302876325451892,-0.0030965676188782765,-0.00015907220136653077
-0.24786587508049099,389.76529158726333,0.062736857221163608,0.10281000654781811,0.065341656137873169,0.10249643694364732,-0.0026047989167095609,0.0003135696041707825
-0.76402687301526628,390.21286577788686,0.062490868686535445,0.10286676487265679,0.065281861404683783,0.1025964894654437,-0.0027909927181483385,0.00027027540721309695
-0.54072440036993508,399.58986495705602,0.062448344797927782,0.10371398378640551,0.065058045455721109,0.10449234018486271,-0.0026097006577933263,-0.00077835639845720561
-0.99665532844551041,400.18639789447894,0.062082139850533458,0.10360426305977317,0.065004041129443788,0.10463127241003367,-0.0029219012789103299,-0.0010270093502604966
-31.033110548174008,398.94969985819324,0.059056785497691125,0.1034702446726755,0.062423277355158444,0.10489800722626069,-0.0033664918574673186,-0.0014277625535851907
-60.269055547736116,395.5175124149452,0.055843734202143593,0.10333936077136539,0.059832308067266644,0.10468294783779274,-0.0039885738651230518,-0.001343587066427343
-89.187063602996616,389.66194831377044,0.052984133329931897,0.10282291897295236,0.057134116169324671,0.10430106121968903,-0.004149982839392774,-0.0014781422467366745
-119.00837623556471,382.38817641484974,0.050183700425539088,0.10257638747098427,0.054104608358541049,0.10397411979560452,-0.0039209079330019617,-0.0013977323246202461
-146.82934829988929,372.33152233279071,0.047660812653583032,0.10226827679052107,0.051226690580523433,0.10326214073558569,-0.0035658779269404015,-0.00099386394506462139
-173.85863756425564,360.40378111446142,0.04484805836533888,0.10148745233693217,0.048493557087428793,0.10218885787741282,-0.0036454987220899127,-0.00070140554048064852
-200.09333803279321,346.10081858444477,0.042691485800193052,0.09969885498732918,0.045922820897370681,0.10058048809726709,-0.0032313350971776289,-0.00088163310993791266
-225.70239696585122,330.42448145046995,0.040139560370513062,0.097907039295422105,0.043378114394768054,0.098569066496869584,-0.0032385540242549915,-0.00066202720144747929
-250.62714732830503,312.79397713969496,0.037437101452464407,0.095012555665272364,0.040791203740168071,0.096092687467555088,-0.0033541022877036641,-0.0010801318022827244
-272.03272722015214,293.10199495001302,0.035212907721988915,0.09201428121398203,0.038468002082186967,0.093140956615053824,-0.003255094360198052,-0.0011266754010717944
-293.98992514351499,271.95981914885004,0.032816779601628987,0.087973343659781295,0.035978744324304063,0.089694318060537903,-0.0031619647226750758,-0.0017209744007566086
-313.07110736283374,248.9634868883451,0.030644168060264165,0.083038773331679902,0.033664974783194218,0.085484224364053299,-0.0030208067229300535,-0.0024454510323733969
-330.50595059332727,225.31654869140561,0.028420725003648745,0.076643373657476574,0.031364273525936751,0.080480964451793563,-0.0029435485222880052,-0.003837590794316989
-347.1982550698886,199.80509612182854,0.026400820323737438,0.069933757164024349,0.028979082914167179,0.07416537802136304,-0.0025782625904297411,-0.0042316208573386915
-361.29071274244433,173.36971708598523,0.024695463380792555,0.061891829195777882,0.026812708133906987,0.066549297873224167,-0.0021172447531144327,-0.0046574686774462845
-372.83249885218061,145.80354890734029,0.023386540506999471,0.054074448592243425,0.024931594707295626,0.057597425680995309,-0.0015450542002961552,-0.0035229770887518844
-382.52994428127494,117.66263966377143,0.022140729115026105,0.044152970489820142,0.023306970762350571,0.047573026940380146,-0.0011662416473244668,-0.0034200564505600037
-390.44995065779614,88.723741389434167,0.020905207462448099,0.033024693540673181,0.021953856212241992,0.036526817313473035,-0.0010486487497938929,-0.0035021237727998547
-396.06443693540564,59.31637084197331,0.019939024478235024,0.020599968446435808,0.020965382695648946,0.024736908728133108,-0.0010263582174139217,-0.0041369402816972996
-395.96881305065898,-59.879290884252299,0.02168376319017791,-0.029101785427080553,0.020981922384425328,-0.024966830595336675,0.00070184080575258143,-0.0041349548317438783
-390.3648865462053,-89.466010288843663,0.023506065463189882,-0.041804760259470886,0.021972992823426605,-0.036816823216057455,0.001533072639763277,-0.0049879370434134304
-382.33223743347298,-118.2629680550009,0.025256077030939433,-0.051838084066378236,0.023339899737335804,-0.047795097257639335,0.0019161772936036291,-0.0040429868087389007
-372.11162839933314,-146.22775032764514,0.02690289557664036,-0.060455609344701761,0.025025506608079423,-0.057751862911139082,0.001877388968560937,-0.0027037464335626787
-360.43032871965102,-173.74773121422109,0.029533126546617626,-0.070027088777224869,0.026921711161775833,-0.066678376346955198,0.0026114153848417927,-0.0033487124302696708
-346.57042718989504,-200.23727727548763,0.032301273722416139,-0.078052594306830092,0.029060224482907009,-0.074288173805097044,0.0032410492395091306,-0.0037644205017330484
-330.65330922512766,-225.39063813571292,0.034353861572921994,-0.083749028286456861,0.031349026163718097,-0.080494340519109198,0.0030048354092038973,-0.0032546877673476637
-313.20886141161918,-249.61115024024915,0.037071336323379715,-0.088994186557981095,0.03365877530348254,-0.085602264229174607,0.0034125610198971756,-0.0033919223288064876
-293.19585554781798,-272.59443423678061,0.039871595851355905,-0.09347031560808669,0.036069439876469399,-0.089804712333604153,0.0038021559748865064,-0.0036656032744825373
-271.43090909147776,-293.57871502345375,0.042413097197960971,-0.096522969805485637,0.038534511122879013,-0.093215061690467726,0.0038785860750819579,-0.0033079081150179102
-249.06774760111657,-312.49557891068042,0.04478124016350242,-0.09916089510251265,0.04096103108830746,-0.096044045976585835,0.0038202090751949594,-0.0031168491259268155
-225.71885493685886,-330.53119932739634,0.047387429346763925,-0.10116870872540108,0.043375237677916137,-0.098585325668645418,0.0040121916688477879,-0.0025833830567556643
-200.47505461026836,-346.23414929827305,0.049971074628716694,-0.10291930605806007,0.04587860063494624,-0.10060850157324155,0.0040924739937704541,-0.0023108044848185183
-172.75137680993726,-360.29013225368772,0.052913855831776345,-0.10367539277720834,0.048621546825803233,-0.1021406953451954,0.004292309005973112,-0.0015346974320129408
-145.44578085761677,-372.16581728450547,0.055545204092031793,-0.1043904183620649,0.051391383208919429,-0.10319275521483268,0.0041538208831123635,-0.001197663147232228
-118.20182778774995,-382.18385832119066,0.057696402916717016,-0.10366173896708086,0.054202043174128571,-0.10391729619934087,0.0034943597425884446,0.00025555723226000637
-88.243006973471822,-389.39959975089158,0.060412645187067883,-0.10388099939002497,0.057236978314517614,-0.10423569123792066,0.0031756668725502687,0.00035469184789568842
-59.782260100115799,-395.05518748448657,0.063836334001025424,-0.10461727258234346,0.059885462574583291,-0.10459387611021641,0.0039508714264421332,-2.3396472127054646e-05
-29.77894297811773,-398.66202288592712,0.067056333463998807,-0.10439793452392994,0.062537269818762134,-0.10482440012731048,0.0045190636452366734,0.00042646560338054085
0.87947684362421974,-399.5600745389047,0.070081821116337192,-0.1035795023105113,0.065181781500747382,-0.10445005179906408,0.0049000396155898102,0.0008705494885527798
-0.22875291866623726,-389.74957168832867,0.070189711429777368,-0.10249081160819894,0.065343853149569822,-0.10249289920511871,0.0048458582802075462,2.0875969197753363e-06
-29.156054634991737,-388.54121098230252,0.067459287864360881,-0.10312676549315423,0.062760517891036913,-0.10292190411825503,0.0046987699733239685,-0.00020486137489920953
-58.947360967380426,-385.17777519003738,0.06412579337895806,-0.10325793472060471,0.060145124093689099,-0.10293059015879376,0.0039806692852689604,-0.00032734456181095217
-89.289035661601474,-379.26374772772465,0.060886126752153887,-0.10326852924238496,0.057376338680148464,-0.10269688364148638,0.0035097880720054223,-0.00057164560089857652
-117.73897311175143,-371.58746867098517,0.05781397868009281,-0.10267847781879995,0.054555629123019519,-0.10230239416949338,0.0032583495570732909,-0.00037608364930656613
-145.6604659967177,-361.4187724545248,0.055267504264318749,-0.10278256824581634,0.051676023370180187,-0.10157573983232243,0.0035914808941385629,-0.0012068284134939128
-172.8309792476891,-349.33663477260188,0.052425944882683546,-0.10175887755536379,0.048886293845407255,-0.10048462540484211,0.003539651037276291,-0.0012742521505216819
-199.05042157953986,-335.23442029157758,0.049408241724861773,-0.1000227220798779,0.04622990820664756,-0.098930228614261026,0.0031783335182142131,-0.0010924934656168783
-224.41872771912151,-318.78689648737122,0.046640069584387739,-0.098431571240077287,0.043625459343216169,-0.096834533677256904,0.0030146102411715697,-0.0015970375628203831
-247.93164306900974,-301.05293887860643,0.044005900348954081,-0.095992508780680372,0.0411112682594377,-0.094348855058811701,0.0028946320895163816,-0.0016436537218686709
-270.63440493999269,-280.99846128387975,0.041464829905154342,-0.093526245861214996,0.038578905791875763,-0.091283728533616493,0.002885924113278579,-0.0022425173275985033
-291.2757973993908,-259.47284277457987,0.038932058455804011,-0.089958511843919634,0.036163883976925569,-0.087616931390250979,0.0027681744788784421,-0.0023415804536686541
-310.0872660264709,-236.60436470174363,0.036622270520773784,-0.08566237471215514,0.033820236827948338,-0.083150540196156003,0.0028020336928254452,-0.0025118345159991368
-327.14284229164059,-212.30212458284527,0.034404590242074436,-0.08085630623995059,0.03151226013254918,-0.077611271305940366,0.0028923301095252554,-0.0032450349340102241
-343.19022682234566,-186.4387126459886,0.031567729251848142,-0.073838220939360766,0.029184337001702296,-0.070668570250847482,0.0023833922501458465,-0.0031696506885132841
-355.71375422465309,-159.71605560348721,0.029087791120761149,-0.065490341170802324,0.027214851221928047,-0.062446597362243075,0.0018729398988331022,-0.0030437438085592489
-367.31145316101197,-132.10239827356963,0.02704253990530529,-0.056772044017811274,0.025362645698126993,-0.052986219301119679,0.0016798942071782966,-0.0037858247166915951
-376.17332230085208,-103.61399816074288,0.025624296055514091,-0.04725025163975026,0.023880854550812874,-0.042430253013215569,0.0017434415047012167,-0.0048199986265346911
-383.18570385413233,-74.29894528783781,0.023069253810326425,-0.035001427399017244,0.022692367894136863,-0.030904202362801995,0.00037688591618956213,-0.004097225036215249
-355.22601321210942,-59.53285719777719,0.026321358115794367,-0.029389199329771902,0.02588470444570367,-0.0251529443116769,0.00043665367009069686,-0.0042362550180950025
-349.51914808844163,-88.457642849139816,0.027871359436263881,-0.040969916425204027,0.026840318254253787,-0.036899031781845906,0.0010310411820100944,-0.0040708846433581206
-340.70597223537266,-117.00898438416613,0.030302194282922884,-0.052868390945423505,0.028251456836158394,-0.047953896822655745,0.0020507374467644904,-0.0049144941227677597
-329.77967459613518,-144.76714928653385,0.031750938326264473,-0.061536728837823115,0.02997292201253229,-0.057995565498922,0.0017780163137321829,-0.0035411633389011155
-316.567276626997,-171.61845863386461,0.034508782763433249,-0.069768202739378518,0.031983430513095816,-0.066860918745176842,0.0025253522503374329,-0.0029072839942016759
-301.26241932686298,-197.1388152467438,0.036744540535194423,-0.076412605060094604,0.034198379218686237,-0.074315674560382197,0.0025461613165081859,-0.0020969304997124072
-284.38951211041734,-221.216272689043,0.038897847583273068,-0.081560168674285213,0.036503247635211143,-0.080302512786568969,0.0023945999480619248,-0.0012576558877162441
-264.70664332831251,-243.96944130883517,0.041778129695318793,-0.086435936692473375,0.039011133350520685,-0.08508376152451054,0.0027669963447981075,-0.0013521751679628352
-243.53777598241822,-265.1289768246649,0.044255506340060834,-0.08998922462530945,0.041566628900415771,-0.088869638123450556,0.0026888774396450627,-0.0011195865018588935
-221.04926855388155,-284.23887957428082,0.047095609311714949,-0.093157641425328785,0.044161084088359663,-0.091837913507031507,0.002934525223355286,-0.0013197279182972782
-196.81666725353486,-301.26672714018406,0.049583847709036198,-0.095437967899619558,0.046850029026653819,-0.094160687139178134,0.0027338186823823787,-0.0012772807604414238
-171.27817713710922,-316.49884339381009,0.052455779186749915,-0.0969580375466709,0.049600976198789677,-0.095975624295681697,0.002854802987960238,-0.00098241325098920307
-144.17801418843194,-329.49896439876721,0.05507769812851028,-0.097435922264142633,0.052485432362939927,-0.097287697233649023,0.0025922657655703535,-0.00014822503049360947
-116.24186486030554,-340.1350947097539,0.058076356063683818,-0.098765317299978089,0.055406464138342486,-0.098145108342175505,0.002669891925341332,-0.00062020895780258434
-87.567925223513626,-348.79919726156101,0.06234898689556545,-0.10093171269205947,0.058238701347826632,-0.098631528795853463,0.0041102855477388178,-0.0023001838962060095
-59.03005167699996,-354.9723037689966,0.065506807536912515,-0.10098125263376924,0.060845319070744301,-0.098707005315548685,0.0046614884661682135,-0.0022742473182205541
-29.452151650371064,-358.54920480633308,0.068235500142131922,-0.10049788471054817,0.063490374984302933,-0.098338189114734492,0.0047451251578289888,-0.0021596955958136793
0.82403376477544299,-359.86898285858337,0.070144398057125301,-0.097939477992493792,0.066350879260270237,-0.097572013585643935,0.0037935187968550638,-0.00036746440684985726
0.063484980438898178,-359.73603779638233,0.070185390100963696,-0.098282000684680321,0.066279371864465919,-0.097578035466888355,0.0039060182364977769,-0.00070396521779196586
0.20615342967603714,-329.90258900611707,0.070431989300523093,-0.09421822652423871,0.067276128045797717,-0.093944219389542019,0.0031558612547253756,-0.00027400713469669102
-29.274294231178796,-328.82978279175904,0.06801140406611729,-0.095632888596678345,0.06445401478261012,-0.094824092724398373,0.0035573892835071702,-0.00080879587227997152
-58.442718582424504,-324.35362221921838,0.065435626658865667,-0.096835748071619668,0.061707742922040648,-0.095217505522602899,0.0037278837368250189,-0.0016182425490167685
-87.39088349998184,-317.90460920082012,0.062974513978067456,-0.097585104000504463,0.058849949322360692,-0.095146942805801243,0.0041245646557067639,-0.00243816119470322
-115.89513084712695,-308.71908168090698,0.059064108517118526,-0.095893113039976677,0.055868181863284953,-0.094494295759934288,0.0031959266538335723,-0.0013988172800423887
-142.78813940147381,-297.20107614387553,0.056283673062354649,-0.094881757467290023,0.052952304172931189,-0.093325040615454477,0.0033313688894234597,-0.0015567168518355462
-169.05963522675717,-283.01044831674835,0.053564699819000854,-0.093516583665405481,0.050049601576656833,-0.091585318398512167,0.0035150982423440211,-0.0019312652668933145
-193.79048199835586,-266.75824058487638,0.050504167768121749,-0.091322761061186364,0.047255992063095172,-0.089264606015885373,0.0032481757050265778,-0.0020581550453009911
-217.22224553953689,-248.60742230087934,0.047865717020985479,-0.088295364173227781,0.044506516134449003,-0.086254911111106419,0.0033592008865364759,-0.0020404530621213612
-238.15959641498353,-228.32782863856491,0.045098241697225802,-0.084250207192253929,0.041926190762185324,-0.08232606093629817,0.0031720509350404782,-0.0019241462559557582
-258.17357809799864,-205.83932593146972,0.042130061897996354,-0.079177750815240006,0.039328697135278395,-0.077150508152917741,0.0028013647627179589,-0.002027242662322265
-275.23634555902981,-181.94960231384303,0.039204785997342451,-0.072807200032703662,0.036967754444976346,-0.070615118890497722,0.0022370315523661047,-0.00219208114220594
-290.52428723002146,-156.54748615385293,0.03669534980483824,-0.065092912934205521,0.034741549128652377,-0.062597665421051704,0.0019538006761858628,-0.0024952475131538171
-303.28626525087157,-129.83899487823703,0.034736185403285783,-0.056738756662482161,0.032794106796084611,-0.05322957423476609,0.0019420786072011711,-0.0035091824277160705
-314.39910623139662,-102.09064896847086,0.032442181764658511,-0.047261368710271492,0.031077395401311918,-0.042687367788515923,0.0013647863633465922,-0.0045740009217555694
-321.5932976645733,-73.747667308700528,0.030534781600467742,-0.035394194969523535,0.029895865588308888,-0.031306073640419409,0.00063891601215885357,-0.004088121329104126
-326.94940681798147,-44.590908830575451,0.029996086102373583,-0.023423108387890221,0.029028954152977657,-0.019120484959729567,0.000967131949395926,-0.0043026234281606547
-298.12530268795388,-37.371370248466427,0.033292937146755804,-0.02061023308853727,0.032305273735281512,-0.016221924210354007,0.00098766341147429187,-0.0043883088781832627
-292.71292643283101,-66.942131062166752,0.033978011781572011,-0.032934565009597967,0.033175831476116246,-0.028798990765154173,0.00080218030545576441,-0.0041355742444437946
-284.83711412657891,-95.630592435441528,0.03580188214262283,-0.044540517217799967,0.034446076346207666,-0.040566008219837434,0.0013558057964151646,-0.0039745089979625337
-273.53953912614429,-123.42280697309576,0.038253050168660221,-0.054990156330837189,0.036197608934504695,-0.051374171647655155,0.0020554412341555264,-0.0036159846831820344
-259.91603553864502,-150.07311387421862,0.04113439361112127,-0.064515005676117135,0.038251285566121014,-0.060979807255199227,0.0028831080450002558,-0.003535198420917908
-243.7221209184161,-175.39807695367415,0.043687132190912324,-0.071845119888158379,0.040579138376246826,-0.069219348606917211,0.0031079938146654981,-0.0026257712812411682
-225.00116234682778,-198.57633182113105,0.046728063553054137,-0.078486687247975265,0.043114177572116025,-0.075815282944282372,0.0036138859809381127,-0.0026714043036928925
-203.78857425826095,-219.81912511713173,0.04932153873039382,-0.083024117980733128,0.04582259091385215,-0.080925759960288293,0.0034989478165416699,-0.0020983580204448349
-181.69632853023106,-238.99352501541082,0.05226423836217331,-0.086882249849229626,0.048503899067074321,-0.084802342721823451,0.0037603392950989883,-0.0020799071274061748
-156.86230657904463,-255.72048154270666,0.055316269023336924,-0.089648145461345585,0.051399522092079417,-0.0876896579409671,0.0039167469312575073,-0.0019584875203784852
-129.68380561962684,-270.12473159083584,0.058647956770340105,-0.091650762231373264,0.054513355052666551,-0.089809137989731169,0.0041346017176735542,-0.0018416242416420953
-102.44303475939518,-281.90391184327478,0.06174589278566861,-0.093062400682153865,0.057603951224239308,-0.091231188931889695,0.004141941561429302,-0.0018312117502641695
-74.220027952431153,-290.54274395817146,0.064730140656540508,-0.093350420217134633,0.060749518852603074,-0.091925917831162274,0.0039806218039374341,-0.0014245023859723593
-44.435324590910092,-296.23758956380675,0.067548587219195044,-0.092777534727297023,0.063910631592441647,-0.091900336436456828,0.0036379556267533975,-0.00087719829084019485
-14.245196533089427,-299.75855844962325,0.069974546414291058,-0.090949695030742184,0.066885460197919605,-0.091352148259771657,0.0030890862163714533,0.000402453229029473
0.32728547779496769,-299.83378796308295,0.071323718760181509,-0.090748695397843568,0.068261602317493481,-0.090893627658587259,0.0030621164426880287,0.00014493226074369092
0.20255052060614076,-269.60580917148519,0.072561399863115661,-0.087408786390113902,0.069142955413237769,-0.087794864799592087,0.0034184444498778915,0.0003860784094781855
-29.649165645659199,-268.23242014630574,0.069010325759142455,-0.087580323239830338,0.066225073154699873,-0.088430509234451116,0.0027852526044425813,0.00085018599462077793
-58.956410401511015,-263.45001941112446,0.065767254841360243,-0.087588953640856212,0.062967493758136761,-0.088429370227056978,0.0027997610832234815,0.00084041658620076509
-87.403028803777602,-255.54510060245579,0.062266596316899181,-0.086734097154423748,0.059569088571414484,-0.087649397851971206,0.0026975077454846966,0.00091530069754745813
-115.45805779226252,-244.35244381781612,0.059387828755616254,-0.085803736431162764,0.056171897789916776,-0.085997298519851426,0.0032159309656994775,0.00019356208868866187
-140.65166346578698,-230.0070207965214,0.055984015869857816,-0.083342628163576307,0.05314862320772528,-0.083421037681188803,0.0028353926621325354,7.8409517612496038e-05
-166.25582744355819,-213.16957062336473,0.052937185929307268,-0.080359211168014075,0.050068710260593154,-0.079856796080802872,0.0028684756687141141,-0.00050241508721120265
-188.73353534148836,-193.62165243720111,0.049923928756312311,-0.075982969770476028,0.047281716477502907,-0.074997861724382914,0.0026422122788094041,-0.00098510804609311386
-208.57992523866361,-171.71795367416811,0.046980226480296483,-0.070277151247175193,0.044686539434339083,-0.068634026306116369,0.0022936870459574002,-0.0016431249410588239
-226.86977695123323,-147.57548090113923,0.044709292238808526,-0.064315137627679528,0.042165234550885763,-0.060653754141167547,0.0025440576879227628,-0.0036613834865119807
-241.32191863705043,-122.03253083437839,0.042337675884944616,-0.055367815653486863,0.040047790010115686,-0.051347099058923262,0.00228988587482893,-0.0040207165945636003
-253.10911904805573,-94.921129483291438,0.039638166730544329,-0.044594234193425661,0.038246039462174398,-0.040702428162335685,0.0013921272683699304,-0.0038918060310899755
-261.44019521993346,-66.658455560848225,0.03770168100110971,-0.033075362653213689,0.036913226517036483,-0.028992107010165715,0.00078845448407322688,-0.0040832556430479734
-268.17698608520169,-37.099546223469304,0.036671871616724271,-0.020584483594017877,0.035865810910342272,-0.016278474424179828,0.00080606070638199884,-0.0043060091698380494
-237.56127186332773,-36.921022345080523,0.040538560086355833,-0.020537872226849305,0.039616761877153461,-0.016370823783164831,0.00092179820920237215,-0.0041670484436844742
-231.1140306427526,-65.712787009309082,0.041355291314109588,-0.033058392478729229,0.040621886467986888,-0.028876717552033818,0.00073340484612269968,-0.0041816749266954112
-221.75402255186285,-93.640702913676208,0.043218386655373205,-0.0445154925211107,0.04206290035302275,-0.040569663094288069,0.0011554863023504544,-0.0039458294268226307
-208.02264063880727,-120.08651155031771,0.045987951194785957,-0.054554307944288581,0.044062755697537224,-0.051071557290377184,0.0019251954972487328,-0.003482750653911397
-191.72025671339952,-144.73403634951177,0.048282574177540123,-0.062227165833318235,0.046338316886858869,-0.06016230800782945,0.0019442572906812547,-0.0020648578254887848
-172.52829999311007,-167.00684529243381,0.051552036637230313,-0.069402388812813617,0.0488783059613489,-0.067646023064365943,0.0026737306758814125,-0.0017563657484476747
-150.65376203741354,-187.16392253542514,0.054780864344853325,-0.074818816330036647,0.051663836782197207,-0.073679893946221139,0.0031170275626561175,-0.0011389223838155077
-126.07820060501898,-203.98963151540752,0.058357794728828023,-0.078722292889464293,0.054737747314149029,-0.078086895830655756,0.0036200474146789938,-0.00063539705880853725
-100.32955857176603,-218.18565828007704,0.061586564997678638,-0.081363432804631486,0.058001225368193909,-0.08127839723018393,0.0035853396294847281,-8.5035574447556161e-05
-72.880257561397471,-228.6001576273944,0.064573013328661472,-0.082617699123958707,0.061556307811381862,-0.083244451103116804,0.0030167055172796095,0.00062675197915809666
-43.864073820149173,-235.65573662467557,0.06765923731254915,-0.082807057405229076,0.065191640366910428,-0.084210501111497596,0.0024675969456387226,0.0014034437062685201
-14.472819932601089,-239.35205466155489,0.070832732605348364,-0.082138751702419938,0.068477116765226331,-0.084300720402202434,0.0023556158401220328,0.0021619686997824961
0.11693676100174855,-240.10567695192017,0.072596950298276564,-0.081975296832451694,0.06987963818474921,-0.084096666921883112,0.0027173121135273537,0.002121370089431418
