op_index,sample_count,id,id_median,id_std,id_count,iq,iq_median,iq_std,iq_count,ud,ud_median,ud_std,ud_count,uq,uq_median,uq_std,uq_count,iexc,iexc_median,iexc_std,iexc_count,id_req,iq_req,iexc_req,rpm_req,rpm_meas,rpm_meas_median,rpm_meas_std,rpm_meas_count,omega_e,rotor_temp_ref,rotor_temp_meas,stator_temp_ref,rs_used,pole_pairs,phase_selector,torque,torque_median,torque_std,torque_count,phase_current_rms,phase_voltage_rms,psi_d,psi_q,kt,torque_map
1,3,7.8208699250916309,7.820945512897997,0.0045847084878949378,3,-6.2363813288353915,-6.2367010224090746,0.00095660892619755665,3,-0.084862717415794223,-0.089117994123576461,0.07695791625432527,3,16.253357022968846,16.255676801038632,0.0082375370300977035,3,,,,0,7.8183148246802991,-6.2348980185873337,0,500,499.99061078703267,499.98802095065815,0.016458688723948282,3,102.56846210773644,39.5,,45,0.064000000000000001,2,0,-3.5186665852864585,-3.5699999332427979,0.52488590356523057,3,6.9578852828663571,0,0.16235483194164285,0.005707391732234072,3,-3.1714302327492456
2,3,10.002651196961802,10.003231707479941,0.0029810155050135796,3,-0.0053412030549532851,-0.0045095684964951239,0.0046727969137186909,3,0.95030131642911331,0.95214982074491994,0.023090554716656417,3,26.109425584787051,26.119862239445052,0.035455576446230312,3,,,,0,10,0,0,500,500.01357175418224,500.0161355544177,0.014235873748959217,3,104.72162971973943,39.5,,45,0.064000000000000001,2,0,-0.24866666148106256,-0.25999999046325684,0.32214955170294834,3,7.0916486259140994,0,0.24932544968655149,-0.00296148599533397,3,0.084873040747408618
3,3,9.7466313023468292,9.7444651915389375,0.0043897702105018966,3,2.2309107646751083,2.2322839379029777,0.0038255752453219011,3,3.3381270042306159,3.3344610742880536,0.013153828046225677,3,24.806188748028362,24.794252507531645,0.045756010880246133,3,,,,0,9.7492791218182369,2.2252093395631398,0,500,500.02401637170306,500.02920364092961,0.0099183112503267497,3,105.33938469915152,39.5,,45,0.064000000000000001,2,0,1.7233333190282185,1.4639999866485596,0.52361180610210378,3,7.0600947865101871,0,0.23413285097048617,-0.02576759498484409,3,2.3204302363788214
5,3,15.632774942599212,15.632056620953367,0.0039276407758919449,3,12.471122326158676,12.471058200597964,0.0015098240468633941,3,4.2059077897378936,4.2289354644093979,0.059825512958790142,3,34.635698295873731,34.649572529233723,0.079352745748519415,3,,,,0,15.636629649360598,12.469796037174667,0,500,500.02911448421446,500.0129170243074,0.03935199140080637,3,106.87160092794312,39.5,,45,0.064000000000000001,2,0,12.299999872843424,12.326999664306641,1.6546652280144041,3,13.215852594752283,0,0.3166186917122551,-0.029993096066491538,3,13.252397267193228
6,3,19.9963264700712,19.997191829155057,0.002996016536124239,3,0.00067495318394137716,0.0013455508281489997,0.0028040231544539003,3,2.3690444781110083,2.3636676391558273,0.012363108751516737,3,47.437572929527789,47.443004680036871,0.014808647170475904,3,,,,0,20,0,0,500,499.96796430794808,499.9525442812639,0.028734368933784601,3,104.71574728357781,39.5,,45,0.064000000000000001,2,0,-0.35633335510889691,-0.67000001668930054,1.7665108064073425,3,14.108339230323061,0,0.45301237839672537,-0.010402251927559699,3,0.62493776314372462
7,3,19.501010800334296,19.50074056495459,0.0025387732082224061,3,-4.4454313955772742,-4.4447365726313119,0.0018545996680560763,3,-0.27439785463984107,-0.27544291317389863,0.0030818504223203255,3,45.667229124386665,45.660688775459782,0.015392979653066253,3,,,,0,19.498558243636474,-4.4504186791262796,0,500,499.98475472571272,499.97764158545624,0.016052814982831645,3,104.10559255928702,39.5,,45,0.064000000000000001,2,0,-9.4993332227071132,-10.786999702453613,2.3086847891456665,3,12.919500491925497,0,0.44139546785187922,0.014624214784563182,3,-6.742140723343315
8,3,8.6838252266105815,8.6838052696510921,0.00024261796166443985,3,-18.021467872238034,-18.020179151241244,0.0042064404495881919,3,2.6958268470224334,2.6967077294484287,0.14387822713094417,3,14.916885819271849,14.895151893680902,0.049125259400667073,3,,,,0,8.6776747823511649,-18.019377358048381,0,500,499.92654078946401,499.91840372916243,0.045144046300666651,3,99.128695201925723,39.5,,45,0.064000000000000001,2,0,-8.7676664988199864,-8.9449996948242188,0.83720620008209934,3,13.772647142704683,0,0.16211511440113149,-0.02158872391248606,3,-8.202238861387821
9,3,9.742274088054538,9.7401448964553357,0.0039324603761549341,3,-28.374312288576178,-28.372747516226184,0.0032240506274775647,3,4.0314640703199141,4.0162498081185429,0.028247456629918111,3,15.396465684377171,15.400322046368073,0.068213142353025918,3,,,,0,9.7409840761404904,-28.374517251019046,0,500,500.01379296199048,500.04301030938973,0.068067983385433642,3,96.896864628836965,39.5,,45,0.064000000000000001,2,0,-14.762666384379068,-14.76099967956543,0.58250176927464403,3,20.437169011384764,0,0.17763651834120905,-0.035170988676863739,3,-14.093005900892962
10,3,18.432906766812149,18.435199361576867,0.0052744635396902535,3,-23.676024453227495,-23.67444634626186,0.0047282531533090616,3,0.81792489868555929,0.84537067490828455,0.059465628295030742,3,34.620918829152281,34.646831759710288,0.056507900886346371,3,,,,0,18.426381380690035,-23.674215281891808,0,500,499.95361612346477,499.96693645250866,0.034318415090885498,3,101.25277806301987,39.5,,45,0.064000000000000001,2,0,-27.499333063761394,-27.399999618530273,1.3557326743124611,3,21.71672128685967,0,0.35689079436089771,0.0035730489702242565,3,-25.546850558885389
11,3,25.116766809146455,25.118498597529726,0.0038863234422360582,3,-16.413250943889096,-16.414171739434234,0.0057051349744498669,3,-0.60781177381454665,-0.60441244135316718,0.071715727406271301,3,51.432443237205547,51.427807890141047,0.015373713401453193,3,,,,0,25.114994347875864,-16.408444743672799,0,500,499.97970052555678,499.9985739187818,0.033377574809006827,3,102.95712091625448,39.5,,45,0.064000000000000001,2,0,-29.368333180745442,-30.37700080871582,1.9326752724832188,3,21.005904424619899,0,0.5097548458091028,0.021516577288537786,3,-26.721483175246433
12,3,29.082831578732154,29.085048172665395,0.003930794252552665,3,-7.3578627903660676,-7.356143566229246,0.0032310633484129449,3,1.33687989939551,1.3369597801608206,0.02062088197624086,3,60.674709864497821,60.689008609694078,0.024929669943407364,3,,,,0,29.082007978179906,-7.3645646142239771,0,500,499.98022102193517,499.98703711592543,0.024133859050659588,3,104.03830514109599,39.5,,45,0.064000000000000001,2,0,-17.817000071207683,-17.440999984741211,3.2752270005320359,3,20.004202419920961,0,0.58772211831167398,0.0050406561403718722,3,-13.412925776931981
13,3,30.002875199032598,30.002716508331982,0.00065494515156218434,3,0.0032754643625932216,0.0050387026334759114,0.0064791198738774012,3,2.4472843260641097,2.4464351621134943,0.0085480680308104903,3,63.053264201840257,63.058159919619207,0.010638870116937297,3,,,,0,30,0,0,500,500.02387679101076,500.03713536838285,0.033472696718051365,3,104.72766676402971,39.5,,45,0.064000000000000001,2,0,-1.5490000247955322,-2.9330000877380371,2.5308166680689697,3,21.209290554316762,0,0.60206683219813284,-0.0050330569715992569,3,0.45893468592383357
14,3,29.894929250418741,29.894604841078486,0.0010400108752924601,3,2.4791615373506359,2.4782573865061654,0.0019758698903927299,3,3.5899608198321089,3.5856916050049188,0.029339475280413228,3,63.090418636552812,63.090603518378693,0.0038063285934410306,3,,,,0,29.897534790200094,2.4773803641699512,0,500,500.01691118508455,500.01865541210327,0.010880438679280159,3,104.94886537223728,39.5,,45,0.064000000000000001,2,0,4.5496665835380554,6.495999813079834,3.4441503683247925,3,21.208422109271478,0,0.59964204543758759,-0.015976212242584688,3,5.8926516897266179
15,3,27.470206389922708,27.468086362258056,0.0037015331127440041,3,12.045327356151786,12.044300315969517,0.0074057307992812637,3,5.0207959213411453,5.0322707030603437,0.0464019278164901,3,59.360009742376256,59.363368961793874,0.061243053576601585,3,,,,0,27.473199799651738,12.050862739589052,0,500,500.05986188126576,500.07016174208184,0.036147835751435368,3,105.90881283280572,39.5,,45,0.064000000000000001,2,0,22.414333343505859,22.964000701904297,1.970852192019581,3,20.122660156734984,0,0.5532033380836302,-0.030806715939086189,3,22.529346440326965
16,3,22.064566321010847,22.06505294320673,0.0067343723439519821,3,20.325581635571059,20.326144873869541,0.0011976430136033632,3,4.3319678683113461,4.3543987728913347,0.061019533338164622,3,47.735001321052721,47.731678852714765,0.11231605819068584,3,,,,0,22.071717320193965,20.318447148772215,0,500,500.06311746690585,500.0649782276235,0.081151318980276416,3,107.21012468738722,39.5,,45,0.064000000000000001,2,0,26.41266695658366,25.863000869750977,1.6458436723561938,3,19.841602887616357,0,0.43311360966861123,-0.027234700381895526,3,28.212623650816226
17,3,14.274805822563872,14.275836643540003,0.0028240821374075705,3,26.389191490540004,26.389730461333183,0.0020126584053168266,3,-0.70940556633800866,-0.70139072448235695,0.028235037469133466,3,30.735050534524007,30.732801639329125,0.050220830850454853,3,,,,0,14.278421791112214,26.384212536194667,0,500,500.01490818840921,500.00929492511847,0.057565102603725493,3,109.68581849810535,39.5,,45,0.064000000000000001,2,0,19.787666320800781,20.643999099731445,1.5609232091676568,3,22.119187586220907,0,0.2648121942913812,0.014796745479089726,3,20.330877106996311
19,3,9.5793286949642056,9.5783989535025515,0.0038147256057704869,3,38.834380521528438,38.834795057714757,0.0063686920185948136,3,-4.8459614414555041,-4.8559729274625578,0.03826528029082614,3,22.695461202926662,22.693059842551154,0.0096242400536014402,3,,,,0,9.5726265715022869,38.837672697042088,0,500,500.00251026760844,499.98643079749968,0.032219829805058997,3,115.60949960967042,39.5,,45,0.064000000000000001,2,0,18.814999898274738,18.913000106811523,1.0255182446104103,3,29.202246198079536,0,0.17481315045721663,0.047219635898126312,3,19.00928397569421
20,3,26.519956639970243,26.520576729927782,0.0039821448613340622,3,29.949915986037539,29.949035629564094,0.0044231573968510534,3,2.971220430102127,3.0033656687451886,0.066807716517143081,3,56.09796751164901,56.125347991167878,0.10904446016992327,3,,,,0,26.524906329631779,29.940429926844065,0,500,500.06491816883221,500.12568680207454,0.13330167487176189,3,107.77424795916512,39.5,,45,0.064000000000000001,2,0,45.263332366943359,45.127998352050781,2.581662238082334,3,28.308298654120946,0,0.50272837820284733,-0.011820478725369711,3,46.110453822698034
21,3,37.402547433455382,37.406238408103164,0.0075869420863465377,3,14.175205295724107,14.176910713578369,0.0048451781159706709,3,2.4486896465061041,2.4563347636972286,0.036399170765639199,3,71.829878826942547,71.824863848882288,0.0088320644332877552,3,,,,0,37.400649707416576,14.184195481701465,0,500,500.00290603271424,500.0035959911865,0.004780740082438532,3,105.74559415445255,39.5,,45,0.064000000000000001,2,0,26.649665832519531,24.49799919128418,4.2857895096740464,3,27.660986659298235,0,0.67069144823590676,-0.00051942221521525942,3,28.579850048619228
22,3,40.00049998383718,39.99828504442776,0.0044103651223315861,3,0.00031697416878582362,0.00067971013589906211,0.00073192802363748679,3,3.8083328480878733,3.8090815643585896,0.0057051692100316409,3,72.709091339299903,72.712020426837924,0.0083275356687039434,3,,,,0,40,0,0,500,499.97773724542782,499.98064656746311,0.017631396805517383,3,104.71795098113459,39.5,,45,0.064000000000000001,2,0,-1.9369999567667644,-3.434999942779541,4.4349840399591507,3,28.726825530230844,0,0.69433244607748268,-0.011920600407347359,3,1.4311501855541517
23,3,39.708607084326303,39.709002939177836,0.0024978142521159519,3,-4.8164833703862726,-4.8150316753314906,0.0026891438649733067,3,3.8189717789056101,3.8300931198663779,0.021396932326151617,3,71.869270708081515,71.863510872661266,0.010018066040401329,3,,,,0,39.708354963922162,-4.8214672102129104,0,500,499.97575509685907,499.97786972291794,0.016811502305564947,3,104.3919233066289,39.5,,45,0.064000000000000001,2,0,-12.609333356221518,-12.954999923706055,1.3588834800105911,3,28.385130998155109,0,0.69140909907158454,-0.012238695150351709,3,-8.5325366725856266
24,3,32.90453396561108,32.905068105654998,0.0024717509208547735,3,-22.727744110537685,-22.727590603085446,0.00067663994345261371,3,2.4444371494507191,2.4509445642613104,0.030415580291384685,3,62.456050899479408,62.453721506403454,0.0073089771204031097,3,,,,0,32.919354635746245,-22.722589869246246,0,500,500.05963967166093,500.05851105578677,0.01808204469179274,3,102.88256040465122,39.5,,45,0.064000000000000001,2,0,-47.850666046142578,-48.567001342773438,1.626457622262639,3,27.931487239176864,0,0.62119980559566712,-0.0032906157692815774,3,-42.030582134237932
25,3,18.58946915608691,18.591280726743335,0.003148064562893627,3,-35.418278976648558,-35.418309738466967,0.0011826442688010837,3,3.2530369582200898,3.2413004327870061,0.029665761147067496,3,32.271847878298658,32.272564162572998,0.014377507058392846,3,,,,0,18.588926881750734,-35.418241026128399,0,500,500.01752946570076,500.01449029772533,0.0096401165463030417,3,99.602805133095345,39.5,,45,0.064000000000000001,2,0,-37.620999654134117,-37.73699951171875,0.44937260109983485,3,28.102934096608369,0,0.34676350416689122,-0.02071538978719932,3,-35.69003528999319
26,3,19.134692442707518,19.134949924008218,0.0040959025411332339,3,-46.191818568488259,-46.192097065878897,0.0056374594865955191,3,4.9056787643123734,4.8842876077425856,0.042162186429990194,3,31.550739963892767,31.553518424980599,0.010181218860915581,3,,,,0,19.134171618254488,-46.193976625564339,0,500,500.01847835412326,499.99724683977081,0.04964741825804795,3,98.23624675839109,39.5,,45,0.064000000000000001,2,0,-48.792999267578125,-48.794998168945312,0.26900657708521375,3,34.759833986599965,0,0.35126562232314229,-0.03747148908317454,3,-46.525777430162663
27,3,27.778511693418693,27.780805327599836,0.0042336406689327585,3,-41.573447170062082,-41.573331350440064,0.00034325926183174682,3,3.3150113412406834,3.2946315469454657,0.052439325545807734,3,49.596876175582025,49.604973002235589,0.024985633436217704,3,,,,0,27.778511650980107,-41.573480615127259,0,500,499.97047994830746,499.99604363971434,0.091836651995558904,3,100.69229931835987,39.5,,45,0.064000000000000001,2,0,-66.782666524251297,-66.275001525878906,1.944845967699333,3,35.094072135619008,0,0.51898285318962356,-0.015266178280443755,3,-63.455503552109334
28,3,35.351746594094685,35.351160694905225,0.0035317452747890029,3,-35.357165378575367,-35.358501125341554,0.0039502065435887143,3,4.7728087355030517,4.7637261525217056,0.027305134818144609,3,63.462772395439437,63.462154473714364,0.015860461075066903,3,,,,0,35.355339059327378,-35.355339059327378,0,500,499.95576910304504,500.00151026898124,0.11134917441527052,3,102.02217266519874,39.5,,45,0.064000000000000001,2,0,-67.614000956217453,-66.850997924804688,2.0414015933517815,3,35.251524354055761,0,0.64422888929602506,-0.024605405745659944,3,-65.724789935190088
29,3,41.578626917102014,41.581755909855261,0.0056284005802449315,3,-27.775023515595592,-27.776006665964186,0.0058072142430111336,3,7.4769314513715726,7.4782581739937699,0.0084776024375207339,3,70.973288344133422,70.989035737155447,0.029791820521000871,3,,,,0,41.573480615127259,-27.778511650980107,0,500,499.91788427792682,499.86773795835012,0.10873286964711693,3,102.91145312031058,39.5,,45,0.064000000000000001,2,0,-53.796999613444008,-53.328998565673828,2.1004726301165983,3,34.674797967058389,0,0.70692704886870783,-0.046796534133542213,3,-53.067539317160922
31,3,49.039853271244084,49.038078626481472,0.0061448823568925797,3,-9.746711963342154,-9.7467248578515662,0.0037823505585387819,3,6.4797938985155143,6.4791706614720788,0.0050527354645911425,3,77.414661563764554,77.414958489564512,0.0062488396092244044,3,,,,0,49.039264020161532,-9.7545161008064145,0,500,499.97098279545975,499.97649944700692,0.024439734131805127,3,104.18207309483631,39.5,,45,0.064000000000000001,2,0,-19.340667088826496,-17.548999786376953,3.7760244742223077,3,34.908790762483299,0,0.74905834383215353,-0.032071192191715933,3,-17.184268085263479
32,3,50.002627976814587,50.005858510091883,0.0062480166227362743,3,-0.00068624303632484462,-4.8039299901370331e-05,0.0014785517569758586,3,3.8835372310498149,3.8835526499954209,0.00030153391885188926,3,78.826603316401773,78.826654080353634,0.0098751509186456692,3,,,,0,50,0,0,500,499.98781081457605,499.97934970934864,0.026685970629666052,3,104.72012037156416,39.5,,45,0.064000000000000001,2,0,-2.5613333384195962,-2.6329998970031738,4.6979099855272564,3,35.068957393943144,0,0.75273640782942408,-0.0065256708845346598,3,0.97735240026136805
33,3,49.999849568627958,49.997403577597332,0.0070424132427598252,3,0.00095969925836850113,0.0017731675213742931,0.0032495135477268104,3,3.8999391997833048,3.9001964857479523,0.0089853806184445415,3,78.814972010838858,78.808335217539366,0.011920579366696077,3,,,,0,50,0,0,500,499.98431760687282,499.98042442664416,0.027004848230035131,3,104.72119505992731,39.5,,45,0.064000000000000001,2,0,-2.6363333066304526,-2.8010001182556152,4.719155161796845,3,35.011176552250426,0,0.75261660779352302,-0.0066839270406584446,3,1.0047528964828265
34,3,49.043216293627552,49.043101482229396,0.00022262459165018098,3,9.7541261251151017,9.756994297605198,0.0057662261676269134,3,1.3709875397240181,1.3723865679234204,0.0028966197569344539,3,79.217118953228024,79.219571193266191,0.024151695713106863,3,,,,0,49.039264020161532,9.7545161008064145,0,500,499.99346530679344,499.99821741024601,0.027268730898304311,3,105.25078303642205,39.5,,45,0.064000000000000001,2,0,15.369666417439779,15.49899959564209,1.6847275998106437,3,35.619692737378578,0,0.7467199066255269,0.016795868420821206,3,19.379630224673754
35,3,46.1951556050413,46.193248839555793,0.0037965521676866878,3,19.133788569709729,19.136014164362038,0.0087588368825803984,3,-0.75780901423850766,-0.75615830427665698,0.0094236529327356329,3,78.749220790825916,78.731613147418116,0.038268386654873927,3,,,,0,46.193976625564339,19.134171618254488,0,500,499.94657320358868,499.97219530725152,0.058221060694525477,3,105.83187415183532,39.5,,45,0.064000000000000001,2,0,33.270000457763672,32.386001586914062,5.0414658112348025,3,34.731087307810192,0,0.73252655632972241,0.035096222217819793,3,37.184198412027534
36,3,41.581695394305505,41.579094202558274,0.0052825729008162238,3,27.773021436988952,27.773749466079046,0.0032739123246911203,3,-0.94101953126043203,-0.9326727978649666,0.037412779433637869,3,76.856541110747159,76.858379581746902,0.062338768078822986,3,,,,0,41.573480615127259,27.778511650980107,0,500,499.95938047462977,499.93583302892313,0.042444441103959847,3,106.50801071359804,39.5,,45,0.064000000000000001,2,0,52.212333679199219,52.48699951171875,3.0243680842856557,3,34.451970129064733,0,0.7049147499399725,0.033821381249739928,3,54.513786265173607
37,3,35.345712906453031,35.344814987832905,0.0067639796069008089,3,35.361940901184944,35.361189779548717,0.013900303956366669,3,0.71835217779882543,0.73868856915624093,0.067719204038359473,3,71.064062932403161,71.06531366081947,0.0036859249119432489,3,,,,0,35.355339059327378,35.355339059327378,0,500,500.02621830609473,500.02647158226586,0.022687386287672168,3,107.41820685049531,39.5,,45,0.064000000000000001,2,0,64.678333282470703,64.052001953125,1.988894116900332,3,35.017543724149903,0,0.64049569185682309,0.014371618122082349,3,66.423587144280731
38,3,27.763068646067566,27.763420288857681,0.0054440741647384149,3,41.564775955214905,41.56399783447624,0.0064799269748091496,3,0.58690835775083727,0.55523620097634596,0.065703217350610216,3,58.738681698590391,58.724132369234894,0.11863521398943155,3,,,,0,27.778511650980107,41.573480615127259,0,500,499.90666868926746,499.81891881296099,0.18967087275573058,3,108.72672361545263,39.5,,45,0.064000000000000001,2,0,59.956667582194008,59.748001098632812,0.44166183628732264,3,35.721497517740723,0,0.51577509348848394,0.010944209445748166,3,63.402694098028832
39,3,19.134680134939455,19.131688860339693,0.0067783142264767338,3,46.1968991910828,46.195374303430761,0.01047721449792585,3,-2.7472450195766691,-2.7582545175536661,0.063992164097085455,3,42.051618025477794,42.094381980335548,0.096303012343382413,3,,,,0,19.134171618254488,46.193976625564339,0,500,499.9494519518791,499.92486938174835,0.11513348092202834,3,111.19334090923553,39.5,,45,0.064000000000000001,2,0,46.203666687011719,46.219001770019531,0.74211942034426737,3,36.087089381197217,0,0.35159494406378905,0.03572034544276291,3,46.677296407957343
40,3,9.7576508338151076,9.75934248365812,0.0083136465626036712,3,49.039654619743196,49.041943921857232,0.0064622838229914555,3,-6.1895339321005372,-6.1984923712151909,0.024768505308657124,3,24.368819758855668,24.35386728154414,0.026976621688361485,3,,,,0,9.7545161008064145,49.039264020161532,0,500,499.96078432106589,499.96778887878401,0.057826888161973247,3,118.17218877721389,39.5,,45,0.064000000000000001,2,0,23.985666275024414,23.871999740600586,0.42505549282036875,3,36.144037168077716,0,0.17965548478768428,0.057661820907040633,3,24.742797029033046
42,3,36.853330208269966,36.856463010748868,0.0087037933684718516,3,47.346292276379927,47.346511580764172,0.016795299914774634,3,-1.808046268925632,-1.8108454428102219,0.072022312517451059,3,73.960970134757872,73.952615642569228,0.0153446954661036,3,,,,0,36.85276276138007,47.348430563783616,0,500,499.96448076688802,499.95078618744793,0.068926149002131051,3,108.17014215790759,39.5,,45,0.064000000000000001,2,0,85.769999186197921,85.721000671386719,0.15829383241177564,3,42.35074193867208,0,0.6557336989122583,0.038519496407542743,3,88.880962930824154
43,3,50.230600854238013,50.228643459802903,0.0079616716834125262,3,32.813701972583026,32.813743436493354,0.00044983467808466776,3,-5.4057732451963965,-5.4047156077405116,0.018745975838822808,3,82.953459529335575,82.940222017094825,0.027554515938885124,3,,,,0,50.229988695751729,32.816889487345598,0,500,500.10250857993378,500.11912505317059,0.061862574453387296,3,106.49909262062863,39.5,,45,0.064000000000000001,2,0,58.360333760579429,58.917999267578125,4.2619527048549672,3,42.303222759121461,0,0.75919315943006593,0.080944649271104244,3,62.538119113016315
44,3,58.164746402718229,58.163934952280627,0.0020999024815882912,3,14.727338156230827,14.72832542792802,0.0033234827200526993,3,-0.84766378105678142,-0.85309300522264297,0.016520656124904314,3,84.037251589060361,84.045975017593605,0.026150593445170525,3,,,,0,58.164015956359812,14.729129228447954,0,500,500.01666455232595,500.01557657154291,0.0065971829868622309,3,105.40759543912128,39.5,,45,0.064000000000000001,2,0,24.238000233968098,21.693000793457031,4.5429639721046069,3,42.963210779059779,0,0.78831797273141846,0.043357478479530406,3,27.263845855880255
45,3,60.000369976076605,60.000054359898648,0.002125189968388575,3,0.0058756163222204059,0.0079784850406611502,0.0063271667570323903,3,4.8280303055169336,4.825312664031415,0.011762541645011986,3,83.03850660616682,83.041128032397395,0.0066607312629687323,3,,,,0,60,0,0,500,499.99915002905936,500.00056362286728,0.015838800971713998,3,104.72595275115822,39.5,,45,0.064000000000000001,2,0,-2.4599999586741128,-3.6459999084472656,4.0755468363716636,3,42.506103994480213,0,0.79290880994924962,-0.0094342099650853162,3,1.7121447488486339
46,3,59.797195280815821,59.799018240120766,0.0035388070707471565,3,-4.9530031457833683,-4.9518939893801406,0.0035225850434728694,3,6.4607287134725029,6.453835427105342,0.012700773222467494,3,82.624351386889501,82.627121988048131,0.0058643247356749122,3,,,,0,59.795069580400188,-4.9547607283399024,0,500,499.96284950045828,499.96440281019244,0.0049479944531034617,3,104.49224328254336,39.5,,45,0.064000000000000001,2,0,-10.712666670481363,-9.4320001602172852,4.8388199125742934,3,42.699084516646245,0,0.79375598592470786,-0.025204820307846543,3,-7.2728949999098544
47,3,54.944668970131012,54.944060427061729,0.0012192012688427951,3,-24.093667264727298,-24.093684302523023,0.00031725906477002319,3,12.328028803090712,12.317538816263371,0.019870337399560609,3,78.811668551251799,78.829451534703679,0.042811795789436731,3,,,,0,54.946399599303476,-24.101725479178103,0,500,499.89856085930995,499.86989269793895,0.051288738411830244,3,103.52326602531986,39.5,,45,0.064000000000000001,2,0,-52.844999949137367,-54.618000030517578,3.9363243270122013,3,41.0578362009675,0,0.77618941462435453,-0.085116808301306704,3,-42.073603903359782
48,3,44.136105710647847,44.138317470079926,0.0043340803738302781,3,-40.639273621478502,-40.641808472500607,0.011255672278872151,3,11.257130198500604,11.268463555716156,0.034534418161941166,3,71.486597080986883,71.486267287256524,0.019112711917341881,3,,,,0,44.14343464038793,-40.63689429754443,0,500,500.1501322193655,500.20824639026046,0.18085631502536464,3,102.27722636213957,39.5,,45,0.064000000000000001,2,0,-79.398000081380204,-79.306999206542969,1.2559730488520633,3,41.602314224631094,0,0.72437934844297669,-0.082446696424499533,3,-77.398123314711142
49,3,28.530387494858719,28.549495106342139,0.038965429447060045,3,-52.749202897226162,-52.7679849809224,0.034739850613771675,3,4.9304901898426889,5.1931773002804533,0.51968054933639851,3,48.986481614082756,49.127194299614871,0.25928958974892219,3,,,,0,28.556843582224428,-52.768425072389334,0,500,500.24648200256701,500.12087475062754,0.23956976778450242,3,99.778147223398321,39.5,,45,0.064000000000000001,2,0,-84.142664591471359,-83.696998596191406,1.8052414348114718,3,41.763178126520721,0,0.52478856399556451,-0.031114482244501973,3,-80.383410615625337
50,3,9.8637686431051268,9.8617623247248485,0.0043603360704951404,3,-59.181188492212492,-59.180539859708333,0.002405814867331752,3,6.6426783137191379,6.6354991783067696,0.014276340625156897,3,11.963882076715825,11.962807313652194,0.0029477936270160153,3,,,,0,9.8756754168440768,-59.181678204163326,0,500,500.03982004928162,500.03561001544648,0.021741780984512418,3,88.702462683720441,39.5,,45,0.064000000000000001,2,0,-31.529999415079754,-31.690999984741211,2.1550146903368641,3,41.479570765209594,0,0.17757655947367842,-0.067770352013729176,3,-29.522162294655381
51,3,9.9563923011597684,9.957979521136453,0.0045168563954342102,3,-69.283536706943167,-69.285384813262894,0.0055626855376396632,3,7.2039875810598284,7.2063396145024621,0.01077054013110753,3,10.985640163317926,10.984540700140711,0.026177034529240185,3,,,,0,9.9620386791299662,-69.287500931665292,0,500,500.00982161667497,500.00213527935836,0.064309666777369517,3,86.143720125055552,39.5,,45,0.064000000000000001,2,0,-37.052666982014976,-37.192001342773438,0.33918901828570774,3,48.351450966081735,0,0.17900070359368342,-0.076230495551533606,3,-34.928463296936208
53,3,29.082580388704852,29.083147281463336,0.0035242926609394842,3,-63.676503890822062,-63.675040103257992,0.0026756196925345694,3,6.8265514707874315,6.8286218258451683,0.046259666991244335,3,48.391645258450467,48.398325715265528,0.021051348662443965,3,,,,0,29.079050910132064,-63.674239674816278,0,500,499.98045993042683,500.00236175874056,0.091821323985472297,3,98.830651236107045,39.5,,45,0.064000000000000001,2,0,-101.38833618164062,-100.99500274658203,1.2502960705443058,3,49.047341489780955,0,0.53087722129968795,-0.05024014578279231,3,-97.029877107510231
54,3,37.839021809176607,37.838453919312606,0.011061057298579518,3,-58.888914376448476,-58.889899007944749,0.0061727847387905745,3,9.1781762163404412,9.1749257400819495,0.022977671958153218,3,63.435798021283439,63.425334610096677,0.042958112319896463,3,,,,0,37.84485722189185,-58.887747298182667,0,500,499.87888350938175,499.87683457509974,0.14315820294472434,3,100.51659765891365,39.5,,45,0.064000000000000001,2,0,-116.22266896565755,-115.75900268554688,1.4060567745505204,3,49.058975510094285,0,0.66859294988698359,-0.067217543947121289,3,-110.48780060165183
55,3,45.831602040747818,45.834913770663277,0.0094581678124521316,3,-52.903547133779256,-52.910036082448329,0.018460216726075115,3,14.341912124508164,14.353852381062856,0.10690742960865468,3,71.646245554474049,71.637004548180499,0.065177610492151178,3,,,,0,45.840251376169924,-52.902470204798099,0,500,500.2848153038276,500.30235802498396,0.16879735637490911,3,101.68059199061652,39.5,,45,0.064000000000000001,2,0,-104.87366994222005,-104.96700286865234,0.5203164552684979,3,48.795369039991044,0,0.737919312841532,-0.11220125070626204,3,-101.68855823098323
59,3,67.166376128041122,67.164534805942282,0.0043043527205426195,3,-19.720982546732831,-19.721918604979233,0.003803688464744328,3,13.531306108797404,13.529103341051039,0.018669044918355058,3,83.560522209250564,83.569710343060606,0.043412728302900293,3,,,,0,67.164508153014822,-19.721278978900088,0,500,499.94648153304712,499.95656167026164,0.022995867747406289,3,103.91740495808587,39.5,,45,0.064000000000000001,2,0,-33.858999888102211,-29.701000213623047,7.5474103027230042,3,48.055656910292534,0,0.81625080155200092,-0.088846118129361287,3,-30.38938807011192
60,3,69.289785326176812,69.290820274756783,0.0056718884414862407,3,-9.9567948074024883,-9.9583912364507388,0.0028261061183975341,3,9.4275202395188913,9.4285386114009899,0.0078187323256250062,3,85.197588965558566,85.191112054118761,0.022736148248978079,3,,,,0,69.287500931665292,-9.9620386791299662,0,500,500.01599150047281,500.01594486107655,0.03128777762904851,3,104.34006180167097,39.5,,45,0.064000000000000001,2,0,-20.39533297220866,-22.695999145507812,4.948807554496466,3,49.078058125808091,0,0.82264493954763696,-0.047852894587451879,3,-14.625570207669412
61,3,70.001421293964356,70.000190306830191,0.0036890492412249812,3,-0.0013352755387836777,-0.0031748458388895407,0.0033179290979958578,3,5.1969625000379063,5.1982561666272948,0.0051193664949778991,3,86.368444337932303,86.362929482475437,0.016406143918514252,3,,,,0,70,0,0,500,499.97346155469614,499.99173168057661,0.041625703519173649,3,104.71920425058393,39.5,,45,0.064000000000000001,2,0,-2.9063333670298257,-3.4460000991821289,5.2075149449246174,3,49.854193409908056,0,0.82476304526621902,-0.0068456549336335295,3,1.4343128673682488
62,3,70.0009650354732,70.003108632316199,0.0041478259932152444,3,0.0048416353141945137,0.0067766333410602892,0.0073739165791128734,3,5.1969437579273379,5.196620643567849,0.0089885836353332353,3,86.373182494613218,86.380380890961789,0.01285557011543989,3,,,,0,70,0,0,500,499.97869792454122,499.9860362587101,0.021208281176186405,3,104.72192508180099,39.5,,45,0.064000000000000001,2,0,-3.0670000712076821,-3.5499999523162842,5.2202854799254519,3,49.801360370253953,0,0.8247830868510585,-0.0068455769419543972,3,1.4495708732437194
63,3,69.287161745675476,69.284964579266742,0.0066374015213008421,3,9.9614396586875511,9.9621454449677351,0.0025305221664513725,3,1.0447724234039157,1.0431263707666529,0.022998252053903028,3,87.398889625751281,87.393562323690361,0.0092463127678745032,3,,,,0,69.287500931665292,9.9620386791299662,0,500,500.03073767319626,500.03349671632225,0.01475263384073416,3,105.1149071376869,39.5,,45,0.064000000000000001,2,0,15.512999534606934,17.99799919128418,4.4250689560624599,3,49.84349588401065,0,0.82539536827016502,0.032246671957568973,3,17.96353733969886
64,3,67.167297025777771,67.1650576527353,0.0058168613669218145,3,19.716637873113982,19.714793279836471,0.005152579547272571,3,-3.3553132642655767,-3.3634432952611748,0.015724271149821785,3,87.614157140000557,87.61158344879972,0.050446083191155872,3,,,,0,67.164508153014822,19.721278978900088,0,500,500.06375613991867,500.06639724670015,0.027329736821968341,3,105.52397703622258,39.5,,45,0.064000000000000001,2,0,31.986332575480144,32.71099853515625,1.87513783375244,3,50.220391585790104,0,0.81831916064421684,0.072533470485935198,3,33.787876195839942
65,3,63.678390086866123,63.678736981097643,0.0012393867897586076,3,29.076231453165281,29.072824696881497,0.0077822620615570241,3,-6.911014915314234,-6.9024963037037326,0.038879420792888607,3,87.603522115470341,87.595451292147104,0.019979248256465007,3,,,,0,63.674239674816278,29.079050910132064,0,500,500.09954407304053,500.10496097946526,0.033406003164814235,3,105.96807607761446,39.5,,45,0.064000000000000001,2,0,47.373334248860679,44.136001586914062,6.0924155607516637,3,50.721011425015597,0,0.80913654825314629,0.10367680803062658,3,50.774007988465037
66,3,58.895426867625396,58.892101709465585,0.0082556548952291281,3,37.847588133246056,37.848841503361001,0.0029332152816381823,3,-9.5219204194228464,-9.5085103185887405,0.041177085923485346,3,86.977985183010375,86.971111437999994,0.11643746358559964,3,,,,0,58.887747298182667,37.84485722189185,0,500,500.12932393797331,500.11523537678505,0.11004603379005143,3,106.48090381329156,39.5,,45,0.064000000000000001,2,0,67.449999491373703,68.955001831054688,5.7774358186868584,3,50.294823707072531,0,0.79409299239933662,0.12482264202280169,3,68.109065193447861
67,3,52.905432249665672,52.906532928061196,0.010150773760639459,3,45.851869195799303,45.857202106760532,0.012197157616278716,3,-9.964239733631949,-9.9586489495481931,0.021183342093757326,3,85.899549567000463,85.918022576898281,0.11644414102232671,3,,,,0,52.902470204798099,45.840251376169924,0,500,500.15177002315005,500.13944620001678,0.16758164653123531,3,107.0817994759645,39.5,,45,0.064000000000000001,2,0,83.123334248860672,82.428001403808594,2.1308558337700179,3,50.010589464812739,0,0.77478180554008691,0.12467279652511934,3,86.787977438919654
68,3,45.836211015110628,45.834794050156539,0.010805551757841671,3,52.908809154988141,52.905791784563753,0.013858514060478763,3,-7.9375865997516142,-7.9403651279817566,0.011118215690370649,3,83.299569032702166,83.332997542355969,0.12321842539406924,3,,,,0,45.840251376169924,52.902470204798099,0,500,500.13976111096417,500.16657905216221,0.24025331240198444,3,107.85071183593448,39.5,,45,0.064000000000000001,2,0,102.22766876220703,101.99400329589844,3.1709647499293734,3,49.651925025938361,0,0.7409631692403611,0.10079770378573044,3,103.74988227495626
69,3,37.850733662668013,37.850576733400544,0.0086266328084766836,3,58.899064315807415,58.89856708120336,0.0054004290127311,3,-4.1353981143707221,-4.1236922490705323,0.033764866364280083,3,76.588430205773363,76.579709140686774,0.024762372757651422,3,,,,0,37.84485722189185,58.887747298182667,0,500,500.04911159483299,500.02554684188368,0.092032339906628943,3,108.91110711308789,39.5,,45,0.064000000000000001,2,0,107.37566630045573,107.73200225830078,1.5074237701317588,3,49.645983036981001,0,0.66860848282398011,0.060212821654380334,3,111.30394366927904
70,3,29.0779842188774,29.078600870298615,0.0056138182090661069,3,63.672004577453826,63.670683708186885,0.0040179903027097877,3,-3.3904921165950732,-3.4118147581442018,0.095621495905905254,3,62.949046892733747,62.979224078636605,0.092353605955083837,3,,,,0,29.079050910132064,63.674239674816278,0,500,499.92969797417186,499.9714677627594,0.17103134187183835,3,110.58511324567603,39.5,,45,0.064000000000000001,2,0,95.656997680664062,94.657997131347656,3.5253091629439215,3,50.064365851243771,0,0.53238665559786569,0.047488155977527695,3,97.551797166313492
72,3,9.976044794217076,9.9780212404339146,0.0079421212289554032,3,69.289213625608383,69.289914399635492,0.0029814108861751219,3,-8.688106250924621,-8.6793882360770951,0.018416825368720326,3,27.386421417733288,27.37677800275981,0.020385725656216224,3,,,,0,9.9620386791299662,69.287500931665292,0,500,500.00224878071839,500.00568272876563,0.0078806774122537494,3,123.32089749853667,39.5,,45,0.064000000000000001,2,0,34.025001525878906,33.671001434326172,0.80006782351054828,3,50.238822852661031,0,0.18611534793579249,0.075628488820114068,3,36.423938729817465
74,3,37.174948816789865,37.177280872302795,0.0090155670093160258,3,70.840930598589296,70.846118044389186,0.011113340261539794,3,-5.6610504325877313,-5.6498557153126274,0.055618631717327206,3,77.002785341657486,77.000648163072739,0.022539547905072871,3,,,,0,37.177853763501467,70.836482052256798,0,500,500.0274015408566,500.07351359043349,0.117618908191137,3,109.84859846961037,39.5,,45,0.064000000000000001,2,0,129.95066833496094,128.59800720214844,2.770811807873486,3,56.705873095906774,0,0.65971679923978566,0.073193898409970315,3,132.04191768773148
75,3,53.06094444152302,53.075872019376156,0.025921654412282589,3,59.886155016078327,59.887644857068224,0.0039076783265917184,3,-13.606711281106934,-13.629658892358796,0.041567086170874887,3,87.845157544600212,87.862434674335844,0.18122643432200689,3,,,,0,53.049812659263615,59.880859853688072,0,500,500.06197070266734,500.05547735105296,0.34513728060987148,3,107.75944632645444,39.5,,45,0.064000000000000001,2,0,111.72133382161458,112.29100036621094,1.3582664113022556,3,57.793436096004235,0,0.77962950337604453,0.1577830278921018,3,114.95069045246362
76,3,65.854581331401405,65.853778388739684,0.002931258292096132,3,45.439637307191447,45.440090501547225,0.00257254398472138,3,-13.548675846657583,-13.56483409943807,0.040219805684001943,3,89.968269300742122,89.984492374585912,0.10663666924303769,3,,,,0,65.83870927149249,45.445179738492492,0,500,500.12147235195806,500.16530995883232,0.14768479441761231,3,106.60047600397958,39.5,,45,0.064000000000000001,2,0,74.845334370930985,78.805000305175781,7.7279849644878285,3,57.876100102518443,0,0.81669553248366134,0.16663498811397554,3,78.410014227156751
77,3,74.805787811606749,74.806884637154866,0.0023270487886310333,3,28.368609281831713,28.365393999023219,0.0066693414885032444,3,-7.1072587120982993,-7.1027047978231144,0.026349669499896609,3,90.583291190374936,90.564288104848885,0.060568638391254051,3,,,,0,74.801299414833181,28.368390963402856,0,500,499.95403848800294,499.92968523195981,0.065405234823588218,3,105.732886908212,39.5,,45,0.064000000000000001,2,0,45.608333587646484,45.819000244140625,3.6355792174661881,3,58.018170091880471,0,0.83954673699014781,0.11249885896303179,3,46.203622748621413
78,3,79.417567257005942,79.415454845585572,0.003781754231365704,3,9.6439800615624005,9.6439468477167889,0.0026171166658696464,3,1.5125780703491685,1.5151454679099738,0.0068667716456744859,3,90.159972328415236,90.153169478191884,0.024391625638493661,3,,,,0,79.416709927844323,9.6429344204258207,0,500,499.99412658264777,500.00341167875439,0.038063224091631299,3,105.0510225925387,39.5,,45,0.064000000000000001,2,0,13.190333366394043,14.074000358581543,3.3403448337332611,3,57.186552605561893,0,0.85237397404292436,0.033984878452318679,3,16.563843721369437
79,3,80.000743697045777,80.002825652169506,0.0045608036422113002,3,0.0041943511811192219,0.0045211975021365028,0.0014348099732743871,3,6.039661008840036,6.0411744395822442,0.0033364320065162874,3,89.432604740519238,89.439137872238405,0.01198290497318826,3,,,,0,80,0,0,500,499.96526517895808,499.98377917413495,0.03676245538025337,3,104.71849539783993,39.5,,45,0.064000000000000001,2,0,-2.24166668454806,-1.3569999933242798,2.5326611419086533,3,56.518111101245523,0,0.85402617715502827,-0.0087817668572812129,3,2.1183898957842673
80,3,79.414866429161961,79.414951325300407,0.00029825649590011551,3,-9.6410099874006931,-9.6436333526268498,0.0086310866191842833,3,10.426207630575256,10.432908151593985,0.014447390774078837,3,88.102846508492703,88.097638993273236,0.0096216463463154149,3,,,,0,79.416709927844323,-9.6429344204258207,0,500,500.03325436226095,500.04552069576908,0.038390567241011711,3,104.39947092236679,39.5,,45,0.064000000000000001,2,0,-19.192999839782715,-22.003999710083008,5.4835002953925995,3,56.082284887967262,0,0.84981150157034746,-0.051184705553560937,3,-12.384643857887021
81,3,74.800739891483531,74.804032926250088,0.0076290417169685501,3,-28.362425760631254,-28.35786717722937,0.010766933682639439,3,18.340520174820679,18.35917351941848,0.037796593144255916,3,84.821732288698342,84.819664710639856,0.021127958702829536,3,,,,0,74.801299414833181,-28.368390963402856,0,500,500.10831056830767,500.09421258839507,0.027576517893641121,3,103.7256336265168,39.5,,45,0.064000000000000001,2,0,-46.67466608683268,-48.019001007080078,3.6615218540701995,3,55.310680105915885,0,0.8352508874453437,-0.13066464236378428,3,-41.747788080608359
82,3,65.812831822185714,65.812882070526214,0.0020827983850658059,3,-45.448603264159978,-45.446095619209231,0.0050937039347834362,3,22.855361772497229,22.844747174961224,0.079143388909800896,3,80.523203077271447,80.526541985076818,0.044563354936760814,3,,,,0,65.83870927149249,-45.445179738492492,0,500,500.1684203764118,500.25459628759404,0.1631220359193325,3,102.9092895674699,39.5,,45,0.064000000000000001,2,0,-82.638664245605469,-83.18499755859375,4.7759923852044972,3,55.291247975818692,0,0.81073257853439595,-0.18116285336567506,3,-74.771468742470148
83,3,53.045113360173509,53.047940165113658,0.01341350153442547,3,-59.880612527998743,-59.876561892712758,0.012176387531347406,3,20.877352513418781,20.898624475051754,0.088675667390644211,3,74.943014429881657,74.922365184027754,0.040130054211508628,3,,,,0,53.049812659263615,-59.880859853688072,0,500,500.25622434417642,500.2189226420125,0.18853811688005845,3,101.74043938471516,39.5,,45,0.064000000000000001,2,0,-116.39533233642578,-116.37300109863281,0.98469081732340547,3,56.000659139312027,0,0.77427789881855269,-0.17183398621132878,3,-111.74784471130903
84,3,37.175168322567458,37.17640150029014,0.0065331073854008387,3,-70.836679255807027,-70.835426286789016,0.008225546950331333,3,10.391656882914255,10.390428844032536,0.026894218716757224,3,61.116958565487515,61.117290757581529,0.010127487046903992,3,,,,0,37.177853763501467,-70.836482052256798,0,500,500.03691024533038,499.94559832182478,0.25842408863912458,3,99.606825105381276,39.5,,45,0.064000000000000001,2,0,-136.92633565266928,-136.53300476074219,0.98853646278696983,3,56.289848781476856,0,0.65909646219927931,-0.080440733873336404,3,-131.09342060914605
85,3,19.139098045188131,19.139997332626574,0.0089025836390081731,3,-77.674765218942639,-77.679796578486929,0.0091236898064582621,3,8.4251289715539173,8.4112278332398738,0.031080996943371714,3,27.572124241221093,27.58277407209394,0.019182494770034489,3,,,,0,19.145253143004652,-77.675345394084147,0,500,500.02478936089682,500.02966283633845,0.060718904472069415,3,93.84019776231662,39.5,,45,0.064000000000000001,2,0,-80.934333801269531,-81.384002685546875,0.88660002236679569,3,55.601379244010275,0,0.34679497689956734,-0.076728596788542464,3,-76.406106818930709
86,3,19.685401103381551,19.686092381361131,0.012421503689409785,3,-87.824005246531968,-87.824694390267425,0.0012112059559544891,3,9.2659749811667336,9.2834156133398746,0.034089567997936367,3,27.362996533844893,27.372586475823148,0.02200067358881554,3,,,,0,19.68129820857385,-87.821674436469195,0,500,500.00567786856976,499.96903988025036,0.067925619150372929,3,92.753720479748424,39.5,,45,0.064000000000000001,2,0,-93.123667399088546,-92.728996276855469,1.2361906481023546,3,62.575146734155147,0,0.35560549699809091,-0.086315775465829914,3,-88.59461511738499
87,3,29.2185138661454,29.215758616052877,0.0075353349113913099,3,-85.122596792235399,-85.121012631736406,0.010135926242780211,3,9.5507622754640504,9.5566802425772703,0.01536412625956988,3,45.82722935281285,45.832101198789864,0.028825369766897636,3,,,,0,29.222952228421473,-85.123551753057143,0,500,500.01375823492845,500.02727426917568,0.052816535188512419,3,96.895368705080045,39.5,,45,0.064000000000000001,2,0,-134.66599527994791,-134.88299560546875,1.0150459277084964,3,62.88987770193328,0,0.52917983834275517,-0.079268777142576227,3,-128.18713843721372
88,3,38.407989392162278,38.409673993487075,0.005472004346242689,3,-81.392711695826321,-81.395514829933347,0.011933279164300814,3,12.361855685391172,12.362661676604064,0.059741437370782267,3,61.517806597600917,61.513225956778129,0.019618858792987796,3,,,,0,38.4098791946763,-81.392144462781985,0,500,499.97592348669065,499.84308446102062,0.32821816185351999,3,99.016204857133914,39.5,,45,0.064000000000000001,2,0,-159.58299763997397,-160.48800659179688,2.2832354879682621,3,63.799177232147827,0,0.67389918895004242,-0.10002144980796283,3,-153.02657884514718
89,3,47.128067326187271,47.126670267208127,0.008671146764955796,3,-76.675286732780521,-76.683713605874203,0.016390389036557037,3,19.060130093182735,19.080555515551442,0.11628600899814122,3,70.566844562997602,70.572700951684112,0.061401470252333779,3,,,,0,47.130562258909002,-76.672746795449441,0,500,499.85271016852857,499.65571285545576,0.47965978064591924,3,100.31451881205653,39.5,,45,0.064000000000000001,2,0,-156.62100219726562,-156.89300537109375,0.94774044453289208,3,63.158050497430587,0,0.75237427052109351,-0.15993630806688844,3,-150.45307148427983
90,3,55.28063899574483,55.282864925050411,0.0068245327844186753,3,-71.025367762551596,-71.023425061758019,0.0089063441768679648,3,24.67526181772125,24.724648700304673,0.092222615231893623,3,74.987007320360263,74.972229659001528,0.026690776658432412,3,,,,0,55.279144142070102,-71.022645845675427,0,500,500.25990476960533,500.4894901189578,0.41778329165088479,3,101.31809737583926,39.5,,45,0.064000000000000001,2,0,-140.65699768066406,-140.11300659179688,3.9452290547098747,3,62.809857501642661,0,0.78497951419416656,-0.20862315291595745,3,-132.66191243762597
94,3,80.297399458568691,80.292873106458003,0.0087364859848125514,3,-40.637285751802288,-40.642734265854344,0.010814690748693172,3,24.433870180109921,24.448369354648328,0.038214772087667624,3,85.014255227115555,84.994990385907585,0.049760348480478292,3,,,,0,80.30288147565544,-40.638002247980076,0,500,499.92303786541106,499.88516374970209,0.10116483669471243,3,103.34738795294125,39.5,,45,0.064000000000000001,2,0,-59.200000762939453,-58.132999420166016,2.1709746262359504,3,62.434625174149609,0,0.84777219096360712,-0.18669883193900691,3,-58.379190269894949
95,3,84.283957081078114,84.283714578389066,0.0057367983327444427,3,-31.551714817671343,-31.551762915795642,0.00095976861573485216,3,20.787969036798263,20.795572867439041,0.058557134697875116,3,87.208514100353895,87.20786167001819,0.0080535969252655028,3,,,,0,84.286011707734914,-31.557379967347917,0,500,499.85142989182742,499.84394780948952,0.05159070605746368,3,103.68792449411053,39.5,,45,0.064000000000000001,2,0,-54.073666890462242,-53.992000579833984,6.9278607894905724,3,62.153917081154667,0,0.86054209575535479,-0.14846276322643173,3,-43.915648889878035
96,3,87.246748805038933,87.248248259092335,0.0039357395787391796,3,-22.089272997210518,-22.085894106797717,0.009625847313187318,3,16.950675078272557,16.954757749829039,0.013512037725794422,3,88.929844650148993,88.923617930745124,0.038039826020277716,3,,,,0,87.246023934539735,-22.093693842671929,0,500,499.97206967555348,499.96992115113534,0.016158082225232153,3,104.03500858679263,39.5,,45,0.064000000000000001,2,0,-38.324999491373696,-38.923999786376953,1.1563825968634869,3,62.156868394694037,0,0.86839573859985908,-0.10926017413904558,3,-28.948906716127293
97,3,89.146740531573371,89.148958033972761,0.0053483890108746062,3,-12.360540654291826,-12.360963836559996,0.0011093487397437465,3,12.253055577214269,12.248498011729184,0.0095294161276034788,3,90.466441540565867,90.456124201893843,0.024814702039684118,3,,,,0,89.146987617375274,-12.361820203656732,0,500,500.00286941361168,500.00108221225571,0.030976107582973436,3,104.3526045344047,39.5,,45,0.064000000000000001,2,0,-22.75433349609375,-22.784999847412109,1.9351817103374795,3,63.047949603716724,0,0.87451114947833675,-0.062745575085620703,3,-15.647601342288825
98,3,89.968801928550803,89.969261938018647,0.0025828231989692874,3,-2.4735077406034001,-2.4710685519127376,0.0049545262427810495,3,7.6028570112016416,7.6012067010718614,0.0079015558651674873,3,91.583991213217814,91.58242638702545,0.012060312117221804,3,,,,0,89.965827632245635,-2.4798908131345607,0,500,499.98362252587208,499.99780129437045,0.029055419119869211,3,104.65094908442063,39.5,,45,0.064000000000000001,2,0,-6.7696666717529297,-6.7930002212524414,3.4870585399571499,3,63.53626731054343,0,0.87665039363005737,-0.017628637904527452,3,-1.7471223076331748
99,3,90.001725389438107,90.001427868069584,0.00080747831705094543,3,0.0030331767188088682,0.00057773141581572251,0.0075057728075966458,3,6.4482850522422623,6.4480760766460863,0.012462747029027917,3,91.811695996215448,91.809745295265458,0.010863789650203608,3,,,,0,90,0,0,500,499.93806347308845,499.93754180461463,0.023716664362298648,3,104.7095770612484,39.5,,45,0.064000000000000001,2,0,-3.3326666355133057,-6.190000057220459,5.0603024576411695,3,63.318149556889772,0,0.87682048242064425,-0.00657222239485969,3,1.7825127199629904
100,3,89.69749532181963,89.700042504624392,0.006445041385003009,3,7.4353003600529881,7.4353454115044499,0.002838690036394257,3,3.080935983989336,3.0769231160612707,0.0087125653143409355,3,92.610648459490577,92.603147140482207,0.013714315806473804,3,,,,0,89.692604370600293,7.4321410925099416,0,500,500.01202922326428,500.01141488231474,0.0051567875629279312,3,104.95260640946442,39.5,,45,0.064000000000000001,2,0,4.6606665452321367,3.7839999198913574,2.2217452662466797,3,62.85733604780927,0,0.87787042540887916,0.025341950120137971,3,12.762362513326941
101,3,88.337160924238944,88.337150362078887,2.2854208360799339e-05,3,17.26109049766011,17.261261049923171,0.0013631757022770097,3,-1.5749016158491453,-1.578811230749211,0.012729053778179572,3,92.958593055443771,92.954769929809132,0.0117094482008341,3,,,,0,88.330634392717613,17.253956873136506,0,500,499.93249136558052,499.91296922771693,0.034595959325773619,3,105.23029741322529,39.5,,45,0.064000000000000001,2,0,22.556332906087238,22.764999389648438,3.070323199566265,3,64.728568870294239,0,0.87288438331496521,0.068692003089330489,3,26.996639409850033
102,3,85.904684670227383,85.907997213264622,0.0063205505745160323,3,26.862374387503451,26.857991384963935,0.0080840376072118126,3,-6.1868062786743225,-6.1874050164286611,0.0092535154108099368,3,93.285125393581495,93.301366191285098,0.061203573230419105,3,,,,0,85.896450169155671,26.866332990152568,0,500,500.01030425957077,500.05033721718297,0.11061234254927443,3,105.56550971518591,39.5,,45,0.064000000000000001,2,0,33.511666615804039,33.320999145507812,0.74161762614054227,3,65.130279930318963,0,0.86738494115952014,0.11068677761414716,3,41.374518898208358
103,3,82.42907543317439,82.431815059642815,0.0078749769528753,3,36.148610166212599,36.150043398186504,0.0096130764448037684,3,-10.624657263222785,-10.621397102330445,0.05731614955522641,3,93.039872539110959,93.056370930263355,0.02927843969619923,3,,,,0,82.419599398955143,36.15258821876732,0,500,499.81397138423273,499.80713815913049,0.032477801817931827,3,105.86371683681297,39.5,,45,0.064000000000000001,2,0,56.481999715169273,55.680999755859375,3.3090275192845833,3,64.6609309004902,0,0.85701092120472611,0.15019421730162463,3,55.798149693702555
104,3,77.949518956136899,77.948375853834833,0.0078790820200459223,3,44.995145020101155,44.993723525044111,0.002894921795425903,3,-14.455724578723066,-14.449695652242793,0.053914981883415584,3,92.998117727996672,93.006992763017379,0.022850905206909959,3,,,,0,77.94228634059948,45,0,500,500.21916840766175,500.23471136112511,0.02917098209150076,3,106.32431022217656,39.5,,45,0.064000000000000001,2,0,70.972666422526046,70.252998352050781,4.4424390283281427,3,64.902396423766675,0,0.84758065449376196,0.18287909652349851,3,71.645030592118303
105,3,72.534893369562894,72.532056721846388,0.0059085268114270955,3,53.296622188740969,53.296609559800224,0.0020685305164990066,3,-17.33792010857022,-17.349785585274248,0.069671672645733457,3,92.492780569178876,92.515782097156944,0.051351063466486317,3,,,,0,72.518859509488024,53.301172739848219,0,500,500.23341505294047,500.24643816533825,0.052511950702358465,3,106.75397397143136,39.5,,45,0.064000000000000001,2,0,82.545333862304688,83.958000183105469,8.3046087885780562,3,65.29602572059342,0,0.8344588349745069,0.20589541041445819,3,88.617706859994385
106,3,66.226001080049841,66.228212809056956,0.012873111838946509,3,60.96052973098935,60.966716965224045,0.013017161178104673,3,-18.84841713950722,-18.839337204571891,0.060438014604003519,3,91.612475223436604,91.555303873369994,0.11056105298014249,3,,,,0,66.215151960581835,60.955341446316716,0,500,499.79387238484696,499.6514940855991,0.26894137234200099,3,107.14552180531388,39.5,,45,0.064000000000000001,2,0,103.64866383870442,103.96199798583984,0.69422952819502226,3,65.475713350776871,0,0.81861565320505314,0.21547219911420895,3,106.90014532260477
107,3,59.107065488322171,59.094246263328415,0.022292030785600069,3,67.87515169525868,67.877655096184881,0.0071110144844415525,3,-18.606464712702252,-18.621560323579036,0.090259948395261497,3,90.709320579916962,90.736314096426085,0.062012251832437568,3,,,,0,59.107682164296058,67.869594879920697,0,500,499.685961496635,499.72014142248128,0.1391104570787651,3,107.73858577894553,39.5,,45,0.064000000000000001,2,0,120.76166534423828,121.11399841308594,2.557766650518869,3,65.092388028926194,0,0.80161912509805811,0.20781149800771034,3,126.38067568764953
108,3,51.309473382398011,51.307303991663638,0.0039311034833020998,3,73.961902970811153,73.959761145397053,0.0092603644906755957,3,-15.730619101653948,-15.734596174094195,0.027179171758943178,3,89.172978369965179,89.177841884623064,0.22279450306676291,3,,,,0,51.282725175923908,73.960003370272091,0,500,500.06129913518271,500.13543066256545,0.56804051760866892,3,108.60043928259449,39.5,,45,0.064000000000000001,2,0,145.94066365559897,145.33900451660156,2.7090812297563081,3,64.306986786491464,0,0.77752371111602359,0.17508608182190735,3,145.57067587259647
109,3,42.834120786746752,42.831510819226857,0.0070253609013765364,3,79.153171804737994,79.148762723622099,0.010915284018000545,3,-10.398006344351847,-10.382049532609146,0.0464133892766561,3,84.688977690727725,84.660307200319721,0.13457066056384812,3,,,,0,42.835265373336561,79.152637608584044,0,500,500.11568030220809,500.18899269306729,0.35841058691315397,3,109.71762752998012,39.5,,45,0.064000000000000001,2,0,152.30799865722656,153.25399780273438,3.356514994340805,3,63.914191929745982,0,0.72570995643765279,0.1197564180934675,3,156.93775195414418
110,3,33.872200310564892,33.874436435732505,0.0054014519338239676,3,83.381654814678939,83.383240422881727,0.0039688615992863885,3,-6.6916705688554927,-6.6836259351697382,0.071957626393834795,3,73.581754623215147,73.600028942986881,0.062385596678094762,3,,,,0,33.867843475305115,83.38446604933219,0,500,499.94235882453876,499.88604253712879,0.1562948958769716,3,111.32213268625686,39.5,,45,0.064000000000000001,2,0,143.95066833496094,144.55000305175781,2.5102403067079626,3,63.864816623601008,0,0.6130436694688014,0.079584276504122198,3,145.26270323595816
112,3,14.822357212183343,14.822502481063587,0.003157791422628552,3,88.776566465259478,88.774377620808281,0.008183685222616352,3,-9.8163959813806247,-9.8064450555705296,0.023093905454447096,3,39.145229238301688,39.144540976415243,0.038489701775400023,3,,,,0,14.813513125266027,88.772517306245007,0,500,500.03280266617367,500.04297593353937,0.018285851950584721,3,120.783437968386,39.5,,45,0.064000000000000001,2,0,66.717000325520829,66.571998596191406,0.816217213313437,3,64.364347337131505,0,0.27705395331836696,0.089126680147803117,3,69.824493632832457
115,3,38.272750768442428,38.272517225195571,0.006837947286883991,3,92.38744094297634,92.387240297887587,0.003750835871045465,3,-9.4378855391698195,-9.4273299131875881,0.041378922420505747,3,81.256981704547854,81.25510918540364,0.055443810535436268,3,,,,0,38.268343236508976,92.387953251128678,0,500,500.0231115513011,499.94872808980904,0.16677551835961851,3,111.21584599687543,39.5,,45,0.064000000000000001,2,0,171.92599995930991,171.61399841308594,3.0778774411134662,3,70.55382962083047,0,0.67745908695703427,0.10688532269658864,3,175.49374821346379
116,3,55.581783089432271,55.579926979950919,0.0074304991077426474,3,83.147621155634965,83.145768397961106,0.004074531918421739,3,-20.480869983174891,-20.458622827728814,0.089411029994460892,3,91.906266007359477,91.91482631240963,0.12918780557568332,3,,,,0,55.557023301960214,83.146961230254519,0,500,499.73975634911625,499.63382567818695,0.43224381495916014,3,108.68558705780619,39.5,,45,0.064000000000000001,2,0,157.63699849446616,156.87699890136719,3.1612709620856472,3,72.258059040365609,0,0.79665409735834891,0.22117103796029094,3,161.84043726498851
117,3,70.717090389477747,70.716577345312587,0.0068859202925641814,3,70.713178652540194,70.711951980154524,0.015962072790899451,3,-23.033903262348698,-23.0382141770163,0.051176233434376793,3,93.778779897914276,93.814253182723718,0.15422845038214589,3,,,,0,70.710678118654755,70.710678118654755,0,500,500.11863600809687,500.21702631482964,0.34093152350629496,3,107.43114059204284,39.5,,45,0.064000000000000001,2,0,120.71066792805989,119.34799957275391,6.4370972949172858,3,72.233429166024777,0,0.83079390177080992,0.25653452895869711,3,121.82010638089778
118,3,83.163970874812307,83.163606453201083,0.001290556985731808,3,55.555624416627843,55.55313326852292,0.013209793297025164,3,-18.840381314263613,-18.821028815224498,0.072702505060454767,3,94.663561511022507,94.633258877379589,0.081242086447620196,3,,,,0,83.146961230254519,55.557023301960214,0,500,499.79798282007067,499.7034304305443,0.17962239338252473,3,106.48049445257045,39.5,,45,0.064000000000000001,2,0,81.970331827799484,86.490997314453125,10.671114286193998,3,72.534433279113316,0,0.85563090232399808,0.22692302073235071,3,85.989868685288315
119,3,92.395537613369854,92.395814683593983,0.0011569920103360754,3,38.266234913241128,38.264687703631836,0.0044257005237403205,3,-11.441951748188728,-11.441244104292901,0.034934540831131733,3,95.587667590936761,95.58379262107789,0.040632021069460553,3,,,,0,92.387953251128678,38.268343236508976,0,500,500.12103789425373,500.10254244438147,0.050683650757667127,3,105.86644637635267,39.5,,45,0.064000000000000001,2,0,51.215000152587891,52.097000122070312,2.4805315635566414,3,72.683357760451372,0,0.87977477042521801,0.16393547483162743,3,55.556285114588675
120,3,98.082317842229656,98.081261707778694,0.0049794186808612903,3,19.510875769132287,19.515224314270753,0.0084241519444255408,3,-2.2800553577527349,-2.2739681478033331,0.014351597358054932,3,95.328310486209162,95.321854796910998,0.014438558187533776,3,,,,0,98.078528040323064,19.509032201612829,0,500,499.92871099993619,499.92659167395055,0.025977322612541227,3,105.24564253007374,39.5,,45,0.064000000000000001,2,0,23.595333099365234,24.187999725341797,2.8053522236603214,3,70.985666281805663,0,0.89390507934902508,0.081308104487178137,3,28.397950815343624
121,3,100.00483537941803,100.00418137055249,0.0041515723223792744,3,0.0035169353040329283,0.0058376601184120325,0.0048412018632486764,3,7.250704637982321,7.2458291246489237,0.011027683073458538,3,94.170741040419173,94.175361650570721,0.017816269664336332,3,,,,0,100,0,0,500,499.98253963458546,499.98349152439471,0.045708216237199721,3,104.72282208395376,39.5,,45,0.064000000000000001,2,0,-3.084333380063375,-3.1670000553131104,3.4567414630022935,3,71.263149822740104,0,0.89923585024346919,-0.0081204379024261402,3,2.4457368298478581
122,3,100.00138464821555,100.00017609350195,0.0044165564280271982,3,0.0061680208904747666,0.0046790672823544509,0.0041129463300091304,3,7.2686793467088906,7.2703406325593773,0.0075847786192243831,3,94.167312836180074,94.167924546166873,0.0056857975315307693,3,,,,0,100,0,0,500,499.98449096138046,499.98476294083025,0.0091379989134077379,3,104.72351913742595,39.5,,45,0.064000000000000001,2,0,-2.8990000089009604,-2.8320000171661377,3.3310054103282871,3,71.386945846767631,0,0.89919550888344657,-0.0082941323627910776,3,2.5049129322542929
123,3,98.077976084808824,98.080298636864697,0.0042425390979537953,3,-19.50504004802352,-19.506826521797453,0.0035195528854625132,3,16.640764334872081,16.63689061666701,0.015121152719412738,3,91.734765417993756,91.739323827358859,0.011304887206321192,3,,,,0,98.078528040323064,-19.509032201612829,0,500,499.92951031899224,499.95318325373148,0.044004674124993766,3,104.17642303413059,39.5,,45,0.064000000000000001,2,0,-29.142000198364258,-29.461000442504883,3.3818035014800971,3,69.479769945325671,0,0.89255404699971186,-0.099482911426598944,3,-22.95665947202917
124,3,92.389735633588984,92.396431477106859,0.012058979704611488,3,-38.263779537252354,-38.261045020122296,0.0091181622477682668,3,24.649971950507858,24.663184285493617,0.047041773048475295,3,88.262886016879733,88.255656033254127,0.018207519742833755,3,,,,0,92.387953251128678,-38.268343236508976,0,500,499.81086574358318,499.80591913360593,0.040889964228505153,3,103.56637907700429,39.5,,45,0.064000000000000001,2,0,-52.590333302815758,-50.472000122070312,4.1016338761226026,3,69.78967696305196,0,0.87588046155227017,-0.18091806469382016,3,-50.398574140260919
125,3,83.137173611707922,83.135628025587636,0.0032408410056202373,3,-55.568660454501007,-55.564837354142426,0.0076707304539077549,3,30.512289880356875,30.531014769974814,0.049769689573531221,3,83.951093311195962,83.965681679775102,0.043209518836178899,3,,,,0,83.146961230254519,-55.557023301960214,0,500,499.92225187259254,499.92805474384602,0.18591245334082826,3,102.90493547283684,39.5,,45,0.064000000000000001,2,0,-89.700998942057296,-89.83599853515625,0.53346893837925535,3,69.993993529497686,0,0.85037211459486139,-0.24480371765897671,3,-80.705250360275997
126,3,70.706985914255981,70.713802897649856,0.021943232538552012,3,-70.714789535022646,-70.717259170821535,0.015983136403823366,3,32.284334735576216,32.325142461200286,0.081831462481262593,3,79.424713017625933,79.43249741441268,0.023670285528111921,3,,,,0,70.710678118654755,-70.710678118654755,0,500,500.26601131879602,500.38747909350269,0.21462893062804114,3,102.08824844019954,39.5,,45,0.064000000000000001,2,0,-129.39899698893228,-132.89599609375,6.8871021406328525,3,69.980742925619339,0,0.8223322549905755,-0.27191266439764944,3,-116.77478222414014
127,3,55.560044686755326,55.563723179601517,0.0092066576169841131,3,-83.153404258160904,-83.153387330124701,0.024243119509146184,3,26.987689766248391,26.990624847395441,0.089663102385409324,3,74.238465072379725,74.216551694822925,0.05225769261911619,3,,,,0,55.557023301960214,-83.146961230254519,0,500,499.97270332200287,499.98007777198927,0.57711245410087486,3,100.68962854395561,39.5,,45,0.064000000000000001,2,0,-167.52799987792969,-169.08500671386719,4.5250763150370981,3,70.32315694501365,0,0.79015370396535267,-0.23271360958558884,3,-158.32317547236815
128,3,38.264708820592809,38.265225866326659,0.0016778063356629896,3,-92.392751351102845,-92.397503047363116,0.018670353349905217,3,13.455056996546844,13.43946635460517,0.038764383668794554,3,60.181029733296661,60.178356778453455,0.043232834404302922,3,,,,0,38.268343236508976,-92.387953251128678,0,500,500.01807429555612,500.1064213604194,0.17411756469951259,3,98.237564755996843,39.5,,45,0.064000000000000001,2,0,-180.71399943033853,-181.55099487304688,1.6081307261886084,3,69.765900617101551,0,0.67279931036495455,-0.11203571321587595,3,-173.62429634408934
129,3,19.511653913183142,19.509866668109659,0.0048494587867964596,3,-98.0668708189949,-98.065456719384798,0.0076160717805758395,3,9.9602514074797508,9.9639823905562093,0.010584069315927922,3,25.981994358461133,25.976141905971751,0.017382466419043341,3,,,,0,19.509032201612829,-98.078528040323064,0,500,499.94949166135251,499.96307124945127,0.031534505719167112,3,91.237825101195497,39.5,,45,0.064000000000000001,2,0,-104.55100250244141,-104.81500244140625,1.4432237530796193,3,69.60253512042739,0,0.35356250606695061,-0.095481293502708481,3,-98.429311964699508
131,3,19.748987172276841,19.749875135295092,0.011019053268777576,3,-118.36900320905941,-118.3677529880122,0.0078120799435404077,3,11.271068101354857,11.276889908790364,0.015799364232511621,3,24.096238908242807,24.099295422289885,0.0076401490135836574,3,,,,0,19.751350833688036,-118.36335640832669,0,500,499.90585157881242,499.89498906566416,0.023338949640251568,3,88.658348705197326,39.5,,45,0.064000000000000001,2,0,-127.93499755859375,-125.69400024414062,6.1810873725470934,3,84.1834276698915,0,0.35723488623656197,-0.11287299017495123,3,-120.16923048078581
132,3,38.959225087124203,38.961821719963751,0.01650391376911196,3,-113.48924800507702,-113.48976746117751,0.015339212169273964,3,15.922634871378918,15.897848916612677,0.051120135782662439,3,58.730534798122115,58.723821161487678,0.041199316266307545,3,,,,0,38.963936304561962,-113.49806900407619,0,500,499.96036782013539,499.93364076408523,0.073198700181211385,3,96.891968969000871,39.5,,45,0.064000000000000001,2,0,-225.07333374023438,-225.91900634765625,2.4199853456577252,3,84.885226647610736,0,0.68110749913195368,-0.13860018130191423,3,-215.69586667993968
133,3,57.112327457664414,57.114234466129361,0.005843132320024232,3,-105.53863166660283,-105.5399530119426,0.019717412579845498,3,31.733790985271966,31.678120924839707,0.14979915889776832,3,72.9451085437302,72.965892548019241,0.046848904295115616,3,,,,0,57.113687164448855,-105.53685014477867,0,500,499.92311418689832,499.84331432633195,0.57124789822447763,3,99.734530476097419,39.5,,45,0.064000000000000001,2,0,-215.52133687337241,-213.87100219726562,2.9009987052530306,3,84.458680125619438,0,0.79911722238962912,-0.28153340567147722,3,-204.77613041171077
134,3,73.721021951490101,73.72783635069527,0.01750614887169764,3,-94.707252540166166,-94.718930949337775,0.02111310186461202,3,39.684102445952838,39.722933311580441,0.11378481840726166,3,77.563406055902533,77.564642976068384,0.0031090926762967789,3,,,,0,73.705525522760141,-94.696861127567232,0,500,499.94307083965867,499.89886428941622,0.62167899781340041,3,101.24226784660787,39.5,,45,0.064000000000000001,2,0,-173.18667093912759,-175.63600158691406,5.4294963347049352,3,85.180543484785957,0,0.82598574683424597,-0.34536916037908577,3,-158.29761979900323
135,3,88.27764593730906,88.281049061642605,0.015035672072889491,3,-81.270871253096573,-81.266430034365143,0.0080576832029868387,3,40.108245011543858,40.08743529520288,0.083945916957021555,3,81.718662425664036,81.71387920112231,0.011923022228860273,3,,,,0,88.286869280775775,-81.273788595088959,0,500,499.81232878099655,499.7161823721388,0.46085178989245623,3,102.21216807558557,39.5,,45,0.064000000000000001,2,0,-122.20399983723958,-122.322998046875,0.70606295565182398,3,84.158349356027998,0,0.85038797065321181,-0.33712694212761585,3,-118.05299533520967
137,3,109.89529908503685,109.89566144534849,0.003740354617495925,3,-48.199729328002405,-48.199040181544568,0.0023401130073842803,3,29.981409727877026,29.99983172274651,0.076042760146770555,3,90.600117708849481,90.596738466488262,0.0091608661611894248,3,,,,0,109.89279919860689,-48.203450958356321,0,500,499.74784472626698,499.76308545746843,0.057750670602000155,3,103.48838775046987,39.5,,45,0.064000000000000001,2,0,-61.701333363850914,-62.074001312255859,4.9006382319641144,3,83.742461540587797,0,0.90526968698878263,-0.22174575413974865,3,-57.794813729040172
138,3,116.32669973970972,116.32671896441549,0.0079672570890025902,3,-29.460683482016904,-29.457320452567377,0.0084210549384244864,3,22.219566089051835,22.222512132674961,0.030940752734841415,3,94.249499266943829,94.252968374518829,0.013243962160102212,3,,,,0,116.32803191271962,-29.458258456895908,0,500,499.83166773303714,499.82511415792192,0.023451491060627685,3,104.00113266617107,39.5,,45,0.064000000000000001,2,0,-38.543999989827476,-40.354000091552734,6.2004098950700532,3,83.851633780629285,0,0.92436476935662426,-0.14206246534963204,3,-32.120280422800505
139,3,119.59113013765079,119.59125923994246,0.0038398857704594722,3,-9.906060427491207,-9.907767121279857,0.00431506418644346,3,13.175373369015766,13.179928193426653,0.018023800805584553,3,97.040508504066452,97.045221507177729,0.0096406055003001243,3,,,,0,119.59013916080038,-9.9095214566799239,0,500,500.07329194176327,500.07279135341992,0.024841882955075771,3,104.51735319658009,39.5,,45,0.064000000000000001,2,0,-15.779999574025473,-19.934999465942383,7.5817951672961756,3,84.324233621489569,0,0.93452898857585975,-0.052828940566654006,3,-8.8188837772013038
140,3,119.99990890437414,119.99950673542408,0.0020952062695617311,3,0.0049538774736741257,0.0070506491616617395,0.0094907314306921491,3,8.5550910472906043,8.5489247767788221,0.014783967366747038,3,98.052558230347515,98.062406385706936,0.018773857257162622,3,,,,0,120,0,0,500,500.00834924691435,500.02605294136004,0.04261841673714354,3,104.72768040986823,39.5,,45,0.064000000000000001,2,0,-3.6500000158945718,-5.9320001602172852,4.6498735920199366,3,84.505136737981715,0,0.93625907494987337,-0.0083559272389671074,3,3.0220458606856457
141,3,119.59503894321506,119.59630034449322,0.004862421087992029,3,9.9125578028575756,9.9133118967111269,0.0019606048809528917,3,3.9967206651013569,3.9990747453677882,0.0087504584264730539,3,98.91671150519899,98.905661878694019,0.021968080374847019,3,,,,0,119.59013916080038,9.9095214566799239,0,500,500.00649106762671,499.97421099533022,0.0589185654434079,3,104.94903582250005,39.5,,45,0.064000000000000001,2,0,8.2096665700276699,6.7950000762939453,4.7342675830268615,3,84.736926629830108,0,0.93647651963225886,0.034848932137405156,3,15.345354707313675
142,3,116.33561182916721,116.33274676591253,0.0055273426637030163,3,29.451043257951142,29.443525506792717,0.019076211160226762,3,-5.4706073398199733,-5.47625427547176,0.020563261057289745,3,99.526949338315163,99.528463861969769,0.018124984781649429,3,,,,0,116.32803191271962,29.458258456895908,0,500,499.8463150580298,499.81334153545185,0.065788503992345329,3,105.37047533590537,39.5,,45,0.064000000000000001,2,0,32.484333674112953,31.495000839233398,3.9002707490654935,3,86.545209947671324,0,0.92665504505448881,0.12257785167725699,3,39.092365336559432
143,3,109.90010147835498,109.90052136037208,0.0072561665105597521,3,48.199188634740437,48.197917294376794,0.003328141686491174,3,-14.636181306105385,-14.633385933915058,0.025549763093460836,3,99.497821509132635,99.495683463033203,0.040105006766044976,3,,,,0,109.89279919860689,48.203450958356321,0,500,500.03553307719494,500.05393123705346,0.069776984952284363,3,105.92036976979195,39.5,,45,0.064000000000000001,2,0,54.740000406901039,53.5260009765625,3.9938652833044754,3,87.813313192535176,0,0.91024109570287648,0.20458565097362641,3,64.166695415576726
144,3,100.47075327089782,100.46862980443649,0.0040982123747648402,3,65.626763637901334,65.627269891175885,0.0047567926398496378,3,-22.622746874277539,-22.649811447784273,0.050922171825816577,3,98.533727585894312,98.529210653297582,0.050338138404365747,3,,,,0,100.45997739150346,65.633778974691197,0,500,499.69960236901335,499.71352653339397,0.12024805565695898,3,106.42302324071703,39.5,,45,0.064000000000000001,2,0,84.847333272298172,85.087997436523438,11.41090397306489,3,87.262800083967022,0,0.88640232010414222,0.27299426570414781,3,92.231328106891638
145,3,88.286384666332197,88.284905819504971,0.0084235695178461502,3,81.281818026393807,81.272077213266769,0.017057636714047149,3,-28.432626640148516,-28.427416666452508,0.031859317989841596,3,97.56635062143819,97.613462805261136,0.13286339208849193,3,,,,0,88.286869280775775,81.273788595088959,0,500,500.14977391664502,500.30935525602115,0.37355525131443867,3,107.22689284935861,39.5,,45,0.064000000000000001,2,0,121.43333180745442,123.03399658203125,6.7625993465951897,3,86.872902930453392,0,0.86139131530660107,0.31785827559767482,3,125.85868245442143
146,3,73.710088845056575,73.707083681577302,0.016124758360858429,3,94.702322136808846,94.710087932485223,0.018859182589592918,3,-30.780354159526912,-30.792342448024108,0.079395921293225688,3,96.740298282243529,96.801520255794003,0.14174818465564126,3,,,,0,73.705525522760141,94.696861127567232,0,500,500.24271228779662,500.43315691765923,0.50026126463759546,3,108.24143553440469,39.5,,45,0.064000000000000001,2,0,168.03633117675781,167.14399719238281,1.9052611844442591,3,86.819672809107274,0,0.8377508041887084,0.32795019458447133,3,165.49112564722427
147,3,57.112990300569585,57.11296111367421,0.0070932887787519975,3,105.53152716512609,105.54284991266226,0.020447684835929143,3,-25.76126760938682,-25.764097836720303,0.061768412498394681,3,95.606887748076261,95.696781889329358,0.21099020271513891,3,,,,0,57.113687164448855,105.53685014477867,0,500,500.18073371813443,500.17680373496688,0.57893769537731299,3,109.72248624200677,39.5,,45,0.064000000000000001,2,0,204.40433756510416,205.35400390625,1.9867259038789371,3,86.01441842074054,0,0.80979636036985159,0.26809909250271163,3,210.44131719867707
148,3,38.969056350331236,38.97237270631225,0.0080057428642629474,3,113.49630407955345,113.50119247774657,0.015254276860148434,3,-12.578080191527782,-12.587394718152643,0.037047077389633143,3,84.941013152111552,84.880480811330358,0.11184597715218486,3,,,,0,38.963936304561962,113.49806900407619,0,500,499.94232632576478,499.87384820571663,0.2847255672061218,3,112.52822136229996,39.5,,45,0.064000000000000001,2,0,215.24233500162759,214.30900573730469,4.8833521657817522,3,85.153861736589633,0,0.69029127760695363,0.13394062054373276,3,219.37790747152562
149,3,19.763119651146337,19.763143807488817,0.023062504820452776,3,118.36091650864883,118.3692743609799,0.023606178768297938,3,-12.270482108722954,-12.288136422089883,0.04749224980531646,3,52.46026688133125,52.470748472433144,0.018838484816401924,3,,,,0,19.751350833688036,118.36335640832669,0,500,500.00079303309053,499.96051663880979,0.087343029580699671,3,120.77328750128332,39.5,,45,0.064000000000000001,2,0,120.81766764322917,121.13800048828125,0.60131756592041374,3,85.302513632355897,0,0.37164814466361845,0.11207214812507686,3,125.32115924450369
151,3,39.444016780871017,39.444691332290262,0.027050590202532435,3,134.32481658773361,134.32796510424035,0.0079433216299478627,3,-15.238166757434167,-15.215322339556062,0.049629572977306309,3,87.830020915365182,87.838550812649515,0.040923702591792809,3,,,,0,39.442557957800176,134.32901630602964,0,500,500.03175529511367,500.08055459246401,0.086353651128015643,3,113.87822726193231,39.5,,45,0.064000000000000001,2,0,257.576665242513,258.14801025390625,2.1030352117329123,3,99.525364070081707,0,0.69577156721543598,0.155978752554288,3,261.92087885988821
152,3,58.172621633546861,58.172035786736068,0.0028626041176150795,3,127.35136393561146,127.34829355563124,0.010300000258569452,3,-30.262191597727156,-30.284223487216551,0.04005697817518343,3,98.56727293425412,98.50841880413148,0.22782596331011296,3,,,,0,58.158101820264129,127.34847934963256,0,500,499.92901255918105,500.09204844037691,0.70655610221426757,3,110.59297873585473,39.5,,45,0.064000000000000001,2,0,254.24199930826822,255.9429931640625,3.170505755420268,3,100.82207372323749,0,0.81756352596606086,0.30730015386823101,3,258.72412367063464
153,3,75.686281061486852,75.682784242063391,0.0081049305793391441,3,117.79123058127603,117.79114647319818,0.0056602035608618057,3,-37.172543376988628,-37.160750635250643,0.057968074775468094,3,98.919994336510157,98.834047326253298,0.15441020591382487,3,,,,0,75.6897144437837,117.77549459636533,0,500,499.78697975903924,499.53383976083722,0.64287960892959795,3,108.85492522213845,39.5,,45,0.064000000000000001,2,0,200.22166951497397,199.7030029296875,1.5888183015118988,3,100.94894433428362,0,0.83947837355845922,0.38598589158167607,3,209.00806197539913
154,3,91.67631252552782,91.668484991937817,0.024752212846082425,3,105.80239587196239,105.80985368183792,0.017894525185044224,3,-36.608325001847966,-36.649544742331074,0.088532339403887883,3,99.298985345200776,99.259536553979984,0.085254469848182593,3,,,,0,91.680502752339848,105.8049404095962,0,500,499.53231378937761,499.4250600901284,0.27523662373138696,3,107.73748417954408,39.5,,45,0.064000000000000001,2,0,157.69066365559897,160.17799377441406,12.040259143659167,3,98.955060772796443,0,0.85882488081119712,0.39425098262640251,3,164.16676118256805
155,3,105.80688479847254,105.80577017242059,0.0053404934967678707,3,91.694970754342648,91.692028256063651,0.0093788514539385835,3,-32.085565476633157,-32.105733070667164,0.046284781560819492,3,100.44227260094107,100.41849953563778,0.090171812643114732,3,,,,0,105.8049404095962,91.680502752339848,0,500,499.72192044834219,499.63625356913633,0.32227028918380723,3,107.00781852901601,39.5,,45,0.064000000000000001,2,0,119.25633494059245,121.7030029296875,11.813571510037086,3,100.81283201451049,0,0.8838026582797659,0.36312492524271922,3,127.85742531288921
156,3,117.78130987981602,117.78030530392627,0.0060221688063173935,3,75.681738823368462,75.681212709004896,0.0020354128005933298,3,-25.224456468180808,-25.23457381445666,0.06197026176411051,3,101.86250557556571,101.86614753743653,0.026747681212088249,3,,,,0,117.77549459636533,75.6897144437837,0,500,500.21985259250505,500.26699891565994,0.097071877194291001,3,106.50146795724919,39.5,,45,0.064000000000000001,2,0,92.143666585286454,88.803001403808594,8.0479878032018313,3,101.5599514758358,0,0.91096278907455552,0.30762449503175138,3,98.132495713773494
157,3,127.35866300913001,127.36033621392535,0.0030325224651726289,3,58.154335503031319,58.159381248135638,0.021064675038763522,3,-17.068611373423725,-17.074531549957811,0.046801221174344584,3,102.67445306633634,102.69291909668821,0.033157750945078508,3,,,,0,127.34847934963256,58.158101820264129,0,500,499.6827699872635,499.70410642896502,0.090448857230721422,3,105.89055562871086,39.5,,45,0.064000000000000001,2,0,63.024000803629555,61.325000762939453,3.2256371920939189,3,100.98100192331013,0,0.93447970885245424,0.23816633746296148,3,72.034500588949825
158,3,134.34164582715007,134.33867045799965,0.0062263076777737429,3,39.441299317330973,39.437479467524142,0.010104713005525172,3,-8.1515798880175492,-8.1625799789158933,0.034716167703229515,3,103.05283841705132,103.05890054560919,0.011655388699092946,3,,,,0,134.32901630602964,39.442557957800176,0,500,499.76635111776221,499.77621525465997,0.04712559827019059,3,105.47418198480966,39.5,,45,0.064000000000000001,2,0,38.232000986735024,37.715000152587891,0.99582982968138278,3,101.35901864051573,0,0.95311092600102099,0.1588013758984867,3,48.774885351618408
159,3,138.58044074163905,138.58272908587449,0.0043916796429151013,3,19.927634071036852,19.92860254107865,0.0069227845562441787,3,1.3065674387170858,1.3089016631535932,0.0067014497848153307,3,102.72882793019232,102.72789634827225,0.0194223011440233,3,,,,0,138.57500186333058,19.924077358259932,0,500,500.03185378642189,500.00439841317024,0.0669352184171986,3,105.11882209659575,39.5,,45,0.064000000000000001,2,0,20.352333068847656,17.945999145507812,5.7224474289701215,3,99.678099433041552,0,0.96513124220911073,0.071943165057523281,3,27.788600109744994
160,3,139.99937382675623,139.99836498424023,0.0020118517730138238,3,0.004689589554751337,0.0033261217638382375,0.0072561592774038168,3,10.052925598600055,10.05174618619127,0.011190918640815868,3,101.23805996209892,101.24905431806182,0.020031048878165404,3,,,,0,140,0,0,500,499.96645965339877,499.99158658998414,0.04799883874728552,3,104.72224576942357,39.5,,45,0.064000000000000001,2,0,-2.5496665636698403,-5.6999998092651367,7.0147953690603968,3,99.576437941989298,0,0.96672640167851009,-0.010436805147343169,3,4.3970392062465713
161,3,139.99922472212268,139.99932565474506,0.002263767806921634,3,0.0029026954328211832,0.0046664768656621298,0.0038673359889930025,3,10.080229806694257,10.074012181514615,0.015157633493418664,3,101.23610163296978,101.24074076697369,0.01408209357542637,3,,,,0,140,0,0,500,499.96182104890278,499.95721745098393,0.043713697135161302,3,104.72229776256654,39.5,,45,0.064000000000000001,2,0,-2.685333251953125,-5.7389998435974121,7.2360639369813411,3,99.749119298697281,0,0.96670831354360631,-0.010697620739934291,3,4.5013940093060825
162,3,138.57486843612281,138.57474277986188,0.00050192318933407591,3,-19.927430654459972,-19.931181670118939,0.0075207927042923286,3,19.168590724802417,19.176263997469171,0.018354052233684529,3,99.070165070524482,99.068536896275745,0.02025739641353096,3,,,,0,138.57500186333058,-19.924077358259932,0,500,499.86432092117406,499.88986093785849,0.059365258609102925,3,104.30988015540395,39.5,,45,0.064000000000000001,2,0,-29.103333473205566,-28.260000228881836,14.347600813774218,3,98.561124368654035,0,0.96199440055833818,-0.098742315968013875,3,-16.46061978827845
163,3,134.32510504191808,134.32461239068752,0.0067563459833866286,3,-39.452190815831209,-39.464784441962323,0.02372487069397472,3,27.707869620823377,27.716490582702843,0.026489233371469263,3,95.964297873938577,95.952041686185325,0.027564013993817849,3,,,,0,134.32901630602964,-39.442557957800176,0,500,500.11997643928345,500.10085139380192,0.080736372633986989,3,103.95723255994737,39.5,,45,0.064000000000000001,2,0,-45.222000122070312,-45.978000640869141,4.3218800780586752,3,97.92368404447258,0,0.94740150022132941,-0.18383581812953848,3,-38.049897555658298
164,3,127.3497469560471,127.34919144767187,0.006971026605808131,3,-58.156603410069671,-58.158506873477585,0.0042742211635739226,3,35.177370184709055,35.19754730753624,0.053659949687874839,3,92.154690356444576,92.147264776057639,0.013538150761716255,3,,,,0,127.34847934963256,-58.158101820264129,0,500,499.76385270082233,499.75952530261293,0.046154267808334135,3,103.44238945809941,39.5,,45,0.064000000000000001,2,0,-70.268000284830734,-66.819000244140625,9.6713045865059364,3,97.852991887946303,0,0.92686096557664166,-0.26127573542246574,3,-61.889060398526581
165,3,117.76807765877918,117.77195166287034,0.0068988161354433808,3,-75.693142908522304,-75.69199787128295,0.012792223579846516,3,41.540171909022497,41.561134852566241,0.062269543843014752,3,87.846502043861378,87.838046358076355,0.018599004349589176,3,,,,0,117.77549459636533,-75.6897144437837,0,500,500.01541204376809,500.00551184346386,0.29188641991317416,3,102.99654706567799,39.5,,45,0.064000000000000001,2,0,-91.968666076660156,-91.873001098632812,0.4246600608476917,3,98.0449794848887,0,0.89994146241524453,-0.33013742603601914,3,-87.719243089266854
166,3,105.79940879446268,105.79556965393229,0.01239615610356332,3,-91.68143750387209,-91.682305118567513,0.0028103109517166203,3,45.788190077415969,45.747869594120523,0.083733342374854525,3,83.403779237658355,83.392651953612074,0.068348902669072453,3,,,,0,105.8049404095962,-91.680502752339848,0,500,499.83152554631079,499.72329752772555,0.52571862482721488,3,102.36039667519451,39.5,,45,0.064000000000000001,2,0,-128.80633544921875,-128.61700439453125,3.8674757171225336,3,99.19584353950988,0,0.87212822671231149,-0.38117308238241265,3,-118.89024824479588
167,3,91.674930640156234,91.682237380620677,0.024538110747239019,3,-105.80567837386992,-105.8192980321428,0.026227023733365686,3,47.787841609502898,47.814036722838587,0.07592627132080694,3,79.171844838228694,79.184048735346948,0.030178361670660396,3,,,,0,91.680502752339848,-105.8049404095962,0,500,500.3900181344772,500.48000208335861,0.27791607019832126,3,101.70108840951606,39.5,,45,0.064000000000000001,2,0,-162.82199605305991,-163.43299865722656,2.4630133059028347,3,98.378295832283357,0,0.84505888381539418,-0.41219466481747535,3,-154.87233348170582
168,3,75.69517507732975,75.703415805516798,0.019784886578121448,3,-117.77612619538138,-117.78177042084243,0.024289382463311651,3,45.173287101861973,45.228184578869993,0.13470383948374581,3,75.449568335511671,75.445838064409173,0.027013159341264307,3,,,,0,75.6897144437837,-117.77549459636533,0,500,499.71233061363063,499.69283165209617,0.54011184797611567,3,100.47491669007591,39.5,,45,0.064000000000000001,2,0,-215.29866536458334,-214.27499389648438,8.454111676106157,3,99.273503760319201,0,0.82594983052335169,-0.40138173014176992,3,-200.68353340454803
169,3,58.161061430117002,58.162909492807678,0.0098838528654171063,3,-127.35581369781369,-127.36545833043397,0.024335945544740112,3,35.400132587733857,35.395952501198856,0.13374151056855058,3,71.38442392371843,71.37511947478383,0.048539992389021118,3,,,,0,58.158101820264129,-127.34847934963256,0,500,499.90255128065581,500.22874172804893,0.60401697089561179,3,98.818075848686348,39.5,,45,0.064000000000000001,2,0,-262.98699951171875,-263.93798828125,4.6067181426158728,3,98.091129415022579,0,0.80486485207590508,-0.32056710661632948,3,-251.57908491753042
170,3,39.450867689659553,39.452158736500039,0.0036425126955115985,3,-134.32275929025744,-134.33508778971708,0.028405847442322128,3,18.093948341396963,18.065280945916253,0.08497919740180164,3,57.078385768995417,57.102038324129154,0.047499853140183707,3,,,,0,39.442557957800176,-134.32901630602964,0,500,499.91476874711697,499.66428602129787,0.46525497561042689,3,95.559907764678499,39.5,,45,0.064000000000000001,2,0,-269.47200520833331,-268.61199951171875,2.7036093047047736,3,97.727616808762491,0,0.68726565250879346,-0.16292494596791046,3,-257.66366497102626
171,3,19.919932843150438,19.920887653485085,0.0085933917433470095,3,-138.57453596463571,-138.58091693612528,0.014619055341826535,3,12.453428675693454,12.437107557654086,0.043374584469999214,3,22.119805257263021,22.107454740296333,0.026040669337810622,3,,,,0,19.924077358259932,-138.57500186333058,0,500,499.9927907028337,499.96709713459194,0.087995626922904108,3,86.150677366668376,39.5,,45,0.064000000000000001,2,0,-155.53833516438803,-156.77999877929688,2.3847047414871798,3,98.338705358888731,0,0.3597020534975986,-0.12975583379518266,3,-141.78245296124783
