recall,precision
0.0,0.0
0.0,0.0
0.0,0.0
0.0,0.0
0.0,0.0
0.0,0.0
0.0,0.0
0.0,0.0
0.0,0.0
0.0,0.0
0.0,0.0
0.0,0.0
0.0,0.0
0.0,0.0
0.0,0.0
0.0,0.0
0.0,0.0
0.0,0.0
0.0,0.0
0.0,0.0
0.0,0.0
0.0,0.0
0.0,0.0
0.0,0.0
0.0,0.0
0.0,0.0
0.0,0.0
0.0,0.0
0.0,0.0
0.0,0.0
0.0,0.0
0.0,0.0
0.0,0.0
0.0,0.0
0.0,0.0
0.0,0.0
0.0,0.0
0.0,0.0
0.0,0.0
0.0,0.0
0.0,0.0
0.0,0.0
0.0,0.0
0.0,0.0
0.0,0.0
0.0,0.0
0.0,0.0
0.0,0.0
0.0,0.0
0.0,0.0
0.0,0.0
0.0,0.0
0.0,0.0
0.0,0.0
0.0,0.0
0.0,0.0
0.0,0.0
0.0,0.0
0.0,0.0
0.0,0.0
0.0,0.0
0.0,0.0
0.0,0.0
0.0,0.0
0.0,0.0
0.0,0.0
0.0,0.0
0.0,0.0
0.0,0.0
0.0,0.0
0.0,0.0
0.0,0.0
0.0,0.0
0.0,0.0
0.0,0.0
0.0,0.0
0.0,0.0
0.0,0.0
0.0,0.0
0.0,0.0
0.0,0.0
0.0,0.0
0.0,0.0
0.0,0.0
0.0,0.0
0.0,0.0
0.0,0.0
0.0,0.0
0.0,0.0
0.0,0.0
0.0,0.0
0.0,0.0
0.0,0.0
0.0,0.0
0.0,0.0
0.0,0.0
0.0,0.0
0.0,0.0
0.0,0.0
0.0,0.0
0.0,0.0
0.0,0.0
0.0,0.0
0.0,0.0
0.0,0.0
0.0,0.0
0.0,0.0
0.0,0.0
0.0,0.0
0.0,0.0
0.0,0.0
0.0,0.0
0.0,0.0
0.0,0.0
0.0,0.0
0.0,0.0
0.003875968992248062,0.001483679525222552
0.003875968992248062,0.001379310344827586
0.007751937984496124,0.0024937655860349127
0.015503875968992248,0.0045871559633027525
0.01937984496124031,0.005313496280552604
0.023255813953488372,0.005813953488372093
0.023255813953488372,0.005405405405405406
0.023255813953488372,0.004962779156327543
0.023255813953488372,0.0045906656465187455
0.031007751937984496,0.005653710247349823
0.04263565891472868,0.007246376811594203
0.046511627906976744,0.0075
0.06201550387596899,0.009345794392523364
0.07751937984496124,0.011043622308117063
0.1124031007751938,0.015104166666666667
0.13953488372093023,0.017552413456850317
0.20930232558139536,0.024680073126142597
0.2751937984496124,0.030432918988426916
0.37209302325581395,0.038678485092667206
0.43023255813953487,0.042029534267322984
0.5426356589147286,0.0498220640569395
0.7015503875968992,0.060758643840214836
0.875968992248062,0.0729738456570875
1.0,0.08110657026092424
