fpr,tpr
0.0,0.0
0.0003419972640218878,0.0
0.0003419972640218878,0.0
0.0003419972640218878,0.0
0.0003419972640218878,0.0
0.0003419972640218878,0.0
0.0003419972640218878,0.0
0.0003419972640218878,0.0
0.0006839945280437756,0.0
0.0010259917920656635,0.0
0.0010259917920656635,0.0
0.0010259917920656635,0.0
0.0010259917920656635,0.0
0.0010259917920656635,0.0
0.0010259917920656635,0.0
0.0010259917920656635,0.0
0.0013679890560875513,0.0
0.0013679890560875513,0.0
0.0013679890560875513,0.0
0.0013679890560875513,0.0
0.0013679890560875513,0.0
0.0013679890560875513,0.0
0.0013679890560875513,0.0
0.0013679890560875513,0.0
0.0013679890560875513,0.0
0.0013679890560875513,0.0
0.0013679890560875513,0.0
0.0013679890560875513,0.0
0.0013679890560875513,0.0
0.0013679890560875513,0.0
0.0013679890560875513,0.0
0.001709986320109439,0.0
0.001709986320109439,0.0
0.002051983584131327,0.0
0.002051983584131327,0.0
0.002051983584131327,0.0
0.002051983584131327,0.0
0.0023939808481532147,0.0
0.0023939808481532147,0.0
0.0023939808481532147,0.0
0.0027359781121751026,0.0
0.0027359781121751026,0.0
0.0027359781121751026,0.0
0.003419972640218878,0.0
0.004445964432284542,0.0
0.005129958960328317,0.0
0.005471956224350205,0.0
0.006497948016415869,0.0
0.006497948016415869,0.0
0.006497948016415869,0.0
0.006839945280437756,0.0
0.007523939808481532,0.0
0.00786593707250342,0.0
0.008207934336525308,0.0
0.008549931600547196,0.0
0.009233926128590971,0.0
0.009575923392612859,0.0
0.010259917920656635,0.0
0.01094391244870041,0.0
0.011969904240766074,0.0
0.012995896032831737,0.0
0.015047879616963064,0.0
0.01573187414500684,0.0
0.016415868673050615,0.0
0.016757865937072503,0.0
0.01744186046511628,0.0
0.01880984952120383,0.0
0.02017783857729138,0.0
0.02188782489740082,0.0
0.022571819425444596,0.0
0.02359781121751026,0.0
0.024623803009575923,0.0
0.0253077975376197,0.0
0.026333789329685362,0.0
0.02838577291381669,0.0
0.02975376196990424,0.0
0.03112175102599179,0.0
0.032489740082079346,0.0
0.033515731874145006,0.0
0.03556771545827633,0.0
0.037277701778385776,0.0
0.03796169630642955,0.0
0.03898768809849521,0.0
0.04103967168262654,0.0
0.043091655266757865,0.0
0.046511627906976744,0.0
0.047879616963064295,0.0
0.04856361149110807,0.0
0.04958960328317374,0.0
0.05232558139534884,0.0
0.05369357045143639,0.0
0.05574555403556772,0.0
0.05984952120383037,0.0
0.06292749658002736,0.0
0.06634746922024624,0.0
0.06874145006839945,0.0
0.07216142270861833,0.0
0.0759233926128591,0.0
0.07831737346101231,0.0
0.08344733242134063,0.0
0.0872093023255814,0.0
0.09199726402188782,0.0
0.09678522571819426,0.0
0.10088919288645691,0.0
0.1039671682626539,0.0
0.11251709986320109,0.0
0.11696306429548564,0.0
0.12517099863201095,0.0
0.1323529411764706,0.0
0.1436388508891929,0.0
0.1545827633378933,0.0
0.16347469220246238,0.0
0.17339261285909713,0.0
0.18570451436388508,0.0
0.1997264021887825,0.0
0.21545827633378933,0.0
0.2301641586867305,0.003875968992248062
0.2476060191518468,0.003875968992248062
0.27359781121751026,0.007751937984496124
0.2968536251709986,0.015503875968992248
0.320109439124487,0.01937984496124031
0.3508891928864569,0.023255813953488372
0.37756497948016415,0.023255813953488372
0.4114227086183311,0.023255813953488372
0.44493844049247605,0.023255813953488372
0.48119015047879615,0.031007751937984496
0.5153898768809849,0.04263565891472868
0.5430916552667578,0.046511627906976744
0.5800273597811217,0.06201550387596899
0.6125170998632011,0.07751937984496124
0.6467168262653898,0.1124031007751938
0.689124487004104,0.13953488372093023
0.7298221614227086,0.20930232558139536
0.7735978112175103,0.2751937984496124
0.8160054719562243,0.37209302325581395
0.8652530779753762,0.43023255813953487
0.9131326949384405,0.5426356589147286
0.9569083447332422,0.7015503875968992
0.9818741450068399,0.875968992248062
0.9996580027359782,1.0
