id_key,iq_key,iq_mag_1000,r_d_1000,r_q_1000,delta_R_eq_1000,iq_mag_3000,r_d_3000,r_q_3000,delta_R_eq_3000
-97.49,22.25,22.274652243855122,-0.00024853477387183805,-0.0007791728614002964,0.004673743118168552,22.20740983627085,-5.798337745275758e-06,-0.0008257929185163425,0.0003281069768674946
-93.09,36.53,36.59429997786838,-0.00013461649472525962,-0.0009043401747017878,0.001540896409683671,36.51274300104926,3.585143270470881e-05,-0.0011446090751443747,-0.001233877143687018
-87.25,22.09,22.168218082688057,-0.0003074900132836386,-0.00047852059494911565,0.0058101699961080585,21.945203549407722,4.8873282342465005e-05,-0.0012556581164029391,-0.002798605980905594
-86.6,50.0,50.02857996190403,9.190505858932586e-05,-0.000940519705992484,-0.0007695021715236307,50.0970146784158,3.903818135095674e-06,-0.000894257594950737,-9.792365036434944e-05
-82.42,36.15,36.20964877368735,-0.00014612550215672288,-0.0010050371172623043,0.0016904032290651857,36.125133220491335,-9.430824317972764e-06,-0.0009569519143692567,0.00032805756827308655
-78.18,62.35,62.4141423125146,0.00013273405230420504,-0.0010902542802549084,-0.0008908158912919588,62.20097608792926,0.0001663020698160437,-0.0009681783762772248,-0.0033597759628228546
-75.34,49.23,49.18356283322374,5.7072318950354e-05,-0.0010684067338406437,-0.0004860647680086296,49.330450609337376,4.7639258143151314e-05,-0.0011114167001256524,-0.0012135558589579422
-73.56,14.63,14.705519330312395,-0.0003149230471973883,-0.0007924854593890926,0.008970418152065895,14.405967867906394,7.116636501072748e-05,-0.0008971765177627515,-0.006207864172693958
-69.29,28.7,28.63906730246961,-0.00011935667172385638,-0.0008729091096587767,0.0017457274432595843,28.806694415077633,-0.00010186517001061456,-0.0010524455950663304,0.004443673614901428
-68.02,73.31,73.42631292227017,0.00023928054632549323,-0.0009596377720290893,-0.001365036549915291,73.27783060448269,8.941573771268328e-05,-0.000868286436897691,-0.0015333850491818103
-66.22,60.96,60.93326786379712,8.546743475039593e-05,-0.0011080293043243365,-0.0005875364411948495,61.0894173787811,2.4943977231885184e-05,-0.0008152801888310843,-0.0005131089408635976
-62.36,41.67,41.68041177321129,-0.0003273225892843415,-0.0012468391885100023,0.0032895204185117684,41.645775977531926,1.7526229541528493e-05,-0.0011626857618537972,-0.0005288437800030388
-56.33,82.62,82.66580425180837,0.0004054083294257292,-0.0011583241429283866,-0.0020542598654995363,82.634108900765,0.00019965125118884958,-0.0009135045472529989,-0.003036145302991674
-56.1,21.28,21.338082330825547,-0.0004128198941814754,-0.0007868189321564387,0.008103895665404986,21.29959310168197,-3.786805483923031e-05,-0.0010951863999356052,0.002234146019986963
-55.28,71.02,71.12746013913453,0.00013299149996135254,-0.0011237915017713353,-0.0007832045334787088,71.0755181065478,0.00016904429256170764,-0.0010370568718790704,-0.002988755182041902
-53.03,53.03,52.938076698237445,-6.899374441095285e-05,-0.001162488457901123,0.0005459214591937701,53.10588542975266,5.8837619108416395e-05,-0.0010517519732172846,-0.0013922662654045975
-49.38,34.08,34.18713847046906,-0.00035590219791621636,-0.0010915251663464794,0.004360703197727856,34.09007752594642,-6.889776168359299e-05,-0.0010318760330674422,0.0025397267200605697
-43.39,90.1,90.11469201982058,0.0005104583546194572,-0.0012393640969575043,-0.0023727573249776694,90.19014320469577,0.00023301875613276207,-0.0007597698213410095,-0.0032466963080604247
-42.84,79.15,79.25731327027339,0.00024150812246365172,-0.0012190319652710425,-0.001276382980965268,79.24215781930332,0.00012598877639912603,-0.0007703641750018593,-0.001997953742111973
-41.67,62.36,62.411155976486356,-0.00022744174024998814,-0.001413612184714412,0.0015264990990996167,62.32440138157452,8.64565000511866e-05,-0.0009132506519520175,-0.0017432087554470571
-39.79,44.91,44.90509146333737,-0.00041288890659407773,-0.0012487068079910062,0.0038514675090201853,44.84269570941907,9.304916623150555e-06,-0.001023901009650963,-0.00026075379495452757
-29.48,95.56,95.55010479293713,0.0004909479394477508,-0.001121087422440728,-0.0021522508261768132,95.70889082541976,0.0003376118141435007,-0.0007048810201773052,-0.004432770188562856
-29.22,85.12,85.04363508204803,0.0003421998086655838,-0.0010894238824406197,-0.0016854914600431435,85.27373196787993,0.00030371597708560294,-0.001039731663961485,-0.004475713026137412
-28.7,69.29,69.20616030061409,4.823712205954955e-05,-0.0010495076549127368,-0.00029196126979513093,69.31867751344774,8.254726327684009e-05,-0.0007522354421795087,-0.001496450222000578
-27.88,53.13,53.11139986845936,-0.0003464527037116624,-0.0010954246301758154,0.002732403392347771,53.138080723966276,5.078602819801048e-05,-0.0010015192470692186,-0.0012010144959557353
-14.9,98.88,98.78222110248916,0.0005096178249531479,-0.0008225449885530672,-0.0021609983350480673,98.96046138633281,0.000593869304645285,-0.0004985796607664336,-0.007541175206864074
-14.81,88.77,88.62077275559524,0.0005142706115393962,-0.0011064765741128253,-0.0024307751255641386,88.86538514208598,0.00037720738705860485,-0.0007670024181212799,-0.005334054217706383
-14.63,73.56,73.65991611023964,1.497925144779838e-06,-0.0010779609678609782,-8.518193483368344e-06,73.47031150305583,5.847857208164664e-05,-0.0008418008519888893,-0.001000218176216558
-14.36,58.26,58.30669664954861,-0.000393801314989152,-0.0009310960406986798,0.0028290937158953764,58.151156514623835,-4.586352212072875e-07,-0.0008705628415615445,9.911032749692612e-06
0.0,15.0,15.02679976967535,-0.0012165546773881195,-0.0005359565348128257,0.03391202647495261,14.993171961077739,-0.00033725729194357054,-0.0006313612507456061,0.028266867971368178
0.0,30.0,30.010936914430992,-0.0009277665287937345,-0.0006412583005437119,0.012949343631691642,30.02507560616019,-0.00018057495572579643,-0.0007621580990776339,0.007557589020213142
0.0,45.0,44.88093467225016,-0.0004779739542457584,-0.000643832186033479,0.004460986903032498,44.973333636919506,-9.279844862999931e-05,-0.0006325488486389873,0.0025929581012087465
0.0,60.0,60.01883816934727,-0.0002695565562572111,-0.0007054634928015703,0.0018812691097089876,60.070300033716336,8.925242460285088e-05,-0.0006274114784989709,-0.0018671107771395376
0.0,75.0,74.93162369781663,0.0001303217547699853,-0.0008229299615256022,-0.0007285181648439239,75.06634911831085,0.00015167213233582486,-0.0007358451149010597,-0.002539044790626676
0.0,90.0,89.9322411528988,0.00033628274153004595,-0.0008090208391987284,-0.0015663101860932175,90.04183779554005,0.0004649331133079332,-0.0006891910677883084,-0.006488674549249069
0.0,100.0,100.10774226606202,0.0004765654753736727,-0.0008336271116638344,-0.001994084323547233,100.22386774134003,0.0005575877655960987,-0.0006158837619388291,-0.006991203463227393
