id_A,iq_A,endpoint_triangle_equivalent_ohm,rectangle_average_equivalent_ohm
-1258.5307377578147,229.41518159006716,0.012100920747518375,0.0032408679864500563
-1181.948757679742,-340.01644074896655,-0.006250535771793598,-0.0011560075828432176
-1135.033863860438,281.73947855555735,0.004990702062206238,0.0020444660888714857
-1096.6012852048677,170.907169637567,-0.0024249073061809465,0.0029471880152200283
-1063.2492445619312,-186.09572852969907,-0.004526650261011835,-0.00028168162855526734
-1031.8717604121305,317.3808289178029,0.008185111228357089,0.0017862651082041436
-1002.5671349061785,796.9399303170873,0.012456384689720363,-2.487725890702186e-05
-974.2495665334359,-179.14940120370912,-0.012321034628825799,4.540276182162332e-05
-946.2157161915898,-163.59014331866675,-0.006243358680757666,-0.00027807826936744135
-918.7113588361022,-771.6207976617534,-0.00313515313182859,-0.0009470660976516746
-896.5585788680801,244.90229989538875,0.004818838184807437,0.002600632744433521
-872.2275319490874,686.0040761510653,-0.007549959231259413,0.00038449424256977783
-847.814563958609,931.1527049133587,-0.004294748466609008,-6.575031449827673e-05
-823.0320993219007,-602.4311601308068,-0.011106377465670766,-0.0002546911420179145
-799.0457586381943,-134.2122121113662,0.0017785714907196772,0.0006766916884162273
-780.0369301603381,990.7917784066634,-0.003892577002117233,-1.57203469565509e-05
-752.6388605433108,1009.5579875175027,-0.0008046468300509019,-5.37013657044297e-05
-733.5113392270702,-263.5314171670819,0.0024066427331769853,0.0010525489153635076
-712.291636577801,811.229438477993,-0.00899061633774421,0.0004290062827149036
-693.820842012958,-572.3346129654575,-0.0024222090944110157,0.00025234970696183745
-670.3995502363865,921.1269665146137,0.002295074470465835,0.000282717696631848
-650.8674882729879,227.06394094961647,0.006061768416526218,0.0038627352487449313
-629.4402640076183,724.4140324929647,-0.0029247666060918313,0.0007831473582091533
-608.9850887230892,779.6610276397861,-0.009492802874436667,0.0008142106608771128
-595.5184751800556,715.2006870506569,0.0003030270822500759,0.0010825109777047265
-574.8384594496198,-480.5720077790832,-0.0009575605273621723,0.0012742004425328201
-559.2649840327855,-779.7093300921673,0.003972511330122898,0.0002518347708157785
-542.8486156721465,-966.8685992957212,0.00034004857464254803,-0.00022671004508930583
-529.037503414704,-236.7669025766817,-0.007543884993446323,0.0028135702242596365
-515.4790658407803,-343.8430514116155,-0.00807094022444034,0.002239556526482609
-500.6535109012055,431.2336171970957,-0.008031867933180043,0.003053846106823231
-486.2922031453439,315.89892286177036,0.008572445226915923,0.004026829256177477
-471.52011329986954,165.83237776554742,-0.007594540191939089,0.00569242662567865
-460.1776316787203,-319.1678345357489,-0.002769920092453876,0.0031227580737038575
-447.9006627903609,336.007483980562,0.00935394345200388,0.004017141216252993
-434.90214701243104,988.1038192289676,-0.008353790057042043,0.000628046159913822
-424.3227843261916,-381.809470149912,0.008515745044633906,0.0029104715430814583
-410.63771405572317,-248.80192765554656,0.009279622981010052,0.004271335026645462
-401.43626772738463,331.0091245488726,0.0012751102326762909,0.0044282161820740394
-385.0603776203678,285.6641934462322,0.0051443056555284935,0.0051065850546417
-376.618525059541,-297.5415487776622,-0.005891446598695861,0.004244756758902396
-364.4476899367207,164.46849022461174,-0.013397511362192017,0.006905820731965549
-350.8614818877156,1115.2857727378062,-0.013995873683688216,0.0007335688512040337
-342.4049060477855,-186.3220667412918,-0.00846260843492725,0.0057313168378918845
-329.26825575799006,-189.94407404102074,-0.0016166570326909496,0.006011268739332882
-319.63588993095397,358.3000694146098,0.0020820213687132885,0.005239105692828549
-307.72698238672984,-844.9788922371064,-0.0031810456139367248,0.001428530020681035
-295.586955563888,-1006.346412821549,0.004193648999288391,0.0008980997312310992
-286.88937368537296,527.4895162781435,0.00496001004299261,0.003907386063804577
-274.81590331431454,-599.9405800529489,0.0005533004070964559,0.0030651019298460367
-265.87003643222084,923.0943933054896,-0.001584843216732341,0.0017218696730597865
-253.00855819049335,1254.1850511687542,0.01037324303745385,0.0009790817693952712
-238.37448683480793,-227.96826076625715,0.0029302879093221303,0.00758503050843672
-234.18025418261053,574.1977292228316,0.004021620598299493,0.0040881395959995554
-221.09168428545073,284.1421223281473,0.0023502023558247707,0.007744501931585396
-210.101392921987,-1263.5817236597788,0.004863441999674587,0.0007017888522785644
-201.36030200229155,-368.34518962992087,-0.0011465203331261227,0.005961648722815071
-190.10909077410668,-329.2485081390943,-0.0011380085200426385,0.006813686102755535
-178.8352321431022,790.2114186855216,0.0005402274748231183,0.002885284259968422
-171.9956432597015,-137.2628137907863,0.005914394546496221,0.009592659254701971
-156.68905929133254,495.4891084533383,-0.002119616342671291,0.005533995228444824
-149.21534338783977,948.7899193109769,-0.0011865675642444428,0.0022891233519719135
-138.30821957199538,-460.0236093889118,0.0015778113266040382,0.00556396573257077
-126.31908207862283,-204.06386135165803,-0.0009898467057917987,0.008721113614211374
