N,id_A,iq_A,delta_R_error_ohm
50,-1258.5307377578147,229.41518159006716,6.993101726626098e-06
50,-1181.948757679742,-340.01644074896655,-1.3914844834998037e-05
50,-1135.033863860438,281.73947855555735,1.189401244973843e-05
50,-1096.6012852048677,170.907169637567,-2.0542375028026125e-06
50,-1063.2492445619312,-186.09572852969907,-4.310059848027783e-07
50,-1031.8717604121305,317.3808289178029,9.235227357440399e-06
50,-1002.5671349061785,796.9399303170873,-3.6156713406949242e-06
50,-974.2495665334359,-179.14940120370912,-8.290205492934203e-06
50,-946.2157161915898,-163.59014331866675,-1.1705892755733255e-05
50,-918.7113588361022,-771.6207976617534,5.179528630860019e-06
50,-896.5585788680801,244.90229989538875,1.1997603902022275e-05
50,-872.2275319490874,686.0040761510653,-1.379404646276042e-07
50,-847.814563958609,931.1527049133587,-5.699338134485446e-06
50,-823.0320993219007,-602.4311601308068,1.2328853319775335e-07
50,-799.0457586381943,-134.2122121113662,-8.138462439542912e-06
50,-780.0369301603381,990.7917784066634,-5.945087332133128e-07
50,-752.6388605433108,1009.5579875175027,-3.791973002883354e-06
50,-733.5113392270702,-263.5314171670819,-1.7415648852720043e-06
50,-712.291636577801,811.229438477993,-6.071339447482021e-06
50,-693.820842012958,-572.3346129654575,4.0220613215377556e-06
50,-670.3995502363865,921.1269665146137,-1.228490822771216e-05
50,-650.8674882729879,227.06394094961647,-6.77509052259169e-06
50,-629.4402640076183,724.4140324929647,-4.948063877446038e-06
50,-608.9850887230892,779.6610276397861,-5.575101573965127e-06
50,-595.5184751800556,715.2006870506569,-1.4087498546040255e-06
50,-574.8384594496198,-480.5720077790832,2.2987156191695782e-06
50,-559.2649840327855,-779.7093300921673,-2.9692598805310675e-07
50,-542.8486156721465,-966.8685992957212,6.4708764353477285e-06
50,-529.037503414704,-236.7669025766817,-2.0451619036970445e-06
50,-515.4790658407803,-343.8430514116155,1.3560509456748623e-06
50,-500.6535109012055,431.2336171970957,-5.094072396611034e-06
50,-486.2922031453439,315.89892286177036,-6.051391830073569e-06
50,-471.52011329986954,165.83237776554742,-1.9418657898192734e-06
50,-460.1776316787203,-319.1678345357489,-2.4239392335412974e-07
50,-447.9006627903609,336.007483980562,-2.087268353931533e-06
50,-434.90214701243104,988.1038192289676,3.3127164664724113e-07
50,-424.3227843261916,-381.809470149912,3.922945845301774e-06
50,-410.63771405572317,-248.80192765554656,-4.389566072571238e-07
50,-401.43626772738463,331.0091245488726,-1.8372049414260017e-07
50,-385.0603776203678,285.6641934462322,-4.138708213407942e-06
50,-376.618525059541,-297.5415487776622,2.674376764390772e-06
50,-364.4476899367207,164.46849022461174,-2.6806378179526635e-06
50,-350.8614818877156,1115.2857727378062,-1.2134102268208675e-05
50,-342.4049060477855,-186.3220667412918,-1.351055445049723e-06
50,-329.26825575799006,-189.94407404102074,2.689114303307434e-06
50,-319.63588993095397,358.3000694146098,4.777089267537019e-07
50,-307.72698238672984,-844.9788922371064,1.2197522776910335e-05
50,-295.586955563888,-1006.346412821549,2.1314149085657806e-06
50,-286.88937368537296,527.4895162781435,-4.447184562656695e-06
50,-274.81590331431454,-599.9405800529489,6.384262446941687e-06
50,-265.87003643222084,923.0943933054896,-1.3158102369268754e-05
50,-253.00855819049335,1254.1850511687542,-6.597909331789993e-06
50,-238.37448683480793,-227.96826076625715,1.028278294249764e-06
50,-234.18025418261053,574.1977292228316,-8.5452686957024e-06
50,-221.09168428545073,284.1421223281473,-7.266472039357819e-07
50,-210.101392921987,-1263.5817236597788,6.235051966580504e-06
50,-201.36030200229155,-368.34518962992087,-6.391253069715913e-07
50,-190.10909077410668,-329.2485081390943,3.5854211910572517e-06
50,-178.8352321431022,790.2114186855216,-8.11749691325813e-06
50,-171.9956432597015,-137.2628137907863,5.040351155963241e-07
50,-156.68905929133254,495.4891084533383,7.54889724158183e-06
50,-149.21534338783977,948.7899193109769,-1.8775300862562683e-05
50,-138.30821957199538,-460.0236093889118,5.156551356830935e-08
50,-126.31908207862283,-204.06386135165803,2.0041687850275158e-07
100,-1258.5307377578147,229.41518159006716,4.052379792122279e-06
100,-1181.948757679742,-340.01644074896655,-1.367627110053721e-06
100,-1135.033863860438,281.73947855555735,2.790418761609067e-06
100,-1096.6012852048677,170.907169637567,-3.244845356532508e-07
100,-1063.2492445619312,-186.09572852969907,-3.4119689701703616e-06
100,-1031.8717604121305,317.3808289178029,-1.1697982388002293e-06
100,-1002.5671349061785,796.9399303170873,-9.253030460073917e-07
100,-974.2495665334359,-179.14940120370912,-1.2910039507942799e-08
100,-946.2157161915898,-163.59014331866675,7.778259858989096e-07
100,-918.7113588361022,-771.6207976617534,3.853123684792719e-07
100,-896.5585788680801,244.90229989538875,8.071546563001575e-07
100,-872.2275319490874,686.0040761510653,-1.954793983072569e-06
100,-847.814563958609,931.1527049133587,-1.3077570120464385e-06
100,-823.0320993219007,-602.4311601308068,1.6175479472558011e-06
100,-799.0457586381943,-134.2122121113662,5.01347678253457e-07
100,-780.0369301603381,990.7917784066634,1.2492047588919227e-06
100,-752.6388605433108,1009.5579875175027,-6.806234671004094e-07
100,-733.5113392270702,-263.5314171670819,3.806198509306944e-07
100,-712.291636577801,811.229438477993,-1.0099690644048962e-06
100,-693.820842012958,-572.3346129654575,1.6355752408348857e-06
100,-670.3995502363865,921.1269665146137,-1.329042550279652e-06
100,-650.8674882729879,227.06394094961647,1.013217850343029e-06
100,-629.4402640076183,724.4140324929647,-1.0008513983963616e-06
100,-608.9850887230892,779.6610276397861,-8.293800639149525e-07
100,-595.5184751800556,715.2006870506569,-1.0499884933233648e-06
100,-574.8384594496198,-480.5720077790832,-8.26404431856706e-08
100,-559.2649840327855,-779.7093300921673,-2.2901985330733973e-07
100,-542.8486156721465,-966.8685992957212,2.2709737181125593e-06
100,-529.037503414704,-236.7669025766817,1.117344619299375e-06
100,-515.4790658407803,-343.8430514116155,6.540331744893033e-07
100,-500.6535109012055,431.2336171970957,-2.38433475485602e-07
100,-486.2922031453439,315.89892286177036,4.663854172616555e-07
100,-471.52011329986954,165.83237776554742,-1.3757131777569417e-06
100,-460.1776316787203,-319.1678345357489,5.402948611149538e-07
100,-447.9006627903609,336.007483980562,-5.621908611514945e-07
100,-434.90214701243104,988.1038192289676,2.7195677640715283e-06
100,-424.3227843261916,-381.809470149912,1.1126223447774364e-08
100,-410.63771405572317,-248.80192765554656,-4.803725617043286e-07
100,-401.43626772738463,331.0091245488726,8.153779995885915e-07
100,-385.0603776203678,285.6641934462322,-1.134049322800909e-06
100,-376.618525059541,-297.5415487776622,3.710612007795655e-07
100,-364.4476899367207,164.46849022461174,-4.811800672814906e-07
100,-350.8614818877156,1115.2857727378062,-7.891163792718425e-09
100,-342.4049060477855,-186.3220667412918,-6.109176384598569e-07
100,-329.26825575799006,-189.94407404102074,4.4328712889545735e-07
100,-319.63588993095397,358.3000694146098,-4.921490548677812e-07
100,-307.72698238672984,-844.9788922371064,1.5121230492640917e-06
100,-295.586955563888,-1006.346412821549,1.3356197336276835e-06
100,-286.88937368537296,527.4895162781435,-5.6190707213577e-07
100,-274.81590331431454,-599.9405800529489,8.774063352061899e-07
100,-265.87003643222084,923.0943933054896,-7.913055682948287e-07
100,-253.00855819049335,1254.1850511687542,-4.1812637887814197e-07
100,-238.37448683480793,-227.96826076625715,3.190392985474161e-07
100,-234.18025418261053,574.1977292228316,-1.3368439992968856e-06
100,-221.09168428545073,284.1421223281473,-7.37607487178403e-07
100,-210.101392921987,-1263.5817236597788,2.6062848691757153e-06
100,-201.36030200229155,-368.34518962992087,-4.223345601191142e-09
100,-190.10909077410668,-329.2485081390943,-1.0261841226965815e-06
100,-178.8352321431022,790.2114186855216,-8.474917559237426e-07
100,-171.9956432597015,-137.2628137907863,-9.419286889789796e-07
100,-156.68905929133254,495.4891084533383,4.3330789687000965e-06
100,-149.21534338783977,948.7899193109769,7.481101880085252e-07
100,-138.30821957199538,-460.0236093889118,3.484603162580424e-07
100,-126.31908207862283,-204.06386135165803,2.1000973634260206e-06
250,-1258.5307377578147,229.41518159006716,4.7655795899770315e-07
250,-1181.948757679742,-340.01644074896655,-9.303668318104853e-07
250,-1135.033863860438,281.73947855555735,-4.5449959472972784e-07
250,-1096.6012852048677,170.907169637567,3.6522514449462834e-07
250,-1063.2492445619312,-186.09572852969907,-3.6318272644787417e-07
250,-1031.8717604121305,317.3808289178029,2.6867610266614016e-07
250,-1002.5671349061785,796.9399303170873,-4.0434966475719604e-08
250,-974.2495665334359,-179.14940120370912,-9.77322242155073e-07
250,-946.2157161915898,-163.59014331866675,-2.041406644767707e-07
250,-918.7113588361022,-771.6207976617534,2.0433447675343667e-07
250,-896.5585788680801,244.90229989538875,1.0834148319368436e-07
250,-872.2275319490874,686.0040761510653,-1.611598254163977e-07
250,-847.814563958609,931.1527049133587,-1.8707184070268815e-07
250,-823.0320993219007,-602.4311601308068,8.842996671547384e-08
250,-799.0457586381943,-134.2122121113662,-7.359700864256573e-08
250,-780.0369301603381,990.7917784066634,-2.679755631895196e-07
250,-752.6388605433108,1009.5579875175027,-2.973748513301525e-07
250,-733.5113392270702,-263.5314171670819,3.6567698542822047e-07
250,-712.291636577801,811.229438477993,-2.778922593862465e-07
250,-693.820842012958,-572.3346129654575,2.777183114583532e-07
250,-670.3995502363865,921.1269665146137,-2.1154373942340208e-07
250,-650.8674882729879,227.06394094961647,-2.0695467634100975e-07
250,-629.4402640076183,724.4140324929647,-3.511864246052423e-07
250,-608.9850887230892,779.6610276397861,-2.918034954658283e-07
250,-595.5184751800556,715.2006870506569,-3.291810762497821e-07
250,-574.8384594496198,-480.5720077790832,1.7122844397942684e-07
250,-559.2649840327855,-779.7093300921673,6.437465017148682e-08
250,-542.8486156721465,-966.8685992957212,1.4950766247563024e-07
250,-529.037503414704,-236.7669025766817,-9.052464031459803e-08
250,-515.4790658407803,-343.8430514116155,-1.5476621579441074e-07
250,-500.6535109012055,431.2336171970957,-1.366104686547666e-07
250,-486.2922031453439,315.89892286177036,-1.487183834232228e-07
250,-471.52011329986954,165.83237776554742,2.273495548999957e-07
250,-460.1776316787203,-319.1678345357489,-2.802783531305475e-09
250,-447.9006627903609,336.007483980562,-2.6822016710101315e-08
250,-434.90214701243104,988.1038192289676,-3.7465789889728693e-07
250,-424.3227843261916,-381.809470149912,1.5540787262841374e-07
250,-410.63771405572317,-248.80192765554656,2.1232918439965942e-08
250,-401.43626772738463,331.0091245488726,-1.6251865308375413e-07
250,-385.0603776203678,285.6641934462322,-1.151768858802596e-07
250,-376.618525059541,-297.5415487776622,4.866953347802683e-08
250,-364.4476899367207,164.46849022461174,-6.549599937746842e-08
250,-350.8614818877156,1115.2857727378062,-1.9553200153303064e-07
250,-342.4049060477855,-186.3220667412918,-2.854255425933927e-08
250,-329.26825575799006,-189.94407404102074,8.946414513464479e-08
250,-319.63588993095397,358.3000694146098,-1.1268602586635146e-07
250,-307.72698238672984,-844.9788922371064,7.069361574877416e-07
250,-295.586955563888,-1006.346412821549,1.0555231170984898e-08
250,-286.88937368537296,527.4895162781435,-1.4614722709544586e-07
250,-274.81590331431454,-599.9405800529489,5.736700041912568e-08
250,-265.87003643222084,923.0943933054896,-2.241222109506183e-08
250,-253.00855819049335,1254.1850511687542,4.350449169365084e-07
250,-238.37448683480793,-227.96826076625715,6.161748667202205e-08
250,-234.18025418261053,574.1977292228316,1.8169066561078e-07
250,-221.09168428545073,284.1421223281473,-6.16623765875915e-08
250,-210.101392921987,-1263.5817236597788,2.676526988996779e-07
250,-201.36030200229155,-368.34518962992087,1.5706835574183509e-07
250,-190.10909077410668,-329.2485081390943,-1.4225394417630155e-07
250,-178.8352321431022,790.2114186855216,-5.364140918664648e-07
250,-171.9956432597015,-137.2628137907863,-2.4827360488484385e-07
250,-156.68905929133254,495.4891084533383,-3.3176063783408455e-07
250,-149.21534338783977,948.7899193109769,-5.088838999269679e-07
250,-138.30821957199538,-460.0236093889118,-7.362794657815586e-09
250,-126.31908207862283,-204.06386135165803,2.920127489033225e-07
500,-1258.5307377578147,229.41518159006716,7.7652340330428e-08
500,-1181.948757679742,-340.01644074896655,-1.4181185878348566e-07
500,-1135.033863860438,281.73947855555735,-3.492602351036142e-08
500,-1096.6012852048677,170.907169637567,2.39810266703961e-07
500,-1063.2492445619312,-186.09572852969907,9.165203708922124e-08
500,-1031.8717604121305,317.3808289178029,2.4929189131397966e-08
500,-1002.5671349061785,796.9399303170873,-1.6996974574627404e-08
500,-974.2495665334359,-179.14940120370912,-1.3812799659887253e-07
500,-946.2157161915898,-163.59014331866675,6.650494941784577e-08
500,-918.7113588361022,-771.6207976617534,3.478224179845595e-08
500,-896.5585788680801,244.90229989538875,6.125819974975993e-09
500,-872.2275319490874,686.0040761510653,-7.425424866338215e-08
500,-847.814563958609,931.1527049133587,-2.667944719849855e-08
500,-823.0320993219007,-602.4311601308068,1.4346535086274485e-08
500,-799.0457586381943,-134.2122121113662,-1.909520913560142e-07
500,-780.0369301603381,990.7917784066634,-7.077379601804905e-08
500,-752.6388605433108,1009.5579875175027,-6.497404153645855e-08
500,-733.5113392270702,-263.5314171670819,9.473001169211723e-08
500,-712.291636577801,811.229438477993,-4.632398211367166e-08
500,-693.820842012958,-572.3346129654575,1.3447282986309497e-07
500,-670.3995502363865,921.1269665146137,-5.645925338864212e-08
500,-650.8674882729879,227.06394094961647,-7.817391232522314e-08
500,-629.4402640076183,724.4140324929647,-3.772652009943842e-08
500,-608.9850887230892,779.6610276397861,-6.073828246638043e-08
500,-595.5184751800556,715.2006870506569,-2.7063166261167074e-08
500,-574.8384594496198,-480.5720077790832,1.0165598394095907e-08
500,-559.2649840327855,-779.7093300921673,5.069121368863651e-08
500,-542.8486156721465,-966.8685992957212,5.876504231659826e-08
500,-529.037503414704,-236.7669025766817,5.801747628327025e-08
500,-515.4790658407803,-343.8430514116155,-3.8153319115597634e-08
500,-500.6535109012055,431.2336171970957,-2.2251643794907183e-08
500,-486.2922031453439,315.89892286177036,-9.64029709185632e-08
500,-471.52011329986954,165.83237776554742,5.8418798200808586e-08
500,-460.1776316787203,-319.1678345357489,2.9022514102909625e-08
500,-447.9006627903609,336.007483980562,8.550807197721388e-11
500,-434.90214701243104,988.1038192289676,-1.575442302364843e-07
500,-424.3227843261916,-381.809470149912,7.882883222912196e-09
500,-410.63771405572317,-248.80192765554656,6.052662624225769e-08
500,-401.43626772738463,331.0091245488726,-4.732629189929671e-08
500,-385.0603776203678,285.6641934462322,-2.4500479285996524e-08
500,-376.618525059541,-297.5415487776622,1.0950235806647668e-08
500,-364.4476899367207,164.46849022461174,-3.9211128290486674e-08
500,-350.8614818877156,1115.2857727378062,-6.830228778810336e-08
500,-342.4049060477855,-186.3220667412918,-3.266326546735865e-08
500,-329.26825575799006,-189.94407404102074,1.7014155609569592e-08
500,-319.63588993095397,358.3000694146098,-3.84818083683236e-08
500,-307.72698238672984,-844.9788922371064,6.327221597026735e-08
500,-295.586955563888,-1006.346412821549,1.486209269489086e-07
500,-286.88937368537296,527.4895162781435,-6.702579087927707e-08
500,-274.81590331431454,-599.9405800529489,-1.852646787110085e-08
500,-265.87003643222084,923.0943933054896,-4.17624384043986e-08
500,-253.00855819049335,1254.1850511687542,-1.0429092369020586e-07
500,-238.37448683480793,-227.96826076625715,3.204541773518116e-08
500,-234.18025418261053,574.1977292228316,-1.0021364361696011e-07
500,-221.09168428545073,284.1421223281473,-3.177926938355974e-08
500,-210.101392921987,-1263.5817236597788,1.7463944992739122e-07
500,-201.36030200229155,-368.34518962992087,1.477509084784473e-08
500,-190.10909077410668,-329.2485081390943,-9.645745424006341e-08
500,-178.8352321431022,790.2114186855216,5.16867394726242e-08
500,-171.9956432597015,-137.2628137907863,-1.152585848498977e-07
500,-156.68905929133254,495.4891084533383,-1.6748048037827645e-08
500,-149.21534338783977,948.7899193109769,1.0024280968799412e-07
500,-138.30821957199538,-460.0236093889118,2.7322042625739507e-08
500,-126.31908207862283,-204.06386135165803,5.9162698214446086e-08
1000,-1258.5307377578147,229.41518159006716,-1.4854195088797456e-08
1000,-1181.948757679742,-340.01644074896655,-6.874551461682338e-08
1000,-1135.033863860438,281.73947855555735,-1.0869335634235838e-08
1000,-1096.6012852048677,170.907169637567,3.408353623293725e-08
1000,-1063.2492445619312,-186.09572852969907,-2.103366311835943e-08
1000,-1031.8717604121305,317.3808289178029,-2.54928583449162e-08
1000,-1002.5671349061785,796.9399303170873,-1.6891965432295304e-08
1000,-974.2495665334359,-179.14940120370912,-4.84572231882556e-08
1000,-946.2157161915898,-163.59014331866675,-2.5460781198421642e-08
1000,-918.7113588361022,-771.6207976617534,7.986931536497002e-09
1000,-896.5585788680801,244.90229989538875,-3.69316964076577e-09
1000,-872.2275319490874,686.0040761510653,-1.1853408250544952e-08
1000,-847.814563958609,931.1527049133587,-9.67279855100837e-09
1000,-823.0320993219007,-602.4311601308068,-5.9163299349148e-09
1000,-799.0457586381943,-134.2122121113662,-8.858487864581675e-09
1000,-780.0369301603381,990.7917784066634,-5.755172310190694e-09
1000,-752.6388605433108,1009.5579875175027,-1.4562606760763405e-08
1000,-733.5113392270702,-263.5314171670819,3.7312866299314684e-08
1000,-712.291636577801,811.229438477993,-2.6470413518444105e-10
1000,-693.820842012958,-572.3346129654575,3.721848536325121e-08
1000,-670.3995502363865,921.1269665146137,-1.5889473387758514e-08
1000,-650.8674882729879,227.06394094961647,-2.4137856431509508e-09
1000,-629.4402640076183,724.4140324929647,-7.16327122369121e-09
1000,-608.9850887230892,779.6610276397861,-1.411434214469709e-08
1000,-595.5184751800556,715.2006870506569,-9.537616796166659e-09
1000,-574.8384594496198,-480.5720077790832,-6.900729879015521e-10
1000,-559.2649840327855,-779.7093300921673,-2.3108435720509135e-09
1000,-542.8486156721465,-966.8685992957212,1.1422187696868112e-08
1000,-529.037503414704,-236.7669025766817,4.647181899280345e-09
1000,-515.4790658407803,-343.8430514116155,-3.9767617701462477e-08
1000,-500.6535109012055,431.2336171970957,-5.279103581796313e-09
1000,-486.2922031453439,315.89892286177036,-2.007108659135559e-08
1000,-471.52011329986954,165.83237776554742,-3.878572247227596e-09
1000,-460.1776316787203,-319.1678345357489,5.380427531460896e-09
1000,-447.9006627903609,336.007483980562,-1.820147208647649e-08
1000,-434.90214701243104,988.1038192289676,-1.207665183231444e-08
1000,-424.3227843261916,-381.809470149912,1.0124021711677839e-08
1000,-410.63771405572317,-248.80192765554656,1.200530753975304e-08
1000,-401.43626772738463,331.0091245488726,-1.085178927447139e-08
1000,-385.0603776203678,285.6641934462322,-4.223110736112368e-09
1000,-376.618525059541,-297.5415487776622,5.248634149697395e-09
1000,-364.4476899367207,164.46849022461174,-8.52966421712592e-09
1000,-350.8614818877156,1115.2857727378062,-1.4486392595366125e-08
1000,-342.4049060477855,-186.3220667412918,-1.5695675095565853e-08
1000,-329.26825575799006,-189.94407404102074,1.4946848734403995e-08
1000,-319.63588993095397,358.3000694146098,-1.0631973104864578e-08
1000,-307.72698238672984,-844.9788922371064,2.645926757425046e-09
1000,-295.586955563888,-1006.346412821549,1.885468543338757e-09
1000,-286.88937368537296,527.4895162781435,-7.075255880305276e-09
1000,-274.81590331431454,-599.9405800529489,4.888051168688845e-09
1000,-265.87003643222084,923.0943933054896,-1.0551470376683053e-08
1000,-253.00855819049335,1254.1850511687542,-1.1803837863090874e-08
1000,-238.37448683480793,-227.96826076625715,1.1180278327270476e-08
1000,-234.18025418261053,574.1977292228316,-1.0750115929381021e-08
1000,-221.09168428545073,284.1421223281473,1.277964732301906e-09
1000,-210.101392921987,-1263.5817236597788,1.1727000360150716e-08
1000,-201.36030200229155,-368.34518962992087,-5.7280145661364745e-09
1000,-190.10909077410668,-329.2485081390943,-2.0656962723686334e-08
1000,-178.8352321431022,790.2114186855216,3.666848014897278e-09
1000,-171.9956432597015,-137.2628137907863,-6.03760357438532e-08
1000,-156.68905929133254,495.4891084533383,-1.1515195290356939e-09
1000,-149.21534338783977,948.7899193109769,-5.511006699468815e-08
1000,-138.30821957199538,-460.0236093889118,-1.7345387799683198e-10
1000,-126.31908207862283,-204.06386135165803,5.629820446807765e-08
2000,-1258.5307377578147,229.41518159006716,1.622763449657394e-09
2000,-1181.948757679742,-340.01644074896655,-1.787323203870407e-08
2000,-1135.033863860438,281.73947855555735,-1.7459878490916347e-09
2000,-1096.6012852048677,170.907169637567,-4.215509230749703e-09
2000,-1063.2492445619312,-186.09572852969907,-1.51863669346536e-08
2000,-1031.8717604121305,317.3808289178029,-3.97739689079156e-09
2000,-1002.5671349061785,796.9399303170873,-4.19859454049308e-09
2000,-974.2495665334359,-179.14940120370912,-2.83740550981415e-08
2000,-946.2157161915898,-163.59014331866675,-6.127239122978231e-10
2000,-918.7113588361022,-771.6207976617534,2.7725537131992675e-09
2000,-896.5585788680801,244.90229989538875,1.375653662163967e-10
2000,-872.2275319490874,686.0040761510653,-4.592358893227948e-09
2000,-847.814563958609,931.1527049133587,-5.040033061146261e-09
2000,-823.0320993219007,-602.4311601308068,2.9952841337863717e-09
2000,-799.0457586381943,-134.2122121113662,-2.1155252941042375e-08
2000,-780.0369301603381,990.7917784066634,-4.360105531523264e-09
2000,-752.6388605433108,1009.5579875175027,-2.9219485842392826e-09
2000,-733.5113392270702,-263.5314171670819,8.54805830697962e-09
2000,-712.291636577801,811.229438477993,-1.352108843942143e-09
2000,-693.820842012958,-572.3346129654575,-6.435380996540688e-10
2000,-670.3995502363865,921.1269665146137,-1.7655043554496916e-09
2000,-650.8674882729879,227.06394094961647,-7.2412988118795985e-09
2000,-629.4402640076183,724.4140324929647,-4.2618700550004635e-10
2000,-608.9850887230892,779.6610276397861,-1.2185498383986484e-09
2000,-595.5184751800556,715.2006870506569,1.7990038625459448e-09
2000,-574.8384594496198,-480.5720077790832,5.321812706227808e-10
2000,-559.2649840327855,-779.7093300921673,1.8415688386123202e-09
2000,-542.8486156721465,-966.8685992957212,3.2940870559159015e-09
2000,-529.037503414704,-236.7669025766817,1.0479583529079961e-09
2000,-515.4790658407803,-343.8430514116155,-1.611650974524606e-08
2000,-500.6535109012055,431.2336171970957,7.264370428979039e-10
2000,-486.2922031453439,315.89892286177036,-5.01015409107991e-09
2000,-471.52011329986954,165.83237776554742,-4.025546231425925e-09
2000,-460.1776316787203,-319.1678345357489,5.246767026921562e-10
2000,-447.9006627903609,336.007483980562,-1.3230707337011371e-09
2000,-434.90214701243104,988.1038192289676,-9.43314777289081e-09
2000,-424.3227843261916,-381.809470149912,1.1040898694435197e-09
2000,-410.63771405572317,-248.80192765554656,3.836049578681555e-09
2000,-401.43626772738463,331.0091245488726,-5.006812802028915e-09
2000,-385.0603776203678,285.6641934462322,-1.5992325822986042e-09
2000,-376.618525059541,-297.5415487776622,2.518397954585916e-09
2000,-364.4476899367207,164.46849022461174,2.4652687270060314e-10
2000,-350.8614818877156,1115.2857727378062,-6.683896189448556e-09
2000,-342.4049060477855,-186.3220667412918,-8.05599490068254e-09
2000,-329.26825575799006,-189.94407404102074,-2.1300029622028926e-09
2000,-319.63588993095397,358.3000694146098,-2.083855761558784e-09
2000,-307.72698238672984,-844.9788922371064,3.039448813078535e-09
2000,-295.586955563888,-1006.346412821549,2.3839780795070417e-09
2000,-286.88937368537296,527.4895162781435,-5.610199940893346e-09
2000,-274.81590331431454,-599.9405800529489,2.3966072633385682e-09
2000,-265.87003643222084,923.0943933054896,2.2811272356714624e-09
2000,-253.00855819049335,1254.1850511687542,-8.901500870607537e-09
2000,-238.37448683480793,-227.96826076625715,2.377887675826529e-09
2000,-234.18025418261053,574.1977292228316,1.174389379146601e-10
2000,-221.09168428545073,284.1421223281473,2.135632769587059e-09
2000,-210.101392921987,-1263.5817236597788,-3.778377644070817e-09
2000,-201.36030200229155,-368.34518962992087,-4.745909169129314e-10
2000,-190.10909077410668,-329.2485081390943,-3.5676365585726733e-09
2000,-178.8352321431022,790.2114186855216,-1.229187838319712e-09
2000,-171.9956432597015,-137.2628137907863,-1.9694401184530697e-08
2000,-156.68905929133254,495.4891084533383,1.917894911461493e-09
2000,-149.21534338783977,948.7899193109769,-7.94823085429816e-09
2000,-138.30821957199538,-460.0236093889118,9.062617592134337e-10
2000,-126.31908207862283,-204.06386135165803,-5.655082513378318e-10
