id_A,iq_A,analytic_loop_Weber_A,interpolated_loop_Weber_A,path_equivalent_ohm
-1258.5307377578147,229.41518159006716,1.4210854715202004e-14,-0.07301402447714622,7.944566025747183e-05
-1181.948757679742,-340.01644074896655,1.4210854715202004e-14,-0.0369129452563044,-2.885559314196338e-05
-1135.033863860438,281.73947855555735,-2.842170943040401e-14,-0.03237284395041229,3.1803447567891135e-05
-1096.6012852048677,170.907169637567,-1.4210854715202004e-14,-0.01950393265394723,3.2693621384361467e-05
-1063.2492445619312,-186.09572852969907,0.0,-0.008952154757480457,-1.4213661430608029e-05
-1031.8717604121305,317.3808289178029,0.0,-0.010190425068145714,9.775427416526788e-06
-1002.5671349061785,796.9399303170873,-4.263256414560601e-14,-0.0033953529701165053,1.3350445250910721e-06
-974.2495665334359,-179.14940120370912,-1.4210854715202004e-14,-0.0029680761322197213,-5.342435986500646e-06
-946.2157161915898,-163.59014331866675,2.842170943040401e-14,-0.0030433325709822157,-6.176635833332551e-06
-918.7113588361022,-771.6207976617534,0.0,0.0013614609527152766,6.033537996401894e-07
-896.5585788680801,244.90229989538875,2.842170943040401e-14,-0.0009437196281112392,1.3502722003644386e-06
-872.2275319490874,686.0040761510653,-1.4210854715202004e-14,0.0009238227266266108,-4.850449946597275e-07
-847.814563958609,931.1527049133587,-2.842170943040401e-14,0.0014415306871597977,-5.736565844994222e-07
-823.0320993219007,-602.4311601308068,1.4210854715202004e-14,0.00195596971992984,1.2393323871552455e-06
-799.0457586381943,-134.2122121113662,1.4210854715202004e-14,0.0004313975941130366,1.2637579663859915e-06
-780.0369301603381,990.7917784066634,0.0,0.00182739630477613,-7.428225110539788e-07
-752.6388605433108,1009.5579875175027,1.4210854715202004e-14,0.001835862655099163,-7.590530904225156e-07
-733.5113392270702,-263.5314171670819,0.0,0.0007349159363627678,1.1943959119684772e-06
-712.291636577801,811.229438477993,1.4210854715202004e-14,0.0013739668103909253,-7.470068208983721e-07
-693.820842012958,-572.3346129654575,-1.4210854715202004e-14,0.001912841697922829,1.5133227116943422e-06
-670.3995502363865,921.1269665146137,-1.4210854715202004e-14,0.001605194607563476,-8.166281639556315e-07
-650.8674882729879,227.06394094961647,0.0,0.00010556809462514138,-2.2440979350114736e-07
-629.4402640076183,724.4140324929647,-1.4210854715202004e-14,0.0014519125765559693,-1.0003430636101433e-06
-608.9850887230892,779.6610276397861,-1.4210854715202004e-14,0.0014213523656110283,-9.40457435601222e-07
-595.5184751800556,715.2006870506569,-1.4210854715202004e-14,0.0015028610248037921,-1.108525101795345e-06
-574.8384594496198,-480.5720077790832,0.0,0.0007825298999719621,8.899108995126711e-07
-559.2649840327855,-779.7093300921673,-1.4210854715202004e-14,0.002617147938977382,1.8855054216533818e-06
-542.8486156721465,-966.8685992957212,0.0,0.013872050536157587,8.303177924628352e-06
-529.037503414704,-236.7669025766817,-7.105427357601002e-15,0.00044843980789721627,1.124725593209262e-06
-515.4790658407803,-343.8430514116155,-7.105427357601002e-15,0.0004611701473180574,8.174096757353412e-07
-500.6535109012055,431.2336171970957,-1.4210854715202004e-14,0.00017510424367372934,-2.547983836823484e-07
-486.2922031453439,315.89892286177036,0.0,0.00012110164932721545,-2.4765920766791943e-07
-471.52011329986954,165.83237776554742,0.0,0.0001183789394403334,-4.7561414993378836e-07
-460.1776316787203,-319.1678345357489,-1.4210854715202004e-14,0.0004157470150758513,8.892715344791625e-07
-447.9006627903609,336.007483980562,-1.4210854715202004e-14,7.390409378160712e-05,-1.5427221425264653e-07
-434.90214701243104,988.1038192289676,7.105427357601002e-15,0.0018362459405310005,-1.3424143678484437e-06
-424.3227843261916,-381.809470149912,0.0,0.0005426449858987326,1.0522589269699094e-06
-410.63771405572317,-248.80192765554656,7.105427357601002e-15,0.0004067819011766005,1.2508318177613546e-06
-401.43626772738463,331.0091245488726,7.105427357601002e-15,0.00011680712745487654,-2.761611894826842e-07
-385.0603776203678,285.6641934462322,1.4210854715202004e-14,8.158100312982697e-05,-2.3299911650796426e-07
-376.618525059541,-297.5415487776622,7.105427357601002e-15,0.0003920462949196235,1.0991018251255457e-06
-364.4476899367207,164.46849022461174,7.105427357601002e-15,8.82169944915745e-05,-4.6236422403320283e-07
-350.8614818877156,1115.2857727378062,1.4210854715202004e-14,0.001847039967444175,-1.4828742042358102e-06
-342.4049060477855,-186.3220667412918,0.0,0.00022120894696087134,1.0893019710080542e-06
-329.26825575799006,-189.94407404102074,-7.105427357601002e-15,0.00021970441373042604,1.1036034324356742e-06
-319.63588993095397,358.3000694146098,0.0,0.0001034650468980658,-2.838187622396757e-07
-307.72698238672984,-844.9788922371064,0.0,0.002616699382812726,3.161493303459322e-06
-295.586955563888,-1006.346412821549,2.1316282072803006e-14,0.017185517813544493,1.8150129484735665e-05
-286.88937368537296,527.4895162781435,0.0,0.00013624239105425318,-2.8283544514911417e-07
-274.81590331431454,-599.9405800529489,7.105427357601002e-15,0.0018587341121190093,3.5417429824497383e-06
-265.87003643222084,923.0943933054896,0.0,0.0014837273290950748,-1.8992776628249726e-06
-253.00855819049335,1254.1850511687542,-2.1316282072803006e-14,0.0023274837105589086,-2.3043035614637842e-06
-238.37448683480793,-227.96826076625715,0.0,0.00035554064660558993,2.055440803232954e-06
-234.18025418261053,574.1977292228316,-1.4210854715202004e-14,7.929591291144789e-05,-1.852631023701697e-07
-221.09168428545073,284.1421223281473,0.0,4.164323020816596e-05,-2.0825059662193822e-07
-210.101392921987,-1263.5817236597788,0.0,0.029986383347420542,3.548474544205991e-05
-201.36030200229155,-368.34518962992087,3.552713678800501e-15,0.0004787402011032782,2.02778036789313e-06
-190.10909077410668,-329.2485081390943,3.552713678800501e-15,0.0003433700673394213,1.7233980839437103e-06
-178.8352321431022,790.2114186855216,-3.552713678800501e-15,0.0013439964561854367,-2.9878006159921325e-06
-171.9956432597015,-137.2628137907863,3.552713678800501e-15,0.00011643504127079041,1.5493988547901782e-06
-156.68905929133254,495.4891084533383,-3.552713678800501e-15,4.272982249986512e-05,-1.7290524823584716e-07
-149.21534338783977,948.7899193109769,1.0658141036401503e-14,0.00163169169729116,-3.6207991271259606e-06
-138.30821957199538,-460.0236093889118,3.552713678800501e-15,0.0006075271389747172,2.9997664526488056e-06
-126.31908207862283,-204.06386135165803,-3.552713678800501e-15,0.0002178533703176555,2.6550890672455947e-06
