id_key,iq_key,id,iq,W_A,W_B,delta_W,relative_difference,delta_R_eq_path,R_eq_path,exact_W_A,exact_W_B,exact_delta_R_eq_path,exact_R_eq_path
-97.49,-22.25,-97.45364114022009,-22.397993121356222,-2.978658820609085,-3.0207626452449388,0.042103824635853826,0.014035961592460084,0.004039922042004826,0.005960077957995174,-2.978658719287024,-3.020762697646901,0.004039936792044174,0.005960063207955826
-97.49,22.25,-97.42651506993036,22.151311366354026,-2.997352687997354,-2.95515043853847,-0.042202249458883845,0.014179664776906811,0.004095600657191091,0.005904399342808909,-2.9973525421585228,-2.955102524684274,0.004100236398594217,0.005899763601405783
-93.09,-36.53,-92.73015975609538,-36.724101647137495,-2.608265350690548,-2.640070854750433,0.031805504059884804,0.01212022355843433,0.00195608943585234,0.00804391056414766,-2.6082653152448425,-2.6400706617786627,0.0019560797477470885,0.008043920252252913
-93.09,36.53,-92.92329067838826,36.46449830859927,-2.65658425131815,-2.6199480028500517,-0.03663624846809821,0.013886487072700966,0.002264512830130655,0.007735487169869345,-2.656584117965102,-2.6199307845932567,0.00226556886030173,0.00773443113969827
-87.25,-22.09,-87.00591067591988,-22.283642883944324,-2.771390892294084,-2.8119086249452767,0.04051773265119252,0.014513902586127544,0.004376921939253554,0.005623078060746446,-2.771390818573629,-2.8119084852601532,0.004376914813430233,0.005623085186569767
-87.25,22.09,-86.92263431890001,22.05279328143179,-2.7929178156989605,-2.7506098843335116,-0.04230793136544886,0.015263901852678046,0.0046225744923270055,0.005377425507672995,-2.792917684505613,-2.7505686887634955,0.004627061195741858,0.005372938804258143
-86.6,-50.0,-86.69779515438852,-49.96712432133639,-2.097891907499436,-2.1217014168367765,0.023809509337340273,0.011285215188876414,0.001151109532691557,0.008848890467308444,-2.0978918351779234,-2.121701397106559,0.0011511120753034403,0.00884888792469656
-86.6,50.0,-86.40664427978386,50.090035602471666,-2.1532635376831673,-2.129991590000059,-0.02327194768310825,0.010866477475366189,0.0011261412484000503,0.00887385875159995,-2.1532634332717415,-2.129987839685236,0.0011263176754984356,0.008873682324501565
-82.42,-36.15,-82.41890231508103,-36.21192393867627,-2.393597797794536,-2.430561244156827,0.03696344636229121,0.015324306699200183,0.0025938965097473034,0.007406103490252697,-2.393597770239419,-2.4305610908820476,0.0025938876874153425,0.007406112312584657
-82.42,36.15,-82.46462048082593,36.207373608698425,-2.441741521363702,-2.403214378791084,-0.03852714257261791,0.015904021983517765,0.00270246903044272,0.00729753096955728,-2.4417414774219024,-2.40319866044491,0.002703568504464514,0.007296431495535487
-78.18,-62.35,-78.0338701731646,-62.554359254013825,-1.4180829839201428,-1.439117840913236,0.021034856993093154,0.01472410116241642,0.0009025212800998712,0.009097478719900128,-1.4180827763650607,-1.4391177607176016,0.0009025267445825519,0.009097473255417448
-78.18,62.35,-78.41880996108308,62.273925371015366,-1.544788952810872,-1.5314204742418605,-0.013368478569011577,0.00869152694965876,0.0005733424640005341,0.009426657535999467,-1.5447888505376173,-1.5314196687891222,0.0005733726217073845,0.009426627378292616
-75.34,-49.23,-75.2565902552901,-49.36489362448538,-1.8368641720407761,-1.8734364385854578,0.03657226654468171,0.019713910209830113,0.0020618057532971615,0.007938194246702838,-1.8368640880904608,-1.8734363951355344,0.0020618080365557333,0.007938191963444266
-75.34,49.23,-75.00745176287587,49.002232041962095,-1.9282176448896284,-1.8934397346800385,-0.03477791020958998,0.01820043334889749,0.0019817178518075546,0.008018282148192446,-1.9282176006229874,-1.8934373231722221,0.0019818527421465184,0.008018147257853481
-73.56,-14.63,-73.2865506818355,-14.682962202176464,-2.5417373651023683,-2.580107793891993,0.03837042878962471,0.014983049115509958,0.007468223451806163,0.002531776548193837,-2.5417372464651766,-2.5801233155092764,0.007471267590715934,0.0025287324092840664
-73.56,14.63,-73.83099762976323,14.728076458448326,-2.580492397780387,-2.5369443292880285,-0.04354806849235837,0.017019484876877176,0.008387697204700468,0.0016123027952995323,-2.5804923415430494,-2.53690170381427,0.008395896371223755,0.0016041036287762454
-69.29,-28.7,-69.28770303332732,-28.66391749564546,-2.2275497783290334,-2.2713818673389614,0.043832089009927966,0.019485554554772456,0.00462231005462965,0.00537768994537035,-2.2275497056763083,-2.27138186853738,0.004622317842597153,0.005377682157402847
-69.29,28.7,-68.90353214539378,28.614217109293758,-2.2679629311674283,-2.219354163693011,-0.048608767474417114,0.02166495767820433,0.0051635676288354715,0.004836432371164529,-2.2679629450543493,-2.219330985996601,0.005166031203107599,0.004833968796892401
-68.02,-73.31,-68.05842571860428,-73.39416030169245,-0.6595552547371357,-0.6748461807131965,0.015290925976060743,0.022918029866927384,0.0006411342742299798,0.00935886572577002,-0.6595552309921899,-0.674845278657288,0.0006410974474699488,0.009358902552530052
-68.02,73.31,-68.19624800316187,73.45846554284788,-0.8059304915209571,-0.7986248377557537,-0.007305653765203424,0.009106141286504107,0.0003054325836873107,0.00969456741631269,-0.8059304248860859,-0.7986261861463837,0.00030537342472512736,0.009694626575274872
-66.22,-60.96,-66.24031505316395,-60.92223939371629,-1.1652400935288374,-1.1967382790708674,0.03149818554202999,0.026671019436440988,0.0016347295091358135,0.008365270490864187,-1.1652400037992232,-1.196738136111162,0.001634726746538559,0.00836527325346144
-66.22,60.96,-66.24243744067233,60.94429633387795,-1.2862922426834769,-1.2568839439480803,-0.02940829873539652,0.023127220905876662,0.0015256648610703142,0.008474335138929687,-1.2862922313275105,-1.256884524051437,0.0015256341769183989,0.0084743658230816
-62.36,-41.67,-62.18790202207856,-41.650211779353235,-1.7181369690304822,-1.759344379608042,0.04120741057755972,0.02369957244699122,0.0033320446993475522,0.006667955300652448,-1.7181369536606765,-1.7593442711590823,0.003332037172936716,0.006667962827063284
-62.36,41.67,-62.794238580253754,41.71061176706934,-1.8128441615318098,-1.7693378511448388,-0.04350631038697106,0.02429039631878595,0.003478920538217146,0.006521079461782854,-1.812844064811265,-1.7693377950561058,0.0034789172891518108,0.006521082710848189
-56.33,-82.62,-56.425808065191376,-82.70403435533835,0.1733704692818323,0.16015935382607172,0.013211115455760591,0.07921999497769958,0.0005929166131229838,0.009407083386877017,0.17337032312453537,0.16016093543369347,0.0005928390708043739,0.009407160929195626
-56.33,82.62,-56.428885661063475,82.62757414827837,-0.005977769711003056,0.0018916666717205821,-0.007869436382723638,2.0,0.0003534888877374549,0.009646511112262545,-0.0059777377233976026,0.0018920263668960047,0.00035350360810353673,0.009646496391896464
-56.1,-21.28,-55.9451185196048,-21.294502222918037,-1.9755380045859772,-2.0166398364294023,0.041101831843425085,0.020591182798094562,0.007225869285400964,0.002774130714599036,-1.9755379869982286,-2.016639769728434,0.007225860651097093,0.0027741393489029076
-56.1,21.28,-56.15986835471487,21.381662438733056,-2.022035091546002,-1.9753444553066373,-0.04669063623936487,0.023360621973526143,0.008143682917887814,0.0018563170821121865,-2.0220350391171875,-1.9753230630504561,0.008147404965852732,0.0018525950341472686
-55.28,-71.02,-55.161249769365334,-71.2721954954758,-0.3711935128229009,-0.3948494824034139,0.02365596958051297,0.06176146698795726,0.0012602164150222518,0.008739783584977748,-0.3711934781162667,-0.39484952529581263,0.0012602205489291212,0.008739779451070878
-55.28,71.02,-55.33605167907569,70.98272478279326,-0.5418513165637782,-0.5206162991340915,-0.021235017429686698,0.039973015865972954,0.0011322710431868155,0.008867728956813184,-0.5418514447567593,-0.5206172795101782,0.0011322256039844603,0.00886777439601554
-53.03,-53.03,-53.036942748461605,-52.94097983176358,-1.0713945017999031,-1.1131979891292905,0.04180348732938732,0.03827119932249391,0.0031181763259448144,0.006881823674055185,-1.0713945265160487,-1.1131979623501873,0.0031181724848474385,0.006881827515152561
-53.03,53.03,-52.823454890053334,52.93517356471131,-1.1792013436326578,-1.1361789560298485,-0.0430223876028093,0.03716226453950593,0.0032224187680370683,0.006777581231962932,-1.179201385884918,-1.136177034629667,0.00322256584751905,0.00677743415248095
-49.38,-34.08,-49.325626217334296,-34.05988650104921,-1.5163767808050879,-1.5609463901061238,0.04456960930103593,0.028966479518521698,0.005556248188296449,0.004443751811703551,-1.516376785974288,-1.5609463458811346,0.005556242030594381,0.00444375796940562
-49.38,34.08,-49.275253773251016,34.3143904398889,-1.5843574615199532,-1.5350818879450205,-0.04927557357493262,0.03159258318863231,0.0061035870618508,0.0038964129381492,-1.5843574491750043,-1.535071445665192,0.006104878980157775,0.0038951210198422256
-43.62,-11.05,-43.53257900017858,-11.038211136006472,-1.6924004675482764,-1.7245873472941902,0.03218687974591372,0.01883932954405202,0.014028925126771173,-0.004028925126771173,-1.6924004371077457,-1.7245919176328566,0.014030930415491031,-0.004030930415491031
-43.39,-90.1,-43.43709690894415,-90.12981523668329,1.0491474729737242,1.019188705254841,0.029958767718883283,0.028968953919803878,0.001602703874607681,0.00839729612539232,1.0491474511361552,1.0191882305371993,0.0016027281023280541,0.008397271897671947
-43.39,90.1,-43.579149982165404,90.09956880295788,0.8163995448267083,0.8489540497019226,-0.032554504875214274,0.03909620753474717,0.001736473822165444,0.008263526177834556,0.8163997465362822,0.8489548073342346,0.001736503475366606,0.008263496524633394
-42.84,-79.15,-42.97978853207261,-79.16221428713101,0.44814292898485686,0.4187938147507322,0.029349114234124674,0.06770762560521022,0.0018066390965142264,0.008193360903485774,0.44814287995760127,0.41879491300495175,0.0018065684734776609,0.008193431526522339
-42.84,79.15,-43.12405555179686,79.35241225341576,0.2528716744344395,0.290183414193141,-0.0373117397587015,0.13741419808070104,0.002283622865909749,0.007716377134090251,0.2528717533611593,0.2901832497316197,0.002283607969607505,0.007716392030392495
-41.67,-62.36,-41.617434870580226,-62.42703324130295,-0.3045466019372074,-0.3465865754032853,0.04203997346607791,0.129128648114007,0.003389011497000474,0.006610988502999526,-0.3045466687845648,-0.34658643628426145,0.0033889948932213417,0.0066110051067786585
-41.67,62.36,-42.189854347128666,62.395278711669754,-0.48339723485164443,-0.43577965023243737,-0.047617584619207065,0.10360918641867553,0.0037884906593391374,0.006211509340660863,-0.4833974255944178,-0.4357804187329799,0.003788444692498748,0.0062115553075012524
-41.21,18.08,-41.176920869844196,18.041850264065904,-1.580212817108707,-1.5380242639580584,-0.04218855315064873,0.027059233825938472,0.011893736242735348,-0.0018937362427353475,-1.5802127952801577,-1.5380109555067532,0.011897481988318274,-0.001897481988318274
-39.79,-44.91,-39.60328376924355,-44.93004002178845,-0.8783575000673756,-0.9280198052156469,0.0496623051482713,0.054985528220517846,0.005845443735875962,0.004154556264124038,-0.8783575031162222,-0.9280197480389537,0.005845436647099008,0.004154563352900992
-39.79,44.91,-39.983862493024574,44.8801429048863,-1.00776904002952,-0.9579111995257195,-0.0498578405038006,0.05072833261536126,0.005819063564866615,0.004180936435133386,-1.0077690610237289,-0.9579111533870216,0.0058190714001568585,0.004180928599843142
-37.67,-24.61,-37.72461300239248,-24.65749405412319,-1.3085687453108104,-1.3569977872943735,0.048429041983563126,0.036336772232979035,0.010904123490299115,-0.0009041234902991153,-1.3085687494034675,-1.3569977882932374,0.01090412279371083,-0.00090412279371083
-33.11,30.48,-33.16865665913408,30.577159023181782,-1.1050317686492834,-1.0586296773245252,-0.046402091324758254,0.04289219222453156,0.009582330666969525,0.00041766933303047545,-1.1050317298087355,-1.0586239331956415,0.009583508845750328,0.0004164911542496718
-29.22,-85.12,-29.045449805656975,-85.06287990034271,1.3105894758349665,1.2700843255406773,0.04050515029428925,0.03139114309813021,0.003433607690226731,0.006566392309773269,1.310589909543058,1.2700849756785229,0.0034335893435507464,0.006566410656449254
-29.22,85.12,-28.908722374200682,85.02439026375335,1.1079563143276676,1.1322084968828152,-0.024252182555147606,0.021652141336907113,0.002066507652098132,0.007933492347901867,1.107956615128293,1.1322089010435608,0.0020665164593252306,0.00793348354067477
-28.7,-69.29,-28.75458320137183,-69.15080936389306,0.4881158021089447,0.4461190414057521,0.04199676070319258,0.08990621789526931,0.004423541060158726,0.0055764589398412745,0.48811596581458105,0.4461191366300419,0.004423548273335252,0.005576451726664748
-28.7,69.29,-28.71033428273231,69.26151123733511,0.3235453594739437,0.3578932959357535,-0.03434793646180978,0.10081006173962638,0.0036176708628297342,0.0063823291371702656,0.3235454601558436,0.35789315990709936,0.0036176459314666743,0.006382354068533326
-28.05,-10.64,-28.03448464536932,-10.66757075693197,-1.1338908204944773,-1.1643159862401993,0.03042516574572196,0.026477308879743894,0.021307547110745884,-0.011307547110745884,-1.1338908140743236,-1.1643183762107407,0.02130922536643924,-0.011309225366439241
-27.88,-53.13,-27.85343741160118,-53.059327599359506,-0.1576248625784895,-0.20532422435383868,0.04769936177534917,0.2628432664124195,0.006759750091944403,0.0032402499080555975,-0.15762480695369652,-0.20532418679337217,0.006759752651943699,0.0032402473480563016
-27.88,53.13,-27.8050717540272,53.16347213755921,-0.28717318754163024,-0.24198410306517337,-0.045189084476456864,0.17079641641008828,0.006402576834373768,0.003597423165626232,-0.287173126722991,-0.24198421237672552,0.006402552729622925,0.003597447270377075
-27.64,-35.51,-27.610001087559038,-35.518919339463146,-0.6950603370710009,-0.7424331861070804,0.04737284903607952,0.06591034779947433,0.010117237620298113,-0.00011723762029811242,-0.6950603068615845,-0.7424331814411755,0.01011724307552787,-0.00011724307552786993
-24.69,17.04,-24.791737630317485,16.951548162065134,-0.9871980899204855,-0.9523793691869967,-0.034818720733488795,0.03590340831194338,0.017352221763605968,-0.0073522217636059675,-0.987198083536145,-0.9523780973126628,0.01735285243189428,-0.007352852431894279
-21.42,39.58,-21.445004577405808,39.42543199427425,-0.4476710420711308,-0.4066642559493625,-0.04100678612176828,0.09599693754145842,0.010158082665611978,-0.00015808266561197735,-0.44767103184254686,-0.40666272729832986,0.01015845880483707,-0.00015845880483707046
-19.89,-22.46,-19.8436347257749,-22.512354447802007,-0.6582564997704654,-0.6984583250358471,0.04020182526538174,0.05926348637212103,0.018847868505465853,-0.008847868505465853,-0.6582564916552323,-0.698458320957152,0.018847870397920654,-0.008847870397920654
-14.81,-88.77,-14.86769400204164,-88.49167091973551,2.1048075303338045,2.0633142529655037,0.041493277368300774,0.019909820070303442,0.006605266476267423,0.003394733523732577,2.1048078826709213,2.063315022143641,0.006605200119831094,0.003394799880168906
-14.81,88.77,-14.776906367161757,88.74987459145497,1.9226290176526075,1.9464709792947823,-0.02384196164217478,0.01232429332970738,0.0038075825611668915,0.006192417438833109,1.9226294265761874,1.9464714617586423,0.003807594305615281,0.00619240569438472
-14.63,-73.56,-14.591993353372219,-73.6382994057182,1.2973726439245707,1.261751921901314,0.03562072202325672,0.02783820881478753,0.006942932744849035,0.0030570672551509656,1.2973729063237962,1.2617523888314475,0.0069428928791681116,0.0030571071208318886
-14.63,73.56,-14.845802711044918,73.68153281476108,1.1212573398705115,1.1449549462532524,-0.023697606382740988,0.020913845121962944,0.00453733409247043,0.00546266590752957,1.1212574961642137,1.144954926866618,0.0045373004553018355,0.005462699544698165
-14.61,-42.56,-14.659320474719605,-42.40099077523835,0.026860382908958313,-0.012776099899085125,0.03963648280804344,2.0,0.013355614637782759,-0.0033556146377827587,0.026860407004728692,-0.012776067432184957,0.013355611817109085,-0.003355611817109085
-14.36,-58.26,-14.25683509560294,-58.41529572199064,0.614890049393191,0.5751817821672934,0.0397082672258976,0.06673255541865912,0.009985960495396698,1.4039504603302264e-05,0.6148901246063475,0.5751818760123406,0.00998595580978996,1.4044190210039942e-05
-14.36,58.26,-14.439764379650905,58.19809757710658,0.461816001616684,0.49323789666909623,-0.03142189505241222,0.06580130212297162,0.007831087785087011,0.0021689122149129887,0.46181601908605185,0.4932379210867942,0.007831089516777068,0.0021689104832229317
-13.94,26.56,-14.016133047553142,26.7279719387093,-0.40976731830269103,-0.3772523899876211,-0.03251492831506991,0.0826279900555577,0.018178045932438828,-0.008178045932438828,-0.40976731410982903,-0.37725103667248955,0.018178800183112454,-0.008178800183112454
