id_A,iq_A,raw_psi_d_Wb,raw_psi_q_Wb,mirror_psi_d_Wb,mirror_psi_q_Wb,projected_psi_d_Wb,projected_psi_q_Wb,projected_mirror_psi_d_Wb,projected_mirror_psi_q_Wb,removed_psi_d_Wb,removed_psi_q_Wb
-0.00029145970000906313,59.912450166397299,0.068672255414732736,0.028910566251712559,0.074215472793269149,-0.028254091041456618,0.071443864104000943,0.028582328646584589,0.071443864104000943,-0.028582328646584589,-0.0027716086892682068,0.00032823760512797062
-28.117063161704522,53.059859149404751,0.064811177736461556,0.024664995518438353,0.069429652991461255,-0.027110256056668423,0.067120415363961405,0.025887625787553388,0.067120415363961405,-0.025887625787553388,-0.0023092376274998494,-0.0012226302691150347
-66.376963735406562,60.87091182859541,0.05986251221648542,0.027120414935941629,0.064157886278153553,-0.031235536366645004,0.062010199247319486,0.029177975651293316,0.062010199247319486,-0.029177975651293316,-0.0021476870308340668,-0.0020575607153516876
-43.079905791950715,78.992295395933951,0.062619157817363519,0.035922849070688059,0.067698689890817357,-0.038490825897462715,0.065158923854090445,0.037206837484075383,0.065158923854090445,-0.037206837484075383,-0.002539766036726919,-0.0012839884133873276
-15.169945125625953,88.725926992911241,0.066668032416434347,0.041068014196606162,0.071795817569647785,-0.041683123364350545,0.069231924993041066,0.04137556878047835,0.069231924993041066,-0.04137556878047835,-0.0025638925766067189,-0.00030755458387219173
-0.18319832609359241,90.117371624100187,0.068478018706292332,0.041736085920966288,0.074274822196928228,-0.041645367428131692,0.071376420451610273,0.04169072667454899,0.071376420451610273,-0.04169072667454899,-0.0028984017453179481,4.5359246417298049e-05
-0.33301398883389888,119.94504607650752,0.068988685298861499,0.053588286966290435,0.074161478817727264,-0.053063215232152842,0.071575082058294381,0.053325751099221635,0.071575082058294381,-0.053325751099221635,-0.0025863967594328824,0.00026253586706879647
-28.701695904389577,116.45858874986563,0.064871656878075806,0.051760816632067295,0.070033685729456466,-0.052590062764057921,0.067452671303766143,0.052175439698062612,0.067452671303766143,-0.052175439698062612,-0.0025810144256903297,-0.00041462306599531276
-56.062700426103767,106.22880035991641,0.060998076450162801,0.047015712461650587,0.065705919075374056,-0.049113271410032279,0.063351997762768425,0.048064491935841433,0.063351997762768425,-0.048064491935841433,-0.0023539213126056273,-0.001048779474190846
-79.836495494625865,89.70229656936813,0.057848692725460699,0.039747911372991593,0.061997070357197294,-0.04286577325790087,0.059922881541328993,0.041306842315446235,0.059922881541328993,-0.041306842315446235,-0.0020741888158682976,-0.0015589309424546387
-99.097019142477336,68.087213091330156,0.055260844322140422,0.029532773868009184,0.058296181394065054,-0.03428315538300658,0.056778512858102738,0.031907964625507879,0.056778512858102738,-0.031907964625507879,-0.001517668535962316,-0.0023751907574986984
-112.4208171430317,42.555152296403655,0.053677957084243617,0.017632266365512562,0.056179037026254049,-0.022871545427736343,0.054928497055248833,0.020251905896624452,0.054928497055248833,-0.020251905896624452,-0.0012505399710052156,-0.0026196395311118906
-139.3259199116988,57.301655252608661,0.050788709644884335,0.024560734542107155,0.053137159493759849,-0.029970845117948702,0.051962934569322092,0.027265789830027927,0.051962934569322092,-0.027265789830027927,-0.001174224924437757,-0.0027050552879207736
-125.26654879864698,83.336161464367322,0.052113113525005493,0.035804407980957804,0.055277128315781389,-0.040644284982704629,0.053695120920393441,0.03822434648183122,0.053695120920393441,-0.03822434648183122,-0.0015820073953879479,-0.0024199385008734121
-106.25956615861251,106.0742220847103,0.0540388541612472,0.045421699493818496,0.058719683723984124,-0.049367577953026202,0.056379268942615662,0.047394638723422353,0.056379268942615662,-0.047394638723422353,-0.002340414781368462,-0.0019729392296038532
-83.657577779427356,124.59437181194578,0.057421246989638346,0.053194890911399492,0.062220881117180472,-0.056019258937720445,0.059821064053409409,0.054607074924559969,0.059821064053409409,-0.054607074924559969,-0.0023998170637710634,-0.0014121840131604765
-57.797349052535914,138.58321875839286,0.060895898067284397,0.058935279423312406,0.06698875792713771,-0.061040077578918148,0.063942327997211057,0.059987678501115277,0.063942327997211057,-0.059987678501115277,-0.0030464299299266563,-0.0010523990778028708
-29.7173143814986,147.14209837550095,0.064740452737543933,0.062281642797946901,0.07124123963593107,-0.063551170754938532,0.067990846186737508,0.062916406776442724,0.067990846186737508,-0.062916406776442724,-0.0032503934491935685,-0.00063476397849581562
-0.13926118086278147,149.79450927647346,0.068742810961768014,0.063440850634446613,0.074691734519585315,-0.063043565527795026,0.071717272740676657,0.063242208081120826,0.071717272740676657,-0.063242208081120826,-0.0029744617789086505,0.00019864255332579378
-0.27501095589010643,150.05727911669464,0.068523766005259848,0.063233406475006318,0.074674841422985486,-0.063122112478557951,0.071599303714122667,0.063177759476782142,0.071599303714122667,-0.063177759476782142,-0.0030755377088628189,5.5646998224183342e-05
-0.29691838214322602,179.85057372712785,0.068617596034988057,0.071481357655930153,0.074483697622461834,-0.070978522248310055,0.071550646828724945,0.071229939952120097,0.071550646828724945,-0.071229939952120097,-0.0029330507937368883,0.00025141770381004874
-30.227262608350685,177.57317263047707,0.064667228364500173,0.070991841068639039,0.07091770101473191,-0.071600041179876561,0.067792464689616042,0.0712959411242578,0.067792464689616042,-0.0712959411242578,-0.0031252363251158682,-0.00030410005561876119
-58.596667738093252,170.03946007408095,0.060884934338322705,0.068881904816421466,0.067185814352155093,-0.070274973687107167,0.064035374345238899,0.069578439251764324,0.064035374345238899,-0.069578439251764324,-0.0031504400069161942,-0.0006965344353428507
-86.581206711294882,158.36865091681122,0.057223655107217636,0.064502797077747906,0.063140258343813371,-0.067310549589449528,0.060181956725515504,0.065906673333598717,0.060181956725515504,-0.065906673333598717,-0.0029583016182978678,-0.0014038762558508111
-111.30799554578219,141.9917684398518,0.053689028535593486,0.058471210113240378,0.059505534312236798,-0.062291861122394078,0.056597281423915138,0.060381535617817228,0.056597281423915138,-0.060381535617817228,-0.0029082528883216559,-0.00191032550457685
-133.07566898979044,121.88573380392866,0.051603559961260898,0.051497457429390214,0.056027919648462349,-0.055613940064545647,0.053815739804861623,0.053555698746967931,0.053815739804861623,-0.053555698746967931,-0.0022121798436007256,-0.0020582413175777164
-151.09582053125882,98.40875091761059,0.049548507134213556,0.042332343232768285,0.053233502337190021,-0.047224554990536481,0.051391004735701788,0.04477844911165238,0.051391004735701788,-0.04477844911165238,-0.0018424976014882327,-0.0024461058788840979
-165.35791277265687,72.125044404882189,0.04784185408312111,0.030870196874974849,0.050654534233676017,-0.036594751135967399,0.049248194158398567,0.033732474005471122,0.049248194158398567,-0.033732474005471122,-0.0014063400752774534,-0.0028622771304962751
-174.51174173319484,43.962828302241341,0.046063023454557775,0.017751817457846125,0.048011257201232671,-0.023734748538019105,0.047037140327895223,0.020743282997932613,0.047037140327895223,-0.020743282997932613,-0.00097411687333744806,-0.0029914655400864899
-201.51874355676307,58.897646714787648,0.042810750757439738,0.023994065967577249,0.045412587873948869,-0.030494573571352601,0.044111669315694303,0.027244319769464925,0.044111669315694303,-0.027244319769464925,-0.0013009185582545657,-0.0032502538018876759
-191.24360209132928,87.073097277407967,0.044489252895963845,0.036570322545779431,0.046979790747808538,-0.042079863245245409,0.045734521821886191,0.03932509289551242,0.045734521821886191,-0.03932509289551242,-0.0012452689259223465,-0.0027547703497329892
-177.03144506096882,113.35192049952933,0.046749324178281954,0.047643762158742158,0.049491611055041559,-0.051877503463617407,0.048120467616661756,0.049760632811179782,0.048120467616661756,-0.049760632811179782,-0.001371143438379803,-0.0021168706524376246
-158.99533264906506,137.36889243592279,0.048358288834587086,0.056287483417657165,0.052987960317733417,-0.060497799207317328,0.050673124576160251,0.058392641312487246,0.050673124576160251,-0.058392641312487246,-0.0023148357415731652,-0.0021051578948300814
-138.17622714914438,158.60862641779525,0.050330441384462209,0.062773178302624993,0.056513709633715242,-0.0675659918821538,0.053422075509088729,0.065169585092389404,0.053422075509088729,-0.065169585092389404,-0.0030916341246265168,-0.0023964067897644034
-114.03371492785995,176.47925616000995,0.053145507860842017,0.068258758704283065,0.059936684692627334,-0.072563015133588649,0.056541096276734676,0.07041088691893585,0.056541096276734676,-0.07041088691893585,-0.0033955884158926586,-0.0021521282146527917
-88.192706604714104,191.01408951796816,0.056277823051998674,0.07256847910102375,0.063388021943903874,-0.075936265749273119,0.059832922497951274,0.074252372425148427,0.059832922497951274,-0.074252372425148427,-0.0035550994459526003,-0.0016838933241246842
-59.776747853153893,201.55609032307893,0.059729248084451569,0.075420376314095039,0.067242705227611624,-0.07804311509103988,0.06348597665603159,0.076731745702567467,0.06348597665603159,-0.076731745702567467,-0.0037567285715800272,-0.0013113693884724206
-29.978968283287614,207.66159818600761,0.064103660153944156,0.077762839082281196,0.070865208991531342,-0.078349903219643774,0.067484434572737756,0.078056371150962478,0.067484434572737756,-0.078056371150962478,-0.0033807744187935931,-0.00029353206868128895
-0.80641500244248909,210.14551753422163,0.067034299579863094,0.077134336477661075,0.074520918153949137,-0.077950845279473491,0.070777608866906122,0.077542590878567283,0.070777608866906122,-0.077542590878567283,-0.0037433092870430215,-0.00040825440090620779
0.069847714916329448,209.65751296280712,0.06750589501580237,0.077713802410738164,0.074141828203517945,-0.077117781902201213,0.070823861609660158,0.077415792156469682,0.070823861609660158,-0.077415792156469682,-0.0033179665938577879,0.00029801025426847566
-0.55639665815256167,239.92537324334003,0.066185968513486348,0.082301390132012972,0.072525450984689224,-0.081963192086738329,0.069355709749087779,0.082132291109375644,0.069355709749087779,-0.082132291109375644,-0.0031697412356014379,0.00016909902263732152
-29.773827196087808,238.04884220713174,0.062787740767240099,0.082585667078202751,0.06917691282299869,-0.082589477091706165,0.065982326795119395,0.082587572084954458,0.065982326795119395,-0.082587572084954458,-0.0031945860278792954,-1.9050067517067948e-06
-58.648188937219423,232.55122178483919,0.059636491758537642,0.081611292070518579,0.066082298003116255,-0.082786641509936573,0.062859394880826952,0.082198966790227576,0.062859394880826952,-0.082198966790227576,-0.0032229031222893063,-0.0005876747197089971
-86.918913985171926,223.56614067887574,0.056521616690515183,0.080204758289280823,0.063039082364955326,-0.082019278189069372,0.059780349527735255,0.081112018239175104,0.059780349527735255,-0.081112018239175104,-0.0032587328372200713,-0.00090725994989427489
-113.98486732058905,211.42902326677731,0.053492700815929647,0.077475483649565483,0.059867498359422788,-0.080096801537724222,0.056680099587676218,0.078786142593644859,0.056680099587676218,-0.078786142593644859,-0.0031873987717465704,-0.0013106589440793695
-139.35310152587712,195.98298807189346,0.050386733183608125,0.073359372643160822,0.056438254771268057,-0.076850259678313479,0.053412493977438094,0.075104816160737151,0.053412493977438094,-0.075104816160737151,-0.0030257607938299659,-0.0017454435175763283
-162.27671494382318,176.9993773650456,0.047778950751943494,0.068125838484728238,0.053075274770432314,-0.072079988602830658,0.050427112761187901,0.070102913543779455,0.050427112761187901,-0.070102913543779455,-0.0026481620092444098,-0.0019770750590512101
-182.74583291936847,156.14118089026996,0.045698029539854447,0.061727805596320934,0.049844875335472091,-0.065888294626125415,0.047771452437663273,0.063808050111223175,0.047771452437663273,-0.063808050111223175,-0.0020734228978088222,-0.0020802445149022408
-200.74930400506614,132.44401393147416,0.043333716792977532,0.053552763181372795,0.047045106672777705,-0.058430495373510381,0.045189411732877618,0.055991629277441585,0.045189411732877618,-0.055991629277441585,-0.0018556949399000863,-0.0024388660960687931
-215.41686176598111,106.88438794820833,0.041339273673297622,0.043687336172990858,0.044544762358341136,-0.049543964372499957,0.042942018015819379,0.046615650272745404,0.042942018015819379,-0.046615650272745404,-0.0016027443425217572,-0.0029283140997545497
-226.47491961144237,79.606865612947047,0.039620524710889761,0.032647970000924162,0.04228016212860751,-0.038758029836965351,0.040950343419748639,0.035702999918944753,0.040950343419748639,-0.035702999918944753,-0.0013298187088588743,-0.0030550299180205943
-234.36612595784405,51.118294670673386,0.039545152895802266,0.020745702417149861,0.040943485579459767,-0.02671197535727312,0.040244319237631013,0.02372883888721149,0.040244319237631013,-0.02372883888721149,-0.0006991663418287504,-0.0029831364700616293
-266.0862995118311,51.540510927315545,0.03566310212682975,0.020001764701663469,0.037031947834644377,-0.026676898883516407,0.036347524980737067,0.023339331792589936,0.036347524980737067,-0.023339331792589936,-0.00068442285390731342,-0.0033375670909264691
-257.37138386190486,80.455384254925434,0.036138840459024872,0.032043847413780524,0.038647235577829626,-0.038698527624935503,0.037393038018427249,0.035371187519358013,0.037393038018427249,-0.035371187519358013,-0.0012541975594023771,-0.0033273401055774893
-247.66829279016738,108.16422484405705,0.037778486908826799,0.043703206143683539,0.04091602568194852,-0.049847821781313591,0.039347256295387656,0.046775513962498565,0.039347256295387656,-0.046775513962498565,-0.0015687693865608608,-0.003072307818815026
-233.78320482866772,134.93497537848282,0.039533268507520598,0.053963452853577273,0.043562209199215371,-0.059886439094190391,0.041547738853367988,0.056924945973883832,0.041547738853367988,-0.056924945973883832,-0.0020144703458473863,-0.0029614931203065589
-218.39956415404856,159.85182854666169,0.040895317575224355,0.060950279072450035,0.045784407771977578,-0.067361222567676529,0.043339862673600967,0.064155750820063279,0.043339862673600967,-0.064155750820063279,-0.0024445450983766118,-0.003205471747613247
-199.52152814507758,182.90526257307565,0.042924384376076784,0.067910002656479854,0.048381567267785475,-0.07322348532727431,0.045652975821931133,0.070566743991877082,0.045652975821931133,-0.070566743991877082,-0.0027285914458543455,-0.002656741335397228
-177.85152748914092,203.53343425008521,0.045388321969637699,0.073901059510941669,0.051398869495235602,-0.078215361923644311,0.048393595732436651,0.07605821071729299,0.048393595732436651,-0.07605821071729299,-0.0030052737627989518,-0.002157151206351321
-154.17087803669213,221.55830691817565,0.048304337378449837,0.078391272119381933,0.054389556570032783,-0.08186950785154537,0.05134694697424131,0.080130389985463651,0.05134694697424131,-0.080130389985463651,-0.0030426095957914734,-0.0017391178660817186
-128.91229988403452,237.14038403042619,0.05099291527718363,0.081899211170176733,0.057585742500863096,-0.084585322874003471,0.054289328889023367,0.083242267022090102,0.054289328889023367,-0.083242267022090102,-0.0032964136118397332,-0.001343055851913369
-102.52900087328531,250.22724265550028,0.053926650872246094,0.083939475691786183,0.060737146638418525,-0.086383698702699421,0.05733189875533231,0.085161587197242802,0.05733189875533231,-0.085161587197242802,-0.0034052478830862154,-0.001222111505456619
-74.300042022525176,259.90154356741232,0.056839992999719334,0.085374086898167459,0.063898261926182684,-0.087269853410659459,0.060369127462951006,0.086321970154413452,0.060369127462951006,-0.086321970154413452,-0.003529134463231675,-0.00094788325624600017
-44.642047371448143,266.16696188997219,0.060215363482830228,0.086483833083324552,0.067353434481689761,-0.087649798950529587,0.063784398982259988,0.087066816016927062,0.063784398982259988,-0.087066816016927062,-0.0035690354994297666,-0.00058298293360251746
-15.150363490654215,269.38261124038178,0.063583794998814794,0.087206945464522401,0.070721450300640573,-0.087551220245316599,0.067152622649727683,0.087379082854919493,0.067152622649727683,-0.087379082854919493,-0.0035688276509128897,-0.00017213739039709935
-0.2916923848152379,270.05638088532811,0.06556196313875956,0.08773173658238699,0.072489272021755577,-0.087464734490919349,0.069025617580257576,0.087598235536653163,0.069025617580257576,-0.087598235536653163,-0.0034636544414980083,0.00013350104573382066
-0.2898979706208204,299.9412745896343,0.064306564061790292,0.09125530933886615,0.071263336915194,-0.090769971990096274,0.067784950488492146,0.091012640664481212,0.067784950488492146,-0.091012640664481212,-0.0034783864267018544,0.00024266867438493822
-30.455232435362262,298.18908159947017,0.061414771248132112,0.091429064863069245,0.068664103674215313,-0.091970419949525289,0.065039437461173716,0.091699742406297274,0.065039437461173716,-0.091699742406297274,-0.0036246662130416003,-0.00027067754322802201
-60.266479415558301,294.24381567771638,0.058733180744594118,0.092379882769906316,0.066024107580698529,-0.093209148747599418,0.062378644162646324,0.09279451575875286,0.062378644162646324,-0.09279451575875286,-0.0036454634180522055,-0.00041463298884655136
-88.637066330186414,286.46173694133694,0.056051216787065011,0.091793552087710367,0.063201872293177794,-0.093249488087457977,0.059626544540121403,0.092521520087584172,0.059626544540121403,-0.092521520087584172,-0.0035753277530563912,-0.00072796799987380478
-117.24605092647751,276.37215736548819,0.052907113789816357,0.09035987047959726,0.060031746421498153,-0.092389266734449985,0.056469430105657255,0.091374568607023615,0.056469430105657255,-0.091374568607023615,-0.003562316315840898,-0.0010146981274263625
-143.76402806210751,263.29297915537336,0.050080395114051192,0.088260823148276019,0.056917137817375833,-0.090702335102854637,0.053498766465713513,0.089481579125565328,0.053498766465713513,-0.089481579125565328,-0.0034183713516623207,-0.001220755977289309
-169.37979305699068,247.63972424716965,0.047222525188386932,0.084993361507573278,0.053775234605179828,-0.088310478267876316,0.05049887989678338,0.086651919887724804,0.05049887989678338,-0.086651919887724804,-0.0032763547083964478,-0.0016585583801515189
-193.92291185911017,229.66720135282867,0.044369093903274114,0.081007984694727989,0.050646250780549615,-0.084989107883569337,0.047507672341911861,0.082998546289148656,0.047507672341911861,-0.082998546289148656,-0.0031385784386377506,-0.0019905615944206742
-215.61059221496512,209.29183638554798,0.041837015929550671,0.076407534652236764,0.047875522023650266,-0.080757436680346045,0.044856268976600472,0.078582485666291405,0.044856268976600472,-0.078582485666291405,-0.0030192530470497976,-0.0021749510140546408
-235.07406225772536,186.97789458148858,0.039401359380665621,0.069414604169214036,0.045106146980474757,-0.075138135666033445,0.042253753180570189,0.072276369917623734,0.042253753180570189,-0.072276369917623734,-0.0028523937999045679,-0.0028617657484097045
-252.31245252591262,162.52292945908013,0.037426641701263724,0.06239523852750261,0.042337848476185963,-0.068109157017530633,0.039882245088724844,0.065252197772516618,0.039882245088724844,-0.065252197772516618,-0.0024556033874611194,-0.0028569592450140117
-267.60078868986875,136.66432924655274,0.035581810135888167,0.053655131053954724,0.039558885729503578,-0.059680195982408465,0.037570347932695869,0.056667663518181595,0.037570347932695869,-0.056667663518181595,-0.0019885377968077052,-0.0030125324642268705
-279.29508543346083,109.38917833239215,0.033662801042822058,0.042912544834705225,0.037008919937645303,-0.049712586467699285,0.035335860490233684,0.046312565651202259,0.035335860490233684,-0.046312565651202259,-0.0016730594474116227,-0.0034000208164970298
-289.14830952877963,81.012639554368818,0.032392018190876927,0.031481621696580246,0.034836671201836852,-0.038627828596734901,0.033614344696356893,0.03505472514665757,0.033614344696356893,-0.03505472514665757,-0.0012223265054799627,-0.0035731034500773272
-295.72885993228607,51.762811482280767,0.032204371411959289,0.019920994806594709,0.033599039803090217,-0.026606669905483896,0.032901705607524756,0.0232638323560393,0.032901705607524756,-0.0232638323560393,-0.00069733419556546397,-0.0033428375494445935
-327.45789459155827,44.011215649158821,0.028417615952950549,0.016220613549420209,0.029915567087088209,-0.023150918808789937,0.02916659152001938,0.019685766179105071,0.02916659152001938,-0.019685766179105071,-0.00074897556706883008,-0.0034651526296848641
-321.88848068463545,73.208354301946756,0.028629809338693864,0.02789849190522873,0.030499841270469178,-0.03517169895239456,0.029564825304581523,0.031535095428811645,0.029564825304581523,-0.031535095428811645,-0.00093501596588765716,-0.0036366035235829153
-315.12203932984158,102.0090469163125,0.029435524329378532,0.03913121685174463,0.032358260720516674,-0.047213592058472836,0.030896892524947601,0.043172404455108733,0.030896892524947601,-0.043172404455108733,-0.0014613681955690707,-0.0040411876033641034
-303.66909921538331,129.28968546313183,0.031416234357215495,0.050390461886428227,0.034673756470128908,-0.056553722451399682,0.033044995413672201,0.053472092168913951,0.033044995413672201,-0.053472092168913951,-0.0016287610564567068,-0.0030816302824857277
-290.87909194889977,156.10751660675922,0.03242116927321096,0.058353562460709933,0.036645533344818265,-0.064955847613130044,0.034533351309014609,0.061654705036919985,0.034533351309014609,-0.061654705036919985,-0.0021121820358036524,-0.0033011425762100553
-276.08144750024411,181.73604160547015,0.034271872578006159,0.066258053095978459,0.039102984126114987,-0.072721818535369034,0.036687428352060569,0.069489935815673753,0.036687428352060569,-0.069489935815673753,-0.0024155557740544141,-0.0032318827196952879
-258.31026088867696,205.48139579481494,0.036891640367631311,0.073644692387046767,0.042103603139987109,-0.079084883508883014,0.039497621753809206,0.076364787947964891,0.039497621753809206,-0.076364787947964891,-0.002605981386177899,-0.0027200955609181232
-239.29603263258619,227.82684378532966,0.03886571036652553,0.079099479126923986,0.044940230505016103,-0.084114298878420701,0.04190297043577082,0.08160688900267235,0.04190297043577082,-0.08160688900267235,-0.0030372600692452865,-0.0025074098757483579
-217.6091075346084,248.24308908031685,0.041355297231960533,0.08398784044111593,0.047814549476718551,-0.088222295301317713,0.044584923354339542,0.086105067871216828,0.044584923354339542,-0.086105067871216828,-0.003229626122379009,-0.0021172274301008917
-194.52511594011847,266.72031201206045,0.043870605384249736,0.08794690402263855,0.050416779311327667,-0.091301562394250815,0.047143692347788702,0.089624233208444676,0.047143692347788702,-0.089624233208444676,-0.0032730869635389653,-0.0016773291858061326
-169.05718258867466,283.13128833492902,0.046495720919123226,0.090655602271085448,0.053561923933443174,-0.093528966064666527,0.050028822426283204,0.092092284167875987,0.050028822426283204,-0.092092284167875987,-0.003533101507159974,-0.0014366818967905398
-143.87078478764852,297.38886767831326,0.049162848746492467,0.09268528147924486,0.056152039362161676,-0.094904718840473343,0.052657444054327068,0.093795000159859102,0.052657444054327068,-0.093795000159859102,-0.0034945953078346047,-0.0011097186806142412
-116.35455139280869,308.86112957089995,0.052120996766837221,0.094308046306163948,0.059005667689251647,-0.09590268311753683,0.055563332228044437,0.095105364711850382,0.055563332228044437,-0.095105364711850382,-0.0034423354612072125,-0.00079731840568644102
-88.225571286851206,317.81073314410196,0.055348299192101935,0.095876689968002693,0.062854784134085045,-0.097551623899957626,0.05910154166309349,0.096714156933980167,0.05910154166309349,-0.096714156933980167,-0.0037532424709915552,-0.00083746696597746667
-59.088611912391229,324.39922776610587,0.058146746798563805,0.096174389936600241,0.065376974490218329,-0.096872940403205501,0.06176186064439107,0.096523665169902878,0.06176186064439107,-0.096523665169902878,-0.0036151138458272621,-0.00034927523330263027
-29.961330495225919,328.77136298196774,0.060399947774641048,0.095332474079693197,0.067950922294870958,-0.095667530160093744,0.064175435034756007,0.095500002119893471,0.064175435034756007,-0.095500002119893471,-0.0037754872601149549,-0.00016752804020027379
-0.71357473281112183,329.87686068353838,0.063443155904574791,0.094529128653534619,0.070356534276132601,-0.094263625696364872,0.066899845090353696,0.094396377174949753,0.066899845090353696,-0.094396377174949753,-0.003456689185778905,0.00013275147858487352
-0.46066036326549092,329.7460562295999,0.063506300346305736,0.094718903211999314,0.070380494562927096,-0.094232531257967364,0.066943397454616416,0.094475717234983339,0.066943397454616416,-0.094475717234983339,-0.0034370971083106799,0.000243185977015975
-0.26556074668614738,359.78615167627959,0.063004755988589761,0.09872877118932194,0.070161970981965499,-0.098312305293093552,0.06658336348527763,0.098520538241207739,0.06658336348527763,-0.098520538241207739,-0.0035786074966878689,0.00020823294811419396
-30.232155244615683,358.45910746256322,0.060415322797084135,0.099784447978799221,0.068163346830295402,-0.10051095078461449,0.064289334813689772,0.10014769938170685,0.064289334813689772,-0.10014769938170685,-0.0038740120166056331,-0.0003632514029076328
-60.22264995108236,355.21337247080152,0.057807205210932723,0.10054996478838729,0.065354250272413095,-0.10101704818677547,0.061580727741672905,0.10078350648758139,0.061580727741672905,-0.10078350648758139,-0.0037735225307401858,-0.00023354169919408835
-89.197759237945832,349.0382469273689,0.054610840531006025,0.099889533466913635,0.062105228460462319,-0.10090088953124626,0.058358034495734172,0.10039521149907996,0.058358034495734172,-0.10039521149907996,-0.0037471939647281474,-0.00050567803216631374
-117.85617067789171,340.72713493410532,0.050872242062051307,0.097385028194133472,0.057916038346310983,-0.098889723790685308,0.054394140204181145,0.09813737599240939,0.054394140204181145,-0.09813737599240939,-0.0035218981421298381,-0.00075234779827591802
-145.36941172582704,329.94163385123386,0.047953822038666653,0.096013652559253176,0.054966067373985746,-0.097560724514742903,0.051459944706326199,0.096787188536998039,0.051459944706326199,-0.096787188536998039,-0.0035061226676595461,-0.00077353597774486305
-171.55991428786515,316.52979310420221,0.045109283778647133,0.094412495726063028,0.052424522540057701,-0.096967862378923048,0.04876690315935242,0.095690179052493038,0.04876690315935242,-0.095690179052493038,-0.0036576193807052841,-0.0012776833264300097
-197.60155789144051,301.42025777084064,0.042452995782377885,0.092329749819055285,0.049501161521513404,-0.095470892138669369,0.045977078651945641,0.093900320978862334,0.045977078651945641,-0.093900320978862334,-0.0035240828695677594,-0.0015705711598070424
-222.23646736657429,284.10025155716687,0.039894521766785283,0.088977004346431132,0.046952375652465142,-0.09313569047021597,0.043423448709625209,0.091056347408323551,0.043423448709625209,-0.091056347408323551,-0.0035289269428399293,-0.0020793430618924191
-244.51057851164478,264.61768072295928,0.037672421646817708,0.085627255520051904,0.044145743504106924,-0.089912724561091312,0.040909082575462316,0.087769990040571608,0.040909082575462316,-0.087769990040571608,-0.003236660928644608,-0.002142734520519704
-265.21541594819627,243.39441808154939,0.035171741885700734,0.081243959393292833,0.041703974321456193,-0.086312772021970685,0.038437858103578464,0.083778365707631752,0.038437858103578464,-0.083778365707631752,-0.0032661162178777292,-0.0025344063143389259
-284.56722089624463,221.09735490439553,0.033329187561363174,0.076459251027777744,0.03887776565815889,-0.081536846521167577,0.036103476609761029,0.078998048774472668,0.036103476609761029,-0.078998048774472668,-0.0027742890483978579,-0.0025387977466949166
-301.53004137028091,196.65826317749978,0.031474937415672741,0.07020562854772068,0.036704497230067891,-0.076287049352982403,0.034089717322870319,0.073246338950351542,0.034089717322870319,-0.073246338950351542,-0.0026147799071975751,-0.0030407104026308612
-317.17002442402492,171.10219146980572,0.02962898135739369,0.062937058980542165,0.034411778026612154,-0.069603347319678946,0.032020379692002922,0.066270203150110563,0.032020379692002922,-0.066270203150110563,-0.0023913983346092321,-0.0033331441695683903
-330.2751441338624,144.55585559687924,0.027989448747352052,0.054485521255832794,0.031688638225391814,-0.061460488306927831,0.029839043486371931,0.057973004781380316,0.029839043486371931,-0.057973004781380316,-0.0018495947390198813,-0.0034874835255475183
-340.63568567770022,116.54845348090254,0.026829596306456378,0.045259171906013904,0.030286421254818133,-0.05268066199153746,0.028558008780637256,0.048969916948775685,0.028558008780637256,-0.048969916948775685,-0.0017284124741808772,-0.0037107450427617782
-349.25459628904861,88.084060986879976,0.025200784673809259,0.033438801050083192,0.027889213625134562,-0.040823786894077826,0.02654499914947191,0.037131293972080509,0.02654499914947191,-0.037131293972080509,-0.0013442144756626515,-0.0036924929219973174
-356.27235138548366,59.165495867738855,0.024492806295014002,0.021313246986073123,0.026196839167666876,-0.029221133401634829,0.025344822731340439,0.025267190193853976,0.025344822731340439,-0.025267190193853976,-0.00085201643632643737,-0.003953943207780853
-383.57302059347984,74.044019891741229,0.021126009192343084,0.026845445466487941,0.023036777589552093,-0.034901804125169647,0.022081393390947588,0.030873624795828794,0.022081393390947588,-0.030873624795828794,-0.00095538419860450446,-0.004028179329340853
-376.25606811305943,103.25289190383974,0.022343709906097235,0.038837098517394905,0.02559325090870487,-0.047099375487717442,0.023968480407401051,0.04296823700255617,0.023968480407401051,-0.04296823700255617,-0.0016247705013038172,-0.0041311384851612683
-368.41089853740255,131.70707140350203,0.023629689200682827,0.049609229715331271,0.026926140631002255,-0.056586071537488764,0.025277914915842539,0.053097650626410017,0.025277914915842539,-0.053097650626410017,-0.0016482257151597141,-0.0034884209110787462
-356.33119517573891,159.27658289829296,0.024816555620069406,0.057474352710701178,0.029009622978393962,-0.065323624036554895,0.026913089299231682,0.061398988373628033,0.026913089299231682,-0.061398988373628033,-0.0020965336791622779,-0.0039246356629268585
-343.52156040360234,186.15660924818158,0.026561712757904463,0.066393752721457949,0.031526440097635944,-0.073752799725433568,0.029044076427770203,0.070073276223445752,0.029044076427770203,-0.070073276223445752,-0.0024823636698657406,-0.0036795235019878095
-326.9435547394574,211.81115886808516,0.028951379861206016,0.074565343072933887,0.034413364206006193,-0.080721480338908247,0.031682372033606104,0.077643411705921067,0.031682372033606104,-0.077643411705921067,-0.0027309921724000888,-0.0030780686329871798
-309.8639692984878,236.08656249807686,0.030779925532189847,0.080408745791595196,0.036634636620319447,-0.08553862036703809,0.033707281076254647,0.082973683079316643,0.033707281076254647,-0.082973683079316643,-0.0029273555440647997,-0.0025649372877214471
-292.03736365793247,259.33340635357706,0.032411271601295366,0.084353028058612223,0.038883451136355288,-0.089977225708522512,0.035647361368825327,0.087165126883567368,0.035647361368825327,-0.087165126883567368,-0.0032360897675299607,-0.0028120988249551448
-270.58790255872776,280.89684063032263,0.034551668970364505,0.088292690953925473,0.041468960380331883,-0.093506173989073196,0.038010314675348197,0.090899432471499342,0.038010314675348197,-0.090899432471499342,-0.0034586457049836893,-0.0026067415175738615
-248.75707063885329,300.68184921460801,0.036759942309411549,0.091696780169732289,0.04394147452205082,-0.095985945973827577,0.040350708415731185,0.093841363071779926,0.040350708415731185,-0.093841363071779926,-0.0035907661063196358,-0.002144582902047644
-224.78972915277018,318.97519191934174,0.039350483992246631,0.094510701613790188,0.046631902601169381,-0.098505788283064361,0.042991193296708002,0.096508244948427274,0.042991193296708002,-0.096508244948427274,-0.0036407093044613752,-0.0019975433346370863
-200.26042060887161,335.26746584830011,0.041884126194193814,0.097043734990915856,0.049331246299918294,-0.10013682320273883,0.045607686247056051,0.098590279096827341,0.045607686247056051,-0.098590279096827341,-0.0037235600528622396,-0.0015465441059114848
-173.42833243241697,349.45968954468498,0.044719480642193304,0.09926528445990751,0.052381249988526717,-0.10181729881978194,0.048550365315360014,0.10054129163984472,0.048550365315360014,-0.10054129163984472,-0.0038308846731667061,-0.0012760071799372136
-145.95310736940448,361.61112736341852,0.04787830118524012,0.10119996032174941,0.055247014213805651,-0.10282297491889918,0.051562657699522882,0.10201146762032429,0.051562657699522882,-0.10201146762032429,-0.0036843565142827654,-0.00081150729857488307
-117.78305673954252,371.55545580593076,0.050672688884746825,0.1017235528595351,0.057810020958703315,-0.10267669334209378,0.05424135492172507,0.10220012310081444,0.05424135492172507,-0.10220012310081444,-0.003568666036978245,-0.00047657024127933933
-88.988519353432494,379.62423456531297,0.053363226911856451,0.10209201932777107,0.060900425762874827,-0.10328705328000921,0.057131826337365639,0.10268953630389013,0.057131826337365639,-0.10268953630389013,-0.0037685994255091879,-0.00059751697611907378
-59.848496131887551,385.30419258208377,0.056434512542831848,0.10256886614918072,0.064011779837778671,-0.10327688757791689,0.060223146190305263,0.10292287686354881,0.060223146190305263,-0.10292287686354881,-0.0037886336474734113,-0.00035401071436808734
-30.681871614397739,388.97902025431608,0.059519682134570151,0.10286969105315238,0.067275055722654145,-0.10321509618190486,0.063397368928612141,0.10304239361752862,0.063397368928612141,-0.10304239361752862,-0.0038776867940419971,-0.00017270256437623699
-0.24786587508049099,389.76529158726333,0.062736857221163608,0.10281000654781811,0.070187463577883705,-0.10249318368258567,0.066462160399523657,0.10265159511520189,0.066462160399523657,-0.10265159511520189,-0.0037253031783600482,0.00015841143261621782
-0.76402687301526628,390.21286577788686,0.062490868686535445,0.10286676487265679,0.070126246462810626,-0.10255987910758947,0.066308557574673035,0.10271332199012313,0.066308557574673035,-0.10271332199012313,-0.0038176888881375909,0.0001534428825336609
-200.09333803279321,346.10081858444477,0.042691485800193052,0.09969885498732918,0.049994089820738996,-0.10285849986753579,0.046342787810466024,0.10127867742743249,0.046342787810466024,-0.10127867742743249,-0.0036513020102729721,-0.0015798224401033026
-225.70239696585122,330.42448145046995,0.040139560370513062,0.097907039295422105,0.047380932296317756,-0.10114345400029807,0.043760246333415409,0.099525246647860083,0.043760246333415409,-0.099525246647860083,-0.0036206859629023466,-0.001618207352437985
-313.07110736283374,248.9634868883451,0.030644168060264165,0.083038773331679902,0.037047545028255635,-0.088829010716017898,0.033845856544259902,0.085933892023848907,0.033845856544259902,-0.085933892023848907,-0.0032016884839957353,-0.0028951186921689978
-330.50595059332727,225.31654869140561,0.028420725003648745,0.076643373657476574,0.034366651397722353,-0.083729597940288461,0.031393688200685547,0.080186485798882517,0.031393688200685547,-0.080186485798882517,-0.0029729631970368039,-0.0035431121414059435
-390.44995065779614,88.723741389434167,0.020905207462448099,0.033024693540673181,0.023463095101133723,-0.041484459526150784,0.022184151281790909,0.037254576533411979,0.022184151281790909,-0.037254576533411979,-0.0012789438193428117,-0.0042298829927388017
