x,y,gt_out
-4.457157566769604,-0.00866565071862091,0.0
1.2179802914802895,-5.655731899536665,0.0
-4.224886985070529,5.138532275524433,0.0
-5.1549530861496375,-4.442712607208424,0.0
5.379941439501302,1.462603113556594,0.0
-1.5720825152425082,0.13668026163915137,0.0
1.9541154302015915,-2.6962942108664483,0.0
-4.344383125596536,3.4564751340479027,0.0
2.0443270092298054,0.1485877617979252,0.0
3.800837231635896,0.5889032264403156,0.0
5.7709636715676655,-3.5458864640394614,0.0
0.6447643543827333,-0.19650363691934736,0.0
-1.760701739274623,1.0991436473885212,0.0
-3.1763852199890334,3.6264322053418017,0.0
4.408002622108976,-4.454883945265788,0.0
-0.395121519140746,-2.674261289595548,0.0
-5.002596027177091,4.75133169900441,0.0
-0.840615695425976,-4.227704400454871,0.0
2.0803482873109296,-3.573407666543542,0.0
4.8171729442581235,-3.394220910977662,0.0
-5.603103751470856,-3.590772550065368,0.0
-1.851025514932326,-0.3731020389301847,0.0
4.873612066746727,2.368333064835573,0.0
-1.9281520710906568,-5.797473418830026,0.0
-4.082115670740228,5.957230506476046,0.0
-0.4834082412817846,2.2924789958251104,0.0
-5.343983263177944,-5.591396652635549,0.0
4.15068127734069,1.054583288002326,0.0
-2.295483081545256,-2.1914803406239507,1.0
-4.929152946987015,-3.927964786697095,0.0
-5.704966710417764,4.06949818047338,0.0
-0.4043616335620186,-4.473565007297635,0.0
2.870962488404304,-3.6521660406561485,0.0
-5.256957178218569,1.1807052878884576,0.0
4.74909302089538,-5.676679063383567,0.0
3.6616318787000317,-3.7179597992599107,0.0
-4.885182940361434,-5.7844555721693265,0.0
-2.4842991958549683,2.7253409277830176,0.0
-0.0818525879025973,4.235039933454333,0.0
-3.393464357742116,-2.2178070342788203,0.0
-2.90230977774494,5.739613647770604,0.0
5.292071935817219,-1.9117658897218917,1.0
-0.7679819568920276,-2.2281644555537654,0.0
2.9581070076649265,-5.519842769361717,0.0
-5.1907328028956865,-1.1515489503791247,0.0
-3.058871386631232,4.142699780414722,0.0
2.901685157703481,0.5495277902754809,0.0
1.9377061717620077,2.3073492802190856,0.0
3.372657880780105,5.130031165388193,0.0
-4.203177914547204,1.513561892944578,0.0
-4.276542682639739,-0.6824287045836375,0.0
3.435417463484784,4.736373524233745,0.0
3.110737849494356,-5.575101551020875,0.0
-1.6870550827946795,-4.043318010941653,0.0
5.985629851588822,-4.271815708439552,0.0
-3.0682266858422045,-1.7133634466456762,0.0
-5.2693595650897445,4.444619004520005,0.0
1.6363370623574909,-4.083021120498961,0.0
-0.020777307449398208,-5.0559628963805086,0.0
1.331757448318748,-3.220041262830508,0.0
-5.536332805622898,-4.61714995567317,0.0
0.663151471442653,1.6437673314981858,0.0
-2.102392234389635,1.721429154733042,0.0
-1.7752068010966475,-4.432091918517207,0.0
-2.2174766169195936,-1.2567812849541653,0.0
4.951666016437137,-4.612075515362924,0.0
-4.966033313192958,0.7380243248605538,0.0
5.56071346163791,4.887061515081514,0.0
2.402928693414898,-5.198991040252137,0.0
3.676817091370671,2.2004968485858907,0.0
-4.27283712898886,-0.4206752876715445,0.0
-5.408128135445591,3.622511583415795,0.0
2.623610606259394,3.655537199016635,0.0
3.1249876874421254,-2.7929090764476316,0.0
3.476886173922134,-3.0099522489551234,0.0
-4.345254264763284,-1.3153195966902267,0.0
-0.025915765307662042,-2.570134228356352,0.0
1.269394854647011,1.2300447505127332,0.0
-3.1221881014282027,1.4708098539917858,0.0
-1.7129649893498833,2.816275183845004,0.0
-2.5149845805729156,3.5855211460844476,0.0
-1.0186742293750868,0.6388828131164708,0.0
2.0801558602564203,0.22052850601735496,0.0
-2.9085820147435353,5.752579037944994,0.0
-4.84733511735187,-2.100915886601361,0.0
0.5893475769892493,-5.65559433284436,0.0
-4.141042966895691,3.591173022727176,0.0
3.405772583940788,1.6435967654772803,0.0
4.821595921132655,3.0662808400446693,0.0
-2.414586396612945,1.7383983145517128,0.0
-1.9190116276895344,2.9981331950901176,0.0
-1.3824754938664112,-4.161079694902881,0.0
4.517479298708526,2.28486536764321,0.0
2.9361448698517485,0.7151749740419184,0.0
3.39529941356383,-0.6255192434556349,0.0
0.7895164879589185,-5.249234611289982,0.0
0.6608245696611412,3.775243199013671,0.0
2.4665462846276345,3.637826343950456,0.0
-0.046810564126023024,4.576021633352859,0.0
-4.700371941948685,4.50840635738594,0.0
-1.5447420631457227,-4.908449619408659,0.0
1.4319962218824145,-0.5412887390469896,0.0
-0.859528769607202,4.2243484945746665,0.0
-4.346503590719774,1.4032177117556177,0.0
-1.034998218942432,0.3391050592428746,0.0
-0.007087432414274453,-4.390451098464959,0.0
0.14418458431293502,4.345265885689299,0.0
-3.9451890569115298,-5.862373299245695,0.0
-5.189216438840747,-0.48245156237878994,0.0
5.693424644299167,-5.469157212149726,0.0
5.891154160873739,0.43263698692095787,0.0
-4.5583167366788775,-0.977527499787227,0.0
-3.511679154668674,2.5698176171375167,0.0
0.4981642855871051,-2.5444805739476455,0.0
-2.9349283595587066,4.403722476439949,0.0
3.1949042885391847,-0.7657794951019108,0.0
-1.1338651991661797,2.8496748763876525,1.0
5.648815547469491,-5.044888420479074,0.0
-4.09099660281864,-1.6520796021153217,0.0
0.09257752490207594,-5.143095036717632,0.0
-5.358124651713656,-3.366452981028219,0.0
-1.3684857101145873,2.8713830535403773,0.0
1.3189717727529047,-5.649550854601191,0.0
-5.459845758046665,-0.5756432862188392,0.0
4.498207840061269,4.979965411291092,0.0
-1.6187348602847713,4.648471910135957,0.0
5.149491700375549,-1.1206318345925572,0.0
2.952877940412293,-1.6158918430670575,0.0
-4.157075853063211,0.9023754624095286,0.0
-4.96293225268423,1.9602378953003914,0.0
3.7103988749167485,4.984871315529446,0.0
-0.6237001797627943,-4.591382409130071,0.0
4.8298981670688885,4.444439043685428,0.0
5.61132261631583,1.1277461916331575,0.0
2.080842649681305,-1.5206462646266221,0.0
-3.802368269323156,-2.499419846921219,0.0
2.6478784720094115,-2.1001963880263896,0.0
2.2990377554266335,0.025910509909126134,0.0
-0.6120468990519345,5.611534829360213,0.0
-4.006913800838014,-0.15407047444480604,0.0
-4.083424312276742,5.249483655825422,0.0
-0.13656705606807584,-2.0164078123220817,0.0
-3.980156481594526,1.1292083917024165,0.0
-1.2124928937514632,-4.473838374602746,0.0
-5.611514973880229,-1.3043688010107157,1.0
0.9980211177270988,0.2259012791918007,0.0
4.800332968867693,4.939422029593114,0.0
5.235569233093818,3.5963117953689903,0.0
-0.26861063804626717,0.2855414169051791,0.0
-1.2322192808852632,-1.2054744914700608,0.0
-5.501043907639994,3.585869651469274,0.0
-3.047756310017728,-5.647931473275331,0.0
-0.40224776571620247,2.6142744028982943,0.0
-0.7676185187332951,-1.6304005530883527,0.0
1.9023250707535766,-4.045742935117259,0.0
-5.86401745778288,1.10907617765535,0.0
0.36540643325517586,4.38984605767121,0.0
-1.0095575842418185,3.433383595383413,0.0
-5.784889778358476,-5.6726657990957134,0.0
1.1827853679832998,-3.285124098876333,0.0
-5.192814277907273,-4.467005189716527,0.0
-1.503083122892365,-1.9543568165031626,0.0
0.7655098725422587,4.651143580330375,0.0
-1.6118691679033557,-3.790120064256887,0.0
0.9363629733399303,-5.974106661846198,0.0
-1.3821796037506644,-2.193157348821192,0.0
-1.3513047978987132,-5.39038762840843,1.0
0.6506026334127961,1.4900125750449913,0.0
2.993585613817574,5.489444142741373,0.0
-1.7430885338357243,1.8754821180184376,0.0
-0.6954933796276919,-3.4194274311638915,1.0
4.671542583407678,2.950876587787942,0.0
5.313466771350232,3.8585043155711034,0.0
5.009616175009322,-4.46342504657196,0.0
-5.811425571296939,-3.6169532463680873,1.0
-1.054498868500894,2.2517161886888015,0.0
-0.7384657997671891,0.16015536152169663,0.0
3.1319053512420076,-5.152758764956173,1.0
2.1396026160393298,-5.415256099430704,0.0
-3.016217620949567,2.667285283168628,0.0
2.1968191188610753,-1.1365621241167982,0.0
-2.4653079050224243,3.9372931440550936,0.0
-2.702959332612935,-5.625463821701081,1.0
-3.0327925125771693,-5.745679419114362,0.0
3.7282901757607565,-4.53276194829287,0.0
5.687640493434657,-3.444195763258796,0.0
-2.3271430200281147,1.022307435064139,1.0
-2.3015027153900984,-1.448473376382907,0.0
-4.749477673421332,-1.331148151156901,0.0
-5.697204721345369,-3.312396930948109,0.0
4.913643954680541,-2.6306823114693625,1.0
-2.7492198601976514,2.151149277322016,0.0
4.594839254985661,-2.4498678702186325,0.0
-1.484054241357346,2.5760682565142137,0.0
3.505751706044107,1.3655269470729792,0.0
-3.852031119917786,-3.8311761571397103,0.0
3.0954322398591803,2.481956874128569,0.0
4.755347092301868,3.3576009991653546,0.0
-0.9454001283763471,-4.400706332237744,0.0
4.685664823824071,2.346517551396783,0.0
0.916504656187719,2.182430679087469,0.0
-1.3782601121345586,-1.8806384272811112,0.0
0.9052638625503828,-0.20703316105218672,0.0
2.5076370799370373,5.233117740042498,0.0
4.167538007427298,-1.3503547573105843,0.0
-1.5302801829256563,5.12198722861187,0.0
-1.264537088592352,3.6028678262403364,0.0
-4.887097083548013,-0.5867049989164821,0.0
0.1948640301266238,3.7060583632376662,0.0
4.531321818711426,-4.168089275858584,0.0
1.4058698324276122,1.5496749369852072,0.0
-4.1815172893394,4.002863495600582,0.0
0.6415635388833998,5.5405969766973335,0.0
-3.7642645939058013,0.2996412302004501,0.0
-2.1185792520677875,1.7097008074211324,0.0
1.2968956473734545,0.14912212992654084,0.0
-2.1017245438506102,0.04731963545697315,0.0
-1.5329294005489151,4.689361179240338,0.0
-0.4617197901799699,-0.29719728424976033,1.0
-2.8972918522393325,-2.9539775235706274,0.0
5.44665110730125,-2.231949394782567,0.0
4.420099742987366,1.1373211326962647,0.0
5.766236206509758,-4.031104999652759,0.0
5.298887047266078,3.269636681955717,0.0
0.8161463971760128,2.5062789548386135,0.0
2.6692341477954216,-0.6193885172965974,0.0
1.613737915454374,-3.2572793072348842,0.0
-5.743678138290251,2.1180688220501303,1.0
-0.3065157294405916,4.866787078216941,0.0
-2.8315486801076974,3.815533692913048,0.0
5.83592865648478,4.776994305864321,0.0
5.57286659740798,-4.091208289388865,0.0
-4.019041627976321,-3.26032360910544,0.0
-1.6622049015696136,-4.615188348989961,0.0
-4.191708828923251,-5.7782756730031295,0.0
5.199467507170468,-1.6670232274616517,0.0
1.5123764045717358,-0.5455745423842631,0.0
2.916614696828841,3.6735943157671507,0.0
-1.4041238228876196,0.4239031029771345,0.0
-4.830098850252843,-2.5742831507552335,0.0
-3.326891724494047,-2.2972899883663653,0.0
-2.1065739620993003,0.90005363684506,0.0
-2.00675991258493,-2.077666096318063,0.0
3.9754113046168396,-5.854283608428824,1.0
-5.936883801201706,-5.314600393473343,0.0
4.386542450292591,1.6048806296233895,0.0
2.735558510391277,5.492265126198571,0.0
-3.3839975453552076,5.040001949054901,0.0
-3.088795724674069,0.22638871141336914,0.0
2.172842644232759,3.567105597606133,0.0
-3.022666976330053,-0.27571067916109016,0.0
-5.452911165482371,-2.5454575904733017,0.0
5.771611871628634,4.861240014364894,0.0
0.9850867572445106,3.437921439831751,0.0
4.826526202544407,-2.0177392060201713,0.0
5.766005697252428,-0.6176530846087154,0.0
-4.093242938882764,0.3608911991900081,0.0
1.123711897110299,2.3140149566638435,0.0
2.0514351385721135,-5.502658205301736,0.0
1.6685336972649525,5.059499638954879,0.0
2.041274606059652,5.702589130678794,0.0
0.1380922910951039,3.722502076600348,0.0
-4.316730577325325,4.746495517890072,0.0
-0.7627435318254925,4.5200320030676835,0.0
-2.1500583482664988,1.4918435954147107,1.0
4.159122357459051,2.5362831762636784,0.0
1.4391472799625697,5.647763421405433,0.0
-4.944039746229956,-4.776056650440311,1.0
0.6189636810248196,5.456281471416011,0.0
2.237729969937444,-2.2842668743041425,0.0
-4.707389181831354,-0.620565395742263,0.0
-0.23651582264079618,-0.38070094644050023,0.0
1.432024308106305,-2.726363547649836,0.0
4.564717487109778,-2.5400548070183224,0.0
-4.7151141669290215,-1.8124980458114077,0.0
5.228600138336796,-4.086916480717333,0.0
-2.667735416424781,5.118900822511943,1.0
-1.823020241167706,4.11713565472002,0.0
-5.4548173071087,4.6618157935183255,0.0
-3.1526614349950197,-3.8332016236678577,0.0
2.906921728823246,5.873535753437141,0.0
5.511388842538057,3.0277616084614802,0.0
4.97138827142634,5.84473645571957,0.0
0.6333049133912549,-4.26465614089231,0.0
4.192633941651145,-1.2494115139105944,0.0
-2.248161986559437,0.010923938900358365,0.0
-5.58156933652525,-5.775594144322195,0.0
-2.8282179560813874,1.1505060898988297,0.0
2.992979532623327,5.486308774581703,0.0
3.817688525145549,5.293353846488889,0.0
1.636075618893038,2.8068099030921108,0.0
1.0484248764802722,-5.022806354003867,0.0
-5.257154162109359,3.121673845289159,0.0
-3.5718444245680026,3.4778334263027606,0.0
-0.43132062614726685,-5.916635591696863,0.0
0.7383634911432182,-0.6835446756982773,0.0
-5.11338962281963,-2.867104949876672,0.0
-2.3202772011300663,-1.85183612541854,0.0
2.481950387243817,-3.9927175059382876,0.0
-0.68049249192776,1.2819785498501357,0.0
5.3560538031386535,-4.620148726091256,0.0
-5.0481638548637475,-3.6994409497480594,0.0
-3.353056893757044,-4.046782708160718,0.0
-5.088045744350897,-3.4854542616596387,0.0
-3.319623470239286,-0.24541162414332796,0.0
1.7728263286553112,-1.6335759799101766,0.0
-3.981864708527829,-4.863935051288141,0.0
-2.843081171290148,-3.950209735069655,1.0
-0.22757414286039257,4.453086042173437,0.0
2.5974082231913975,-3.561189039319684,0.0
-5.570073571252349,-5.188597013349828,0.0
-0.7705157315173263,-1.6368652392457452,0.0
2.18923902784063,-4.99332911782547,0.0
-2.9453876923055184,2.229356995427853,0.0
0.8168124429848564,0.20036408715960796,0.0
4.8199660405868645,-4.6400301492315545,0.0
-3.654267681916615,0.7868479145264784,0.0
0.7837393581016663,5.761226492984028,0.0
5.729104406055191,1.0472443840343466,0.0
3.106395091965025,2.3689841660498523,0.0
-4.404796728268085,1.2275037457734728,0.0
-2.330826827837552,-1.692450203604575,0.0
-4.124589872541906,-5.899995932257971,0.0
4.243757029893004,2.6046850149919702,0.0
3.026398260045383,-2.543666686602152,0.0
-0.9912895392576431,-3.886768972816276,0.0
1.2261112171856032,4.070416519216716,0.0
3.3458941609512305,5.20559002885506,0.0
-2.874398266866095,2.4159796156756883,0.0
-4.479406789013997,0.4356136903100811,0.0
-4.67700389326089,0.4841939437143754,1.0
0.5054870175934605,-1.8366079523738392,0.0
-1.8060666989783325,2.533391127353978,0.0
-0.22743152612201278,-1.1083483268642986,0.0
-4.647429820033565,-2.6125201844998696,0.0
4.164796187378656,5.663831575539197,0.0
-1.5218713717575358,4.449691826894288,0.0
4.48437265003515,-3.382805954808789,0.0
-2.7142664927847897,2.3524807718013943,0.0
-2.327882410466797,5.463555918938209,1.0
-1.6190128238969033,2.76242961688461,0.0
2.4875103418851694,-3.4362454059153356,0.0
4.391766309741826,-2.055326543183605,0.0
-4.679108172454202,-5.398087627494799,1.0
-0.5780257467409111,1.5959144969079748,0.0
-2.743419659328355,4.102951854288493,0.0
-2.789810368129205,4.169911771156283,0.0
-5.6030603483607795,-2.84805215255155,0.0
-4.086232747780572,-0.6276022883648587,0.0
-1.7899581003145375,-1.262910851332494,0.0
4.218512357377229,0.9547217837793962,0.0
1.2653633932341553,-1.3197452789269466,0.0
3.6963111929475048,0.021392160005462735,0.0
2.9520467801320596,4.97032810886572,0.0
1.3441269389123018,-0.778095707169955,0.0
-2.836525719060267,4.94403048137055,0.0
3.178758412262031,3.594321062299798,0.0
-3.343206574156668,-0.7596353388812522,0.0
4.60312437259212,-3.0481087020979856,0.0
3.7669973986383916,0.4637796264533893,0.0
-3.374902440188656,-1.4944925513803486,0.0
-5.085219672108968,2.0769016690341218,0.0
2.7230976406621377,-5.652305504606257,0.0
-2.383026002802101,3.2251779540717553,1.0
-3.5956509521336812,0.4438383820546594,0.0
3.6705477431189824,0.839627502443947,0.0
-4.5333345906481,4.91002051337934,0.0
2.9605719428354824,0.7792556150618104,0.0
-2.0058950864776213,0.9877214509667578,0.0
-1.3015493568474676,-4.575702926943328,0.0
-4.534359639269091,-5.456267872373566,0.0
-3.9557682777325938,-3.053005674213601,1.0
1.6234912737677556,0.9620141627035164,0.0
1.0864681511834675,3.8641106768245397,0.0
-4.858345895827236,-1.333174989021578,0.0
-5.048482077629667,-0.9747825064012057,0.0
-5.05447018362585,-5.203864849471971,0.0
-4.748967687463724,-1.321331409438443,0.0
3.1572409963709323,-2.617049718816097,0.0
2.901676143128787,-3.2005667213586073,1.0
-2.5534165830952182,-0.3428600361251952,0.0
-5.100236064116579,-0.6135019782971494,0.0
1.0028516779724974,3.894899826274063,0.0
-5.326072892006974,3.5989909776407423,0.0
0.8359027836037178,0.9400111526498183,0.0
-5.386986074554627,4.558575800052141,0.0
-2.672005279094018,0.5577080268269743,0.0
0.46350504949224725,4.920934008530857,0.0
1.216991582299773,5.896291661953759,0.0
-3.2142587191278365,1.9460482334960387,0.0
0.9219478068315894,0.1624308940909236,0.0
1.5314488078963766,0.6071182411471758,0.0
-1.9580047566666163,1.6989500955501615,0.0
-4.999301703553132,-0.25176688244153134,0.0
-0.5661383780129645,-3.441235557232539,0.0
0.8170592799252994,2.0390318466792703,0.0
-4.499841395683784,-2.4362094111103305,0.0
-5.255698292820542,1.165947768284763,0.0
-5.0197906662865215,-3.2471783286280704,0.0
-0.625616983396494,-0.579102935839245,0.0
-5.604157987299525,5.367908074248728,0.0
-3.2395841914808985,1.3196548908254542,0.0
-3.333518933224395,1.1493084762134504,1.0
-1.7670354799624013,-2.176962545408288,0.0
-0.3072216578352869,1.035833266655275,0.0
1.1782261657438724,2.261984197956151,0.0
-2.7769677587409887,-4.9007693953351605,0.0
-2.9597857313269094,-2.0795956048869146,0.0
1.2884843486053406,-1.027384029500137,1.0
-2.264858816674882,-4.819884343991122,0.0
1.1596587187959635,-4.680303300099851,0.0
0.20273987112458158,2.2603182715879147,1.0
1.4771792924500717,-4.083341962511465,1.0
-1.7284617363689412,5.29121005389235,0.0
-4.910719977611251,2.14511951000687,0.0
-0.7631160101370824,1.362032134443412,1.0
-1.275362366472768,-4.514574967073365,0.0
0.7487418782030204,-5.926732840192879,0.0
4.3685540275811725,3.5849128983038003,0.0
-1.5148854549555537,0.4482072632877472,0.0
0.3300251059813162,5.756072678015823,0.0
-5.475335363691256,-2.42779661025905,0.0
-1.1157299178925904,3.448981237888626,0.0
2.7601471546568934,-0.9196650080021591,0.0
-5.859688537831028,1.7753272342493052,0.0
-1.1189865628254116,-4.598267230527531,0.0
1.5720543431661742,-0.6611723901267759,0.0
-2.3231456948450124,-2.7702127032121675,0.0
0.24983914658177753,-3.0279784502441864,0.0
-1.2805610057236834,5.303580187806325,0.0
-0.26695990629295085,-2.9581704262139352,0.0
0.2550532912108068,5.007882761931574,0.0
4.394991169870719,2.1269992393394226,0.0
4.788668109622829,3.079688981108461,0.0
2.1617661930895924,-0.8633012950844732,0.0
-4.207210863045356,2.7844143320461683,0.0
1.6111527588894212,5.614544530947114,0.0
-2.148048891369046,4.520874572701835,0.0
-3.377293030839104,5.355085785903849,0.0
5.949597098963636,-5.433970325656128,0.0
-2.104391965687013,5.979196310312496,0.0
5.619739651001877,2.0475095636056864,0.0
-4.386207020672195,-5.920589142080162,0.0
-3.009232080389477,5.333214977101308,0.0
3.6589194768276396,-0.8580117439170412,0.0
3.1347570669544247,4.82735016028864,0.0
-2.4010501506244712,4.492733781467598,0.0
-2.7655498436068777,-2.0555716720049344,0.0
-5.4633583210026515,-4.077802626248186,0.0
0.6103648990651127,-5.71272314903301,0.0
0.549565172820178,-3.9602400052761606,1.0
2.985046637012754,-4.464173855654147,0.0
-3.5158404858091044,-2.7731943812821926,0.0
0.9926387267915109,3.7018397589862175,0.0
3.038531637897126,2.894852728695465,0.0
2.180560817796854,0.5202443220586179,0.0
-1.8885207958548555,-3.8416310051313602,0.0
4.364904234266229,-1.089727255987027,0.0
1.8024920715786426,-5.180647831075637,1.0
-1.6694439904831437,-4.795012024953078,0.0
-1.745600102849747,2.7988356032410806,0.0
-1.9062906671333408,2.1862481316745264,0.0
-4.52196799447333,-1.380343108472621,0.0
-1.0790450154925715,0.1085627889774381,0.0
-3.259312810042876,2.384130093740536,0.0
4.587708967422396,3.7515597360709627,0.0
-5.6294817674270154,-0.14263681046395504,0.0
-1.8719283778243048,0.8741209320261074,1.0
-5.000518121621768,2.7556651016550973,0.0
-0.9986790143218016,5.326910480984839,0.0
-5.7710955658952345,-0.9870770897252044,0.0
-0.1595988319616808,3.972998875502615,0.0
3.0766463913927353,-3.8157370508554025,0.0
-2.3071852049434978,2.8292761099729233,0.0
-0.9635177587469617,-2.843434178014561,0.0
5.167803038366618,4.117660141295161,0.0
-1.735334936251606,0.5944609366396527,0.0
5.150305732055468,-3.401311414331916,0.0
4.9096416391947955,4.6136700485519455,0.0
2.7178662743644804,2.2327208049876823,0.0
2.220321635679852,0.5306080628881364,0.0
0.987464103771269,-3.6319575767321504,0.0
0.7512919881833255,2.075266787274442,0.0
-0.17348250289943845,2.1514155523253997,0.0
-0.5016739389848581,3.6418103366693693,0.0
2.6507175498395448,-4.931467209399962,0.0
3.231720909836998,-2.5823514947537265,1.0
-5.022845097040913,-4.545332133647218,0.0
-2.1121081333247176,0.2957092854529373,0.0
-2.03755756845491,-3.5586764108405173,1.0
3.230721131967476,-1.5146738264604451,0.0
4.486974577667658,-3.066003817818735,0.0
2.278698224303776,-1.7103582821918977,0.0
4.196620506010781,1.7567837117047933,0.0
2.1431372521497547,-4.885691927234856,1.0
3.0164404720897124,-1.7469462774773685,0.0
2.88231421828395,4.1424475920468105,0.0
-4.531199736078735,-5.815877449298725,0.0
3.095459912136061,5.622357567184025,0.0
4.804569638087397,-0.7734848945085222,0.0
4.003594139205669,-5.717862593145629,0.0
-5.297943282577647,0.977568279757465,0.0
0.33048898344815925,3.8985812197709535,0.0
-3.198576856402325,-0.4479913043336108,0.0
5.874005303876089,-2.3667239270885383,0.0
-1.1465439498872945,1.2903210256612496,0.0
5.941207219587927,-3.807075106159147,0.0
2.291643431207291,-1.0296544024977905,0.0
-1.1912519000521726,-2.9182231358289044,1.0
-0.4149543423424449,0.8977217902824197,0.0
-1.2930435765627077,0.06847481839741931,0.0
1.6319985746381835,4.2208713335741574,0.0
0.7325212903791645,-1.4091845869066795,0.0
5.537985578564488,-3.929702230844113,0.0
-5.454085353411178,4.900211883156825,0.0
-2.809799296338729,-4.1817735825566835,1.0
-1.3765956960265644,-1.8852925905604616,0.0
-1.7440510027143903,4.213366825318641,0.0
-2.514847132758848,-4.408219734022374,0.0
-3.4117959422867785,5.396334916165586,0.0
-0.8538954117244684,-1.671406231144072,0.0
3.32840469838548,5.227180593640018,0.0
0.12249129555209315,3.7747937545812746,0.0
-2.8250973523659413,-1.7946775588145751,0.0
0.9172635044949935,-3.1632319264047113,1.0
-2.6974181877410173,-3.7494690779512445,0.0
-2.8522260361746525,4.071887214220563,0.0
3.537504468509333,-4.632757645149917,0.0
-1.8129106201323335,2.666946132146979,0.0
4.316707609561416,0.7224038752901603,0.0
2.7193066912090806,-3.151100432130678,0.0
3.3817633195326486,3.85053740767826,0.0
-1.1160297215300172,-3.1699227696600687,0.0
-5.602977611819966,1.5545608607514154,0.0
1.5904392447088576,-5.985644695501771,0.0
0.24178971727089582,5.2613380300639605,1.0
-5.653484928307524,-4.351188377919313,0.0
-5.306856773054447,-0.7615435134608166,0.0
-1.3826747414555456,4.441994424197587,0.0
-5.202829972756216,-3.59386131610907,0.0
5.255880860913152,-5.77189506886068,0.0
-2.8901303653267205,-1.2689552367657875,0.0
-5.992970718344717,-2.5535356068010615,0.0
1.2351445443648918,1.3833078922486077,0.0
1.3049953999795063,1.809972120602839,1.0
1.3736547599784696,-5.5852380064736575,0.0
1.857398588423795,1.0055745434857482,0.0
-3.386992304290469,-0.965673498518095,0.0
-3.147895036253035,4.4159675255967255,0.0
-2.654436116027552,-4.045191346191823,0.0
3.559582687448273,3.1336293147810323,0.0
4.22607608625975,2.1283431610809203,0.0
-0.9979181399603991,-0.29382559148672005,0.0
0.662335537291332,1.1519733775216752,0.0
5.34239110628611,-2.815046358145443,0.0
3.221024737291337,-5.796919314155018,0.0
-3.717169600674091,5.332640494792466,0.0
-2.987046856793316,0.13265767573338927,0.0
4.997830997080207,1.854858668975094,0.0
-0.13851763631230618,2.4218737293181754,0.0
5.74042955963753,5.294418663778512,0.0
-3.824886137384569,-4.319586993920987,1.0
-2.544602049711411,-4.2585206533548305,0.0
3.16866875297937,4.00530913070037,0.0
-4.3114785462974705,-5.121980048780662,0.0
-2.115028824053844,2.243056591506612,0.0
3.2426971913608114,-0.4716730512491525,0.0
1.6686317192761262,5.010525586671701,0.0
4.56264605332597,-4.587440361476384,0.0
2.558801921017027,3.3190577213983463,0.0
4.88748345740731,-0.9825810689121948,0.0
-4.1274189314260905,-0.31459156080944517,0.0
-1.5571098131726542,-1.275361667098629,0.0
3.6331259967788156,1.8224689500535742,0.0
2.1616739700137995,1.8323318933691741,0.0
-4.299851998426384,-5.29967785971056,0.0
-1.2593504655493986,4.196679196470479,0.0
1.7843474023996828,3.496253856595718,0.0
1.4696260572298936,3.4120266721483787,0.0
5.953974932445876,2.559550531873734,0.0
4.34024635152856,5.674406224617485,0.0
2.8872132989632693,3.7558088883854435,0.0
-5.0570219137692645,-5.563341497853674,0.0
5.080819254202604,-3.1474271426653004,0.0
-2.3360629521257095,-4.377287853042726,0.0
1.6144999606697397,-5.643753314551764,0.0
3.5890801882471344,-2.4193902745719837,0.0
2.926469779860156,4.928466362751173,0.0
2.283678813916575,-0.9053545794851185,0.0
1.4986982228623038,4.263363705014907,0.0
2.5351751431321787,-2.972920783941493,0.0
-5.90855097500496,4.557105703738767,0.0
1.4806799885587019,-5.238021035178367,0.0
0.6114646733132965,1.0682063514529343,0.0
-2.479671417589682,4.63235947732856,0.0
-3.122932074777725,-4.273903368363106,0.0
-2.2880816048053463,-1.939362606040964,0.0
4.608877485176587,1.8847804185357981,0.0
-4.536741825716634,-1.275987746598501,0.0
-4.766902661726739,2.468699299779324,0.0
4.25938653197159,-4.878043127128937,0.0
-0.0013215863439377529,-3.0646040630636677,0.0
-2.5794846176774233,2.9615691930629744,1.0
5.724358062224606,-2.6531096236063,0.0
0.5107565416720581,-2.2762520139274582,0.0
-5.254329243493416,1.229634390342964,0.0
-4.1357610984962525,2.2520111542132,0.0
2.966555400805822,-4.291868157933173,0.0
1.155403432904869,-3.4996384264257516,0.0
3.1576297170130694,-2.568765800602583,0.0
2.274873190108517,1.7747140929443521,1.0
0.9022234218263439,-3.388236866318795,0.0
4.011347877383141,-1.7420967604942081,0.0
3.2467357655833915,-0.3003344897838618,0.0
-0.6230511994580752,2.5466680933675647,0.0
-1.9096831788285176,3.1615644126831324,0.0
-0.6609506750641767,2.886487316662869,0.0
2.370562620296104,5.34391121954555,0.0
-1.0962843597674068,-1.8121216920398613,0.0
5.937957801082042,0.19617806029808094,0.0
-0.9783781486606884,2.4087758348689405,1.0
-2.998437281454276,5.493008838372152,0.0
3.046210116104298,1.7884098248356333,1.0
-2.497809406469111,3.7119076996813476,0.0
5.029561192958688,3.4969207061821503,0.0
4.947474049359986,-4.893707128387672,0.0
2.894694699700409,4.395673732426399,0.0
-0.28596746107005533,-5.038289776775649,0.0
0.5109226832268003,-3.089536336690578,0.0
-5.608766570389834,5.229557060651205,0.0
3.9877392193609538,1.6135647314852104,0.0
2.982102222229109,2.0573453749992723,0.0
-0.4459941666590481,-4.544741860342082,0.0
-2.53508872459205,0.07284159091332221,0.0
0.9850208626639763,-2.3819295714408795,0.0
-4.473365556696725,-1.8918490528732281,0.0
-3.7723864798165474,5.166927189438402,1.0
-3.3484506986352796,-1.2712601632681597,0.0
0.5023459317676426,-2.972462825605946,0.0
-0.061176841653427516,0.6326094043670629,0.0
-5.410731722633504,5.3690080236614435,0.0
0.4556749371318052,-4.247394132037886,1.0
5.789015816687479,-3.9810865956217265,0.0
2.7294056934615263,-0.21066991730035767,0.0
-2.909393470324956,-1.444562428915079,0.0
-0.22564539084178747,-1.5489671904384732,0.0
-3.0357446572271636,-1.0070143404455987,0.0
-0.7703649576195444,2.2530093918205107,0.0
-3.629363128253994,-5.454247831295562,0.0
4.005224454320203,-5.168472653545022,0.0
1.5772036199003647,0.5874883771690982,0.0
5.70036959846451,-3.7208646006204122,0.0
4.652112635666915,-4.436453328711693,0.0
-3.9419341659620657,1.845619442585873,0.0
-4.0120014502233055,1.0381194653810386,0.0
2.1001776646999986,-4.494802891636235,0.0
3.4818900436185345,-0.9229117621308109,0.0
5.604706666545294,-5.862767357414716,1.0
-5.056829918487322,1.4416264638264735,0.0
-2.9134942895982268,-1.1677499463786942,0.0
4.906571130575452,-1.8739147260558546,0.0
-5.385032011412371,-4.283666675001389,0.0
0.666797187333751,3.2973070847462473,0.0
3.093253484920634,-0.3414050205368042,0.0
-3.124421318826869,-4.457899478847816,0.0
-3.3209205194829567,-3.5955070410104524,0.0
4.889035357413572,-1.1069709896840925,0.0
-4.599776843002742,1.6577820613277954,0.0
-0.5131752970932446,-5.651050122108865,1.0
5.7571312510319625,5.355529946851048,0.0
-2.848932884751069,3.9958737958612947,0.0
-0.5387394806038124,2.0840508521555012,0.0
1.840238224561256,2.7826890290614195,0.0
-0.7140491082932678,-4.241042249307813,0.0
3.651603833916397,-0.7149409143558598,0.0
-0.6953331415845536,3.11108567938199,0.0
2.2246013817329313,5.867747934712154,1.0
-1.3449501458776494,1.6183558224691295,0.0
-4.994785791004574,-4.649382924813505,0.0
-2.943598568689856,-2.64063927137351,0.0
-0.6456014235196559,-3.2542348345277103,0.0
5.23366047019903,-0.864063122871821,0.0
-1.4117687806472095,4.824408917000728,0.0
3.54859144680683,3.2421421766215186,0.0
4.969182961788977,2.8388198182685898,0.0
-2.332601927809203,5.535968840804532,0.0
-5.674237330007133,4.765213013945683,0.0
-0.9670043535599806,-1.9480269030333996,0.0
-0.30507520777408015,-1.202356033644877,0.0
4.325298775133584,3.673257897261525,0.0
2.959928746555379,-3.207521553079194,0.0
-0.7212880284867351,-5.099457321464783,0.0
2.9100550240967777,-5.494193116958845,0.0
-1.2486393624538694,-4.1866398485988086,0.0
4.224752549070363,5.022415896059073,0.0
-2.525882789361665,4.4687915357755905,0.0
-3.8635724068722395,2.533676655633208,0.0
-2.9920168620098573,-0.6537170385738023,0.0
1.332104139647356,-1.786208335689615,0.0
-3.625858357694352,1.0542757944534085,0.0
3.527479783888639,5.949799434010828,0.0
-2.132222612251046,-2.908597073774584,0.0
-5.082821008922346,-3.5434279818231413,0.0
-5.688798787510443,-3.0036898250434403,0.0
2.711820509808758,-4.6236098386005064,0.0
1.7561370467779582,-2.461292832017502,1.0
-3.2536758707218465,-0.19693695372142717,0.0
-0.7651334566069217,-0.6385610607401482,0.0
-4.588920298160685,0.775245775790312,1.0
4.825277403916154,-5.888528606452693,0.0
-5.028059301613192,1.0314265689405087,1.0
-2.1772531376832323,-2.9770182451557914,0.0
5.855491927523122,-2.3017505959641427,0.0
5.050278679772536,1.4018378378026615,0.0
-5.6365136969092875,-2.809270002636723,0.0
-5.091168096978379,0.45532085611016004,0.0
4.899961460622697,-5.368537353512543,0.0
-5.663673870314723,-5.648088021440333,0.0
-2.724189494287589,-4.005420870156859,0.0
5.619375940226631,3.3005644651385175,0.0
5.27139608086131,0.9582149637537638,0.0
3.8527609268174796,2.5064414833918924,0.0
-2.494642470838519,1.8321174757213718,0.0
-2.5289189049737724,-0.42907869677998,1.0
3.872563485690362,-3.351561453950665,0.0
-3.901149671762338,4.218941006487796,0.0
-0.4415770791628537,-3.9140777311260857,0.0
-2.185954009145064,-2.6331778069537823,0.0
4.754618535863692,-0.32672224886206,0.0
5.04225671318609,-0.35663605877173854,0.0
5.272919010336297,4.9985197180832035,0.0
0.81093353205355,3.436341512549994,0.0
-2.554253705224711,-4.614329180933122,0.0
1.2507057125475605,-5.3377097613489894,1.0
-0.390019664673968,1.4402551842341058,0.0
3.2109056978525707,4.759896112497751,0.0
-3.5510369920765066,4.38551632670023,0.0
-0.04454389674065684,1.473406828295671,0.0
-0.4560415220403078,4.173430859143727,0.0
-2.400000850072569,-5.9024918973749205,0.0
3.95049100819174,1.939722603637426,0.0
2.598074277584976,-4.5096739228856375,0.0
-3.5260172504358605,1.505203204800159,0.0
2.96597556943267,1.9337934485928914,0.0
1.151941548059673,1.857476136036909,0.0
-4.2261672276361315,-0.5914078651430046,0.0
-2.0459261001927076,2.834335639279928,0.0
0.2089193522334778,2.640664840760868,0.0
2.3379470284465462,4.862492288225448,0.0
4.27466314930154,-5.380486331363766,0.0
2.0128754432176237,-1.5183503115577892,0.0
-4.78972110665888,-0.26017460863629616,0.0
4.118724173327816,3.556882420686989,0.0
-4.730372772828101,-3.572031155866485,0.0
2.3392681931515646,5.61835120984453,0.0
-5.073820005551763,-4.935050269371488,0.0
2.347488556751504,1.391652909696706,0.0
3.733011125694059,-3.6207721237914394,0.0
-0.06892949816569427,3.610875473458062,1.0
-1.41142660575707,-1.2048215126111526,0.0
-5.606004925671083,3.573879381929107,0.0
-0.640755245791123,-1.4640431203748534,0.0
1.8649314172344003,4.235319192423164,1.0
4.3951188548909315,-1.890613366519922,0.0
1.299396185937086,-1.3504101120160072,0.0
4.066181583448746,3.5228959204528767,0.0
1.9408529860916612,3.8823392962369727,0.0
0.11770733949476231,0.8523981971335699,0.0
-4.0483543133281525,2.4950405003514717,0.0
-2.541964453653203,0.7418437538428861,0.0
-5.975143979292815,-1.2310679447204622,0.0
1.3897727164501852,1.5686378457685706,0.0
0.7649679240385492,-2.975776530062416,0.0
1.8525634013381467,1.9347140398061544,0.0
1.079318283142218,-1.4752445162316565,0.0
-4.174943060488356,0.6792545152054617,0.0
-5.377196977377414,4.994667913567504,1.0
-1.7689062895633043,-2.60502134135996,0.0
-0.5917902863945335,-4.753948051487045,0.0
4.610104549238091,5.754857866742945,0.0
3.878983145846174,0.8852463512233433,1.0
5.288751513272411,-2.0350750475393626,1.0
-0.41861388743876127,-3.9415401654092155,0.0
-0.90339667222608,5.13116296944594,0.0
1.9605040888332699,0.5482219674772368,0.0
0.4317721686493643,1.6205695043363804,0.0
1.3188333013234423,-0.5697818426358214,1.0
0.1300826540684632,-4.783905331867396,0.0
-0.6786771431206375,2.0969861099065064,1.0
-3.3198724729025453,-2.6769514984700886,1.0
3.6578900901305964,-4.369377930927377,0.0
-3.6544587026831197,3.8218828481637424,0.0
-4.548620211039182,-2.393795676348073,0.0
4.924317077919882,-1.0448079365098328,0.0
3.809859830863127,3.1748396290992673,0.0
-5.760326423009985,-3.364720069086958,0.0
4.942452407266954,-2.14433266631415,0.0
-1.1532341366979573,5.217554126524348,0.0
-4.683718335258966,5.660054045921491,0.0
1.7606384677718783,1.5423003627118064,0.0
-5.989851172644927,1.5686812304582034,0.0
3.865675936409886,-1.2711684481562617,0.0
-5.122734784589025,-4.41547602389022,0.0
-5.068952831145497,-1.0202323901784194,0.0
3.8048031680957326,-5.295681034410465,0.0
-1.1309451111900817,-1.1900063398218697,0.0
-1.2231443835521487,0.3207913049311504,0.0
0.4231602000559569,-3.5512674518900287,0.0
3.5333917824558796,0.20441182194199747,0.0
-1.7750166185163447,5.569442521526003,0.0
2.4700282667934967,-4.043688339394324,0.0
5.629841746824837,0.9390878149326678,0.0
-1.9166730587553058,-3.150761528006784,0.0
-5.185880586053004,-3.072815753726218,0.0
-2.531754633517521,-1.870424261924116,0.0
5.855664111115999,1.1093462863009496,0.0
-3.6939554429512116,-1.5529485799522114,0.0
-0.8114591768357116,-5.002222051610223,0.0
-0.37924729838928606,0.0994713036244832,0.0
4.915348964792171,-0.8012715584897379,0.0
2.2640394003022166,2.15596112788584,0.0
-3.9004770545191834,0.8061552720286205,0.0
-0.6116863419611027,-4.048040832641146,0.0
-5.71282411553865,5.950049750310555,0.0
-4.913869365585592,4.639315177925962,0.0
-1.6015558467631603,-5.019568850988099,0.0
5.575427320773008,1.9231999276791871,0.0
-1.1455562329479152,4.0554902335198175,0.0
2.492555828712643,-1.0133268811230565,0.0
2.6142707134994296,2.854023569034519,0.0
-3.9337492413255175,2.5963119863307202,0.0
4.998777166843549,2.2517270693479006,0.0
3.5922161283002865,5.879724766828412,0.0
3.5563436929794374,-0.3627752696619435,0.0
0.7458883992592362,3.2018420438118635,0.0
1.5880782579772914,-5.149002883331996,1.0
-5.278110203662445,-2.7282326616109844,0.0
3.8191990386155723,-3.3407950672533606,0.0
-2.1718853887446157,3.877449193094101,0.0
-4.452813568319044,-2.642008471640667,0.0
-2.922947591505628,-5.431608329383987,0.0
2.911489992509047,-2.1526001898444416,0.0
-1.108639983274152,-2.0036089904870247,0.0
-5.21015304971902,4.138099082438744,1.0
-4.386042510968723,-2.573715507624127,0.0
2.649867852327457,-1.8196049345929222,0.0
0.08169273312051928,-2.0377173365168395,0.0
0.7220553486770953,-2.1922053656558886,0.0
-0.5229288574196893,-5.893316564941433,0.0
-5.8176005853692345,0.08272147547305231,0.0
3.804269625736712,5.983404117309735,1.0
3.6379096985877144,0.2930332406432221,0.0
1.7320592756828406,2.056886819329261,0.0
2.7554156850163363,5.902011370760064,0.0
-1.8758840395911776,-0.6437995447993226,0.0
3.347723608228165,-3.407738528704244,0.0
-4.848596609139746,4.787206822256454,0.0
-5.808576013036507,4.727223880567816,0.0
4.9778191938807534,-4.0126751520876525,0.0
3.062073210983229,-2.5340563378357333,0.0
-2.7469817860241443,5.803508175992761,1.0
4.643669533038347,3.1723209114224638,0.0
-0.7670690057365244,5.830441004737924,0.0
0.8458420001309666,5.760541001491177,0.0
2.6566349941722116,-5.438249364706343,0.0
3.578478281147097,4.055737995194152,0.0
4.573052088653718,1.4646309264759694,1.0
-5.548616676890839,4.40977904133004,0.0
-0.9361580266088971,-3.641027803860659,0.0
-3.4982352192392474,-3.5812490619349413,0.0
3.7878106414872956,-5.127770537095447,0.0
5.018851479512318,-5.797545107293256,0.0
2.674705975790703,-3.233076657004805,0.0
0.17755824191789227,-3.872429088797544,0.0
4.796340298517157,-4.12926039585801,0.0
-0.39796039376576786,1.302877740498099,1.0
-0.5615040617771374,-3.4056802205638403,0.0
-2.5202025558410504,5.2140764683164065,1.0
-4.497283878350553,-5.789087024977976,0.0
4.904613165150314,4.634646724489919,0.0
2.2219934619180073,-0.33644596002429417,0.0
5.42329044197535,-1.0424023852766595,1.0
-5.844288738751038,-0.7774325855348314,0.0
0.35053406793554664,0.5796225037902225,0.0
4.658051430016144,-5.187214380945412,0.0
4.249744030650069,0.2675880360370275,0.0
2.786204397803509,-1.035153164162633,0.0
-2.4461784226661147,-1.9715959362638937,0.0
-2.705951291362433,-0.5573147851232818,0.0
1.1742515929745085,3.97132571826036,0.0
-3.9068656221781075,-0.5991658408523861,0.0
0.38508957937727484,3.818102462492053,0.0
2.522541907455656,1.4781610262210183,0.0
2.0921783144380974,-0.6220667024802253,0.0
3.678160801019507,4.048364599236043,0.0
0.7947155862808639,-4.595845339468219,0.0
-0.8852741608637356,-2.8234682898750343,0.0
-3.6984545259992507,-2.439643326658303,0.0
3.8320901954814737,-1.8264922838516036,0.0
-0.8440844302902111,-1.4066495238960943,0.0
-3.784821898284959,0.8564237715779344,0.0
-0.9992027487151063,5.239076161729196,0.0
1.4214993748313525,5.735832693688263,0.0
4.306646107032831,-0.11078676977362711,0.0
-5.803230716034081,-3.4448027385773106,0.0
-4.567957995656123,2.850807240383432,0.0
-4.3469204601679,1.7415545507366952,0.0
-2.129561521563094,-0.23376860141080869,1.0
3.080247456752641,-2.419940798432641,0.0
-3.939323471637335,-2.543532126395844,0.0
5.323493432519609,0.6340140725613637,0.0
-2.5545191678867782,-4.251401446558104,0.0
-5.181343133714518,-1.9919128773054116,0.0
1.3681317021517962,-0.5181603070422662,0.0
3.746647058008115,5.936469616292978,0.0
0.8427735590641703,-1.8607924967310847,0.0
3.5365945550345383,-4.9354232378423095,0.0
3.114769596527273,4.579988951131838,0.0
3.3129871501417387,-4.815976796391242,0.0
0.9727116121370631,3.6263929381905626,0.0
-1.0609964831410768,4.128569897936572,0.0
-4.00793438159284,0.34485762386760754,0.0
0.6983383122078006,3.4590512411683108,1.0
-1.0557380482981324,-2.900969863577696,0.0
2.5454848877831857,-4.629109292814547,0.0
-1.5857270415338505,-0.38350200183550953,0.0
3.4535573963016226,-0.9028146383882687,0.0
0.7463055132805119,2.139816381053496,0.0
2.1066574522069033,5.562176157103313,0.0
-0.44181933388117667,0.8612066747397407,0.0
-5.767124179572626,-3.6977465488398704,0.0
-3.0146519340192888,-3.465669366468955,0.0
0.22932421449806029,-3.608084371378839,1.0
0.8405121987784527,3.910097713775185,0.0
-5.128447742452897,-3.0852039514197913,0.0
-0.03953845262486855,-5.446149935946128,0.0
-4.28090664999972,0.8997151161374326,0.0
-1.2059054323918499,4.844549779131839,0.0
0.8452737041528984,3.085011889630243,0.0
-1.8495496345565368,-1.4750833427507342,0.0
4.241401794282769,1.3835331081344098,0.0
4.973642473141254,-2.971132108187771,0.0
-4.624687166266182,2.1268860547840536,0.0
-4.49880683644683,-5.088205077822843,0.0
-1.3149956305724775,2.2379841504148814,1.0
-1.6756698526725229,3.0367924885785236,0.0
-0.5364680890304889,-2.5810449665174304,0.0
0.41134634208656884,1.2541864233591138,0.0
-4.200723832861614,1.0987114908447655,0.0
-3.977849789255772,5.618078712291057,0.0
0.378406039017106,-3.5347530534896285,0.0
-5.4896000426500695,-3.425551373831171,0.0
-2.180371901026806,0.8817665348021801,0.0
1.9624537324629276,2.539086442238254,0.0
-0.7066865912220504,1.5623768559490419,0.0
0.6427052998913823,-2.442234103144963,0.0
-3.3721955318046333,-1.20883680986441,0.0
2.2754848185738634,-4.386110298362823,0.0
1.631758688402602,-5.75118948545556,0.0
-3.7957684283116353,2.0375522201412615,0.0
3.697059992867189,3.2063783891442554,0.0
2.201930479860561,-2.9509428252230046,0.0
5.854135425746813,1.2116279119050475,0.0
4.9214986666752765,5.237420082624368,0.0
-3.135929732192775,5.637690781014674,0.0
-5.025495830348906,1.6483273894351456,0.0
-2.9197534936982086,-4.870957683529153,1.0
0.8332319999559648,-3.4493371519580305,0.0
3.4368054382990625,-0.4608671357028342,1.0
-2.7627653840660775,-5.858561543807458,1.0
2.3040830270071204,1.6379304611702024,0.0
3.662356033624498,-1.4015722175553194,0.0
4.978884049299271,-5.716884141955797,0.0
5.025820270965344,3.176540358336263,0.0
-4.771528283886433,5.845724428128328,1.0
-4.92273828071731,3.012885304497022,0.0
-3.0674163186787915,2.291812176377096,0.0
4.044292819345186,-4.584735161916123,1.0
-2.1056448191598833,4.742290578259318,0.0
-0.27020853469474115,-4.163003276964089,0.0
-4.957714809193161,-4.52398004644588,0.0
-4.730427621301077,-1.7175136809056628,0.0
3.3190766240519753,-0.5649645959312348,0.0
-4.819812730799745,-1.7688851410863133,0.0
-0.19555434195684285,-0.6216548903201513,0.0
1.69512698585954,2.167121264257247,0.0
2.973312531971686,0.43041732372240205,0.0
-5.6406378771019945,3.235679621901255,0.0
3.397535676784127,2.752918076562839,0.0
-0.7493024257860101,4.642713377318966,0.0
-4.844038535952931,2.881877057205049,0.0
1.155742856526782,2.4017313031088783,0.0
-5.19289718749962,5.617711381907402,0.0
-5.637204717472026,-3.877452333879143,0.0
0.1994018417631942,0.8747968533269663,0.0
-3.864789601324171,-2.550856136055042,0.0
4.981729274738843,-2.1441402242966645,0.0
-0.657412050243444,-4.661850024869571,0.0
0.8272687454061618,2.411105879287417,0.0
2.8905095843000765,-3.208656608370833,0.0
-1.569065101275525,1.852845877269763,0.0
5.675410453661684,3.237669047033444,0.0
-3.3690046114331933,-5.213816304997635,0.0
-2.062477068833196,0.3521378692381578,0.0
-2.735713699775256,3.4786732501395488,0.0
-2.921545348971554,-4.51336432741072,0.0
1.2292836242689607,3.1216627280477205,0.0
-3.540426927114957,-1.9945402720029843,0.0
-2.8825404083303554,-5.654607285633674,0.0
2.1933330170676815,-5.3901112181506186,0.0
1.3431892497906723,1.525653305643793,0.0
0.3620505614952876,-5.490405344214565,0.0
-5.55177640594499,0.180387384683522,0.0
-0.11284953390301755,-5.814236870425223,0.0
-5.870834807629023,3.2802650443888286,0.0
-2.106220848982359,2.603129275108012,0.0
-3.6169530933347107,-2.8123520031482143,0.0
4.778507865259259,-3.627380820916175,0.0
-1.1006673387510997,-0.016372937147942856,0.0
2.542624774504505,-2.150988765564393,0.0
1.7917023553101092,-3.3331736854094247,0.0
2.1760870585009577,-5.745335627356461,0.0
-3.7582244684181974,-5.267827543800255,0.0
-4.775770523638657,2.978591777248571,0.0
-0.4312620968355265,3.3994771696776365,0.0
5.699844224082238,-3.7669594558817354,0.0
3.227396285091281,5.662879135822973,0.0
-2.287769341540654,-5.073486577841458,0.0
-0.45878832341995857,0.5111886504693395,0.0
2.2569040609020465,0.8497739814448773,0.0
-2.378930789846992,-4.050822906212853,0.0
-1.9199828335679099,-0.37386890666319417,1.0
-3.7730296967960824,-2.415805405534138,0.0
4.608665519621431,-0.9179268982293056,1.0
-4.496340233930965,1.986498686769087,0.0
-1.7405714181372005,0.18135024902432217,1.0
-1.287317141152796,-4.622884207725603,0.0
2.8447600438961693,0.8257288637350833,1.0
5.867748119213974,-5.943188811469058,0.0
0.9275110414669845,-0.8910223454373556,0.0
-0.7826957357305098,2.67076688401014,0.0
-3.0910929833878047,-1.2005841858382578,0.0
-4.400130404459431,0.8010763867302675,0.0
-0.7514451413116339,-5.488324860095153,0.0
-3.2357051840072395,-1.2558532114191632,0.0
0.382608555114067,-4.885431496648668,0.0
1.4321906931502326,3.8122162396240675,0.0
-2.0057699104803697,-5.199106019868573,0.0
-4.240586409309041,3.155754019827702,0.0
0.3867129205756248,-4.366674655747959,0.0
-3.985065605340241,3.997952029681521,0.0
2.1539308085754723,2.3475195975707663,0.0
-4.3150912826457795,5.885622362832901,0.0
-2.9527600767775386,-1.7520132255482217,0.0
-3.1926111789442597,5.3117090343318,0.0
1.579070640174404,0.6393589241014457,0.0
-1.0294366463769062,2.605644322204645,0.0
-0.37717847322529163,-0.4600809368519254,0.0
-4.1778742579790915,3.882931944742932,0.0
-5.205957150464717,4.889873374231133,0.0
4.997333087225389,0.28034569557195255,0.0
-4.039821582967315,-3.3853542261578595,0.0
-4.32362290930876,2.4101645616811975,0.0
-1.646969940492669,5.787963766646158,0.0
-1.904165558399379,-2.043217480129849,0.0
2.120445792046935,4.53932027031637,0.0
0.3200413326176079,-4.53360602920632,0.0
-3.951503122135611,2.580759310993294,0.0
3.1892614057201563,5.878643459484934,0.0
0.8787178416726151,3.384539227987389,0.0
2.097971507774343,0.597474608054803,0.0
3.6989717785219014,-3.5544943478919753,0.0
-4.162421175712838,-2.2833401501677475,0.0
-1.3802649103832003,5.393948021033577,0.0
3.8992843202948233,2.9322025671310854,0.0
4.698338265976856,-1.3988498086425043,0.0
5.816936538537098,4.891755034848996,0.0
-3.7777134654577345,-1.4672135292796131,0.0
-2.3044914934606284,-3.6839137760112637,0.0
5.246736717004467,-1.312206410890318,0.0
4.428382979881171,1.158060747950147,0.0
-5.28242826991967,-0.7975634899672563,1.0
3.3605016874408626,-2.172630956561059,0.0
-2.4870540946202024,-4.877556322116592,0.0
-0.3114424948840693,5.308803291534357,0.0
-5.775411327083976,4.641033576778042,0.0
1.1965258296960855,-2.636052454275085,1.0
4.780190647978348,5.130117006110574,0.0
5.6777392616440725,-0.4478154930935325,0.0
-1.0266012275179035,1.9752598751551016,0.0
4.6656124622869495,-1.800262023577682,0.0
-2.01639669528601,-1.0958803469707448,1.0
-5.747569623159598,4.0808450662803075,0.0
-0.5085274983419197,-0.3987771335616186,0.0
1.5937652792433568,3.7070948925930196,0.0
2.465047273335548,-1.997023365899084,0.0
-2.4636774958237853,-2.00255989106086,0.0
0.386059228809601,3.7292682316419796,0.0
-5.904375704387086,1.2632919988683362,0.0
4.126294721885799,0.7374719960646061,0.0
-1.4271686540974944,-0.3113323758950166,0.0
0.1749187806207022,1.5244414196326908,0.0
-5.0987226002553685,3.5093827413456893,0.0
0.6198860759111984,-2.6746064774000815,0.0
4.986529850791811,-1.2175423314645348,0.0
3.298203418348095,-2.4295500575784685,1.0
0.5783293808749113,-3.721538748080941,0.0
-2.716608269808128,-2.0495374230177674,0.0
-4.276653028249657,3.1261443591749334,0.0
-0.5922311220670373,-1.834993539090136,0.0
1.020854065504988,-3.2412388105191106,0.0
-0.7457906274482156,0.8125135540831732,1.0
1.3917088786393697,-0.9305902175367606,1.0
2.916443093223579,4.402032563068044,0.0
5.560201358128209,0.7229222683262169,0.0
5.582650118675776,5.260314478953029,0.0
1.8631700009309728,-4.385497294186545,0.0
1.693702229557724,0.3744120378827507,0.0
2.4302765987190913,-2.7502099635027437,0.0
5.9162533024434865,-1.843801735147652,0.0
5.995286304171129,-2.6831593487906176,0.0
-0.26792396848738065,2.177589654379087,0.0
-2.8830770062413618,-1.1213416293160492,1.0
1.9409352104627704,3.032413486984776,0.0
5.001837205571896,0.6221818180027991,0.0
5.553310245643207,-2.616413081330713,0.0
1.3092382703526315,3.0898616616739005,0.0
-5.001764371820539,3.4440623535930044,0.0
3.829598557538411,0.751541952917945,0.0
5.084068501686184,2.3933080058851566,0.0
-1.5963626289063608,3.6804264671381954,0.0
0.22695302019126018,2.198121882423628,0.0
5.858318205432351,2.3561206708963294,0.0
3.328510571889259,3.7938301312970957,0.0
-3.5948635138243303,-5.548693443729508,0.0
-5.089988970524365,-0.42309825644860943,0.0
5.5885918039175415,-0.6472552511346175,0.0
5.085220297785929,-2.4817895525004117,0.0
-4.295611729796037,-1.1221031033267614,0.0
4.131043250137068,5.608855361901568,0.0
0.46122763833134606,-1.4382411377167141,0.0
3.4498328211164946,-0.8973469889052534,0.0
-2.3753933129297247,3.073945107665228,1.0
-5.003657024448273,3.3210652820036586,0.0
5.44888002677377,-4.765259584682502,0.0
3.3828382079483905,-5.718022259225021,0.0
-4.500679216215753,-2.487264652399604,1.0
5.992231478929622,-5.363872509024677,0.0
-0.5238471812508418,-0.6910846851322852,0.0
-3.8761222183067066,5.734558309085767,0.0
-3.1625873305642362,4.817599509561392,0.0
0.516342517321851,2.5560421262619784,0.0
2.9217397019220694,2.096313932761108,0.0
3.709387849996885,4.57486628786862,0.0
-4.30095896948755,-4.930167131564647,0.0
-0.5569530739371196,-4.708323850583746,0.0
1.0907417364629453,5.299416099076549,0.0
0.17892780139695397,-3.9828558847365154,1.0
-4.598927928639675,0.38302488858092687,0.0
2.9191465886139127,3.6753737794092665,0.0
3.0703191629820203,-0.4233485565757267,0.0
4.503891610176707,0.4904958889458788,0.0
2.197153170720405,-5.97023785895234,0.0
-0.11327626159644844,-4.959196642321758,0.0
-3.4493144984830972,-2.3853921473701827,0.0
0.8817693021440949,-5.081414472495281,0.0
2.5460592937944693,-1.2635938833256697,0.0
-3.3848412552421934,5.467493531226154,1.0
1.9309165001652264,-1.9694373765269324,0.0
-4.525448342142509,-0.1214423879317561,0.0
3.2594567156956824,0.14500779249570783,0.0
-2.2833758528488057,-4.645561780115657,0.0
-3.3143778024151205,3.4827799357686473,0.0
-4.085595393520185,5.771473413490831,0.0
2.752419114714792,-1.161810429720859,0.0
-3.7326883526884793,-0.41398638671188426,0.0
5.429812869671853,-4.573084227233365,1.0
-3.076325166397321,-5.077798763111008,0.0
2.685923621462493,5.410730878132725,0.0
0.6810816347199902,-2.4281183997886644,0.0
5.565625344649105,1.04471016186048,0.0
5.520957741321203,-1.522904978892579,0.0
-4.252915440666323,-5.161007965400969,0.0
-2.795370841298023,-0.8007245322769849,0.0
3.1615649635176553,-0.3736018374745935,0.0
-2.7688459584133938,4.805749770497648,0.0
0.9230819454849719,1.232944238183931,0.0
3.841071114111797,2.0503395349742863,0.0
-3.10097662618613,5.433333842871736,1.0
-4.063728024480119,-4.07688620839072,0.0
1.7867720031462255,0.9914376850349811,0.0
-3.2494611861713127,2.427987288791689,0.0
-4.807354336584307,-0.29850207692891395,0.0
5.364288946370991,4.7508948545355025,0.0
1.245686877742724,3.518416442071331,0.0
1.9580181511459305,-3.201436105400054,0.0
4.301600384942107,1.3330544711245347,0.0
1.1491910848629008,5.438090308183899,0.0
0.7098328412888755,-2.0903342195978882,0.0
-0.9320587230618127,0.6680863715464405,0.0
4.464272646467293,4.108411679456459,0.0
-1.2288648103513742,-0.13829257790192706,0.0
-5.400587921045436,1.6677804520412831,0.0
3.6312493355064426,-3.627773992831672,0.0
1.628295720028544,-4.318420346107723,0.0
4.06804640163452,2.7655929915490365,0.0
5.213605619474803,-2.5923685787031325,0.0
-3.9562751266413425,0.8490666183192914,0.0
-5.304401429892783,3.8512180315101894,0.0
-3.547167051660684,-4.400380799017343,0.0
-4.2234520020574475,2.4416177949357802,0.0
-5.4072005515457136,-0.9406902557549248,0.0
-3.8212312112582167,3.3669873600946936,0.0
-5.35063437608236,-3.6435776743531805,0.0
3.2612041871411908,0.18952160137992724,0.0
-4.618186316111011,5.880257390337093,0.0
-1.5469466333794202,-0.966053835681036,0.0
2.8988320909956737,-0.0925524614089337,0.0
3.9563608327609643,0.42961910411765114,1.0
-3.0515226973768357,0.42954256292259707,0.0
4.064640324482349,-2.636054209706837,0.0
1.6283232544397421,0.9556718702428038,0.0
2.3151908036937403,-1.6796165486771342,1.0
-3.280288211718664,1.973544236005079,0.0
4.173458147097406,-0.34262754689454233,0.0
-4.359624848768718,3.646761503769783,0.0
0.3379932491198865,2.1878588402078876,0.0
-4.783686905383615,3.41740303805258,0.0
-1.5303217086150296,4.6788383076028985,0.0
-3.027407789098955,-5.926827596972928,0.0
-2.1687660361289134,2.6862964159334055,0.0
2.6380280251664097,4.173688526720133,0.0
-3.4734041498649435,1.126799591786087,0.0
-5.125622665594774,-3.305482093914225,0.0
-5.451212964767099,1.546199648033797,0.0
4.7450064234515725,1.2133283366921104,0.0
1.2329811892759732,4.844748504895273,0.0
-2.0440070687813177,0.6813920704425183,0.0
3.714617233982974,-3.6689531973459686,0.0
2.438297608894027,-5.075045038996473,0.0
-1.5642345457540348,-3.7809351950034076,0.0
-0.8105680725922433,-3.547830341441572,0.0
-5.263899877064552,-0.6658057092697103,0.0
-1.3154030970099164,2.807924330743699,0.0
-5.831352661765214,1.627836282469561,0.0
-5.467692417843842,-0.1717739349865326,0.0
-5.757193597128863,4.931107064098754,0.0
-0.14814405855747204,-0.27385313880034623,0.0
-5.148090232737353,3.4405843536292906,0.0
-2.8046235645760906,-0.35686856109900056,0.0
2.663899216103321,3.4971249488781133,0.0
-1.3665977205525142,-5.271456953862574,0.0
5.83137913411074,-2.938161285301613,0.0
-5.4954724974869045,1.4390062964797856,0.0
4.481630733956372,-4.945619264950468,0.0
-5.450585157532325,2.1253868299514984,0.0
0.8710963461262811,-2.892188613082796,0.0
-2.81993747047888,3.2078374138187193,0.0
-5.748091049151981,-3.1126977652225465,0.0
-1.6495498620154372,3.2911164805544715,0.0
-2.2295335383411072,-5.347946871779749,0.0
2.920335268135018,2.2581998228633093,0.0
-4.4715140591326525,2.7361696997336367,0.0
1.4789638305657018,-1.5854050668414619,0.0
0.9387872127073607,0.033110175638535466,0.0
3.522236473698438,5.418004543089465,0.0
-1.9089132853796755,-4.916482272296841,0.0
-1.6249054302343335,1.1931616429552028,0.0
-2.9230577928472936,-4.143015403647256,0.0
-3.4560737954686815,4.183057964007173,0.0
2.5674857327718925,-4.492971790530357,0.0
-2.4060801059872436,-2.7494595321621143,0.0
-4.6507057423824065,4.068095623151828,0.0
-2.5305641430801824,0.7786049252340854,0.0
-1.4117366239117883,-5.158591396885791,0.0
-5.56315388137293,2.335771159074948,0.0
1.5357330407338896,-0.09268604880216635,0.0
-3.8722588014176895,-1.914144720273831,0.0
0.08349556485630849,-3.4097446678543735,0.0
0.918367091470353,4.075258811475809,0.0
-3.867172826337588,5.17296928360761,0.0
0.09312580339920196,5.731743172929503,1.0
5.6131954560515975,-5.23348956478448,0.0
2.1814349727674767,-3.080469369575583,1.0
1.4508755030977127,4.674971385083898,0.0
-0.5017888509923445,1.834901456017958,0.0
2.0138842223387776,-3.7467806628419082,0.0
-0.8915639056638316,-2.5065611242139174,0.0
-0.205443482958227,3.1506912864260084,0.0
-4.259905301491751,0.6374140125673744,0.0
0.04954933002496542,-1.3803597281049491,0.0
4.100299718925761,-1.7967230692384977,0.0
3.598757140561414,-5.151759733245481,0.0
-0.7278706411911937,-4.69273369454573,0.0
4.1610457109374135,1.974204288102638,0.0
-3.4508281966566132,-1.531447139459564,0.0
-4.473727057468507,4.620574616324257,0.0
4.713054240532216,4.708870459035827,0.0
1.2671466421282993,-2.826573726857587,0.0
-0.5286825540562798,1.9780918869214812,0.0
-0.8952231258053693,-5.304804970674683,0.0
0.3004897738165191,-4.948792931874444,0.0
-3.178954777080936,3.8043826593904555,0.0
1.365335643893033,3.5640109570091703,0.0
2.150084467510215,1.8923297489991961,0.0
-3.03310977767642,2.498398595666899,0.0
-4.484862781823287,-5.781681653868356,0.0
-1.9308360170139434,-4.119837943500574,0.0
2.3398691003572374,-2.5719158576662666,0.0
-5.584762393922283,3.3066516686654595,0.0
5.2193852605336435,2.531479999701979,0.0
5.462549234869716,3.3968694083558546,0.0
5.152840795814225,2.0759967222673943,0.0
3.417197754247674,3.544463489034916,0.0
-4.599718975414064,-2.160793916302664,0.0
1.4008142080315569,-2.142478156131689,0.0
4.474269283200188,-5.348677158362019,1.0
-4.463998055579703,-2.0667237361343602,0.0
-1.8861215102782758,3.9919702028127304,0.0
-5.820313510085194,3.9261587381272314,0.0
5.669787910394515,-5.405085452852954,0.0
5.422548267078179,1.923606596987705,0.0
-4.416840338010448,3.9755945243116138,0.0
-4.569752528846977,-1.391057563752108,0.0
-3.136823403596908,-1.3877574638673762,0.0
-4.2515080724793535,-1.453160401355932,0.0
0.8259905697661036,-0.42925552986996074,0.0
0.2588451177775415,4.719296846415531,0.0
4.219322381389821,-4.645939630748446,0.0
2.819304864990169,3.553701879095044,0.0
4.911144004316167,-1.2860721716049923,0.0
5.077814040307814,0.6815525986305211,0.0
-0.37639376183515516,0.09892325784978873,0.0
-1.0523764086862872,2.280527573333325,0.0
0.380966571189858,4.537512712530797,0.0
-0.3705768160748848,-5.371530006293756,0.0
-4.1197172836957705,-1.0470995919063206,0.0
-0.34078165535416804,3.7615110668341476,0.0
1.086798902367459,-3.9666345648692682,0.0
-2.3718941771553634,0.4344111125444705,0.0
3.5209056711272435,2.5061775748344832,0.0
1.684189716619655,-2.933580847751575,0.0
0.8454288729715138,-3.0554210547944844,0.0
-5.216847495195317,3.103177781313981,0.0
1.8018275436885647,5.859926451924672,0.0
2.9664878753210804,-2.9687803652783136,0.0
-5.663552508165852,-0.8364053925201462,0.0
-1.9199861082626972,0.18803809755909473,0.0
-1.5057256938740906,-5.424103531272874,0.0
-5.178464373915581,-1.696759067678883,0.0
1.0693938937715508,-3.893779643833697,1.0
-3.846233616956817,-3.216620708286832,0.0
2.9006902245395256,3.170434467368551,0.0
-0.15293997821415495,-5.345954138488167,0.0
5.284587562677633,4.425368849996261,1.0
-2.382979420276632,-5.895021750404002,0.0
-0.09747735653774825,-3.9815910983253757,0.0
-1.4395433180740191,-1.2000987047249625,0.0
-2.2616011521340056,4.960110859835215,0.0
-1.325680723890346,-4.654648413705576,0.0
0.8990796289475451,4.659296420521061,0.0
-3.223216290242273,0.09050934525740395,0.0
-1.4657780437011194,2.1066690190959605,0.0
-2.251412553321758,-2.9382408116478227,0.0
5.529177988838361,3.880261283760838,0.0
2.4378987541985637,1.8747816713105205,0.0
5.205450374001945,-5.314333605772197,0.0
-0.7135218094975215,1.475313663369735,0.0
-4.454173700771081,5.946179506553083,1.0
2.235899036427263,3.1095935749238315,0.0
5.593100667680002,0.9377080364464003,0.0
4.956148688983717,-1.5244711235513027,0.0
5.058997553471439,0.08756951221176834,0.0
3.303805051066046,-2.740526306056329,0.0
-0.28433237043164006,0.6759274569563374,0.0
0.18623127486016777,5.080951579952503,0.0
-0.5166423338489494,4.512069194537169,0.0
-4.6666714792740684,-3.4743069354928258,0.0
-3.8916064082499204,-3.805928874854599,0.0
1.027400419607421,-4.7778758016250835,0.0
2.0810543071524066,4.459365610468456,0.0
5.071264691131349,-5.334195777726627,0.0
-3.043478246196552,-0.7089029252307801,0.0
-5.826134819080351,2.085275551255574,0.0
-0.5437537976567199,-0.8770256956253792,0.0
-4.133012959072319,-5.172424364356976,0.0
4.608068207091101,1.1807586709672702,0.0
-1.8438110804037766,4.562075908690254,0.0
-4.598868210298315,-1.226198331512892,1.0
-5.12051538092499,3.522821560534384,0.0
4.594320613453027,-2.583188698571393,0.0
3.8196091944871835,5.419672912184508,0.0
-3.2358268187231096,5.589276997805772,0.0
-1.9708923251416781,2.499338891323239,0.0
0.440477825647104,-1.8071585266201708,0.0
1.216618558548637,-5.996407273654421,0.0
0.020728561095464393,-0.007784677059978762,0.0
1.6082459579490704,3.184174880601674,0.0
4.561178237467496,3.622657758131627,0.0
4.460344963298292,-1.4950140190606156,0.0
-4.730633432379552,1.8057479310840172,0.0
-5.458446246081214,5.454913851765623,0.0
-0.2139940959273403,-2.921401917399849,0.0
-5.627561914370435,4.1162314433284095,0.0
4.006365577608502,-4.392316010842756,0.0
3.2647349669074988,-4.95248674339179,0.0
2.3500598502034684,0.39479608287373313,0.0
1.6926507992981765,-4.3536226230690005,0.0
3.513179891775689,3.4433742886799834,0.0
4.098239485788076,-1.1673913552775304,0.0
-2.8920383570184347,0.59702602264246,1.0
2.3821533657188585,3.1253733980547924,0.0
-0.613040062490807,1.3063641526611054,1.0
1.7545610378973038,1.0976041119284172,0.0
2.6126996167002687,-2.286731444988162,0.0
-3.181131131631564,-2.5345101860250354,0.0
3.5015091168033194,5.622309303307343,0.0
-2.184902610188216,1.851763890840263,0.0
0.9753866658457202,4.564871263096485,0.0
-5.8199376369115585,1.4629292295126417,0.0
4.437391054860527,5.579612534267479,0.0
-1.003414807307962,-0.22103706001109735,0.0
4.075975114159641,5.216055742369647,0.0
-3.1676953792840283,4.65549328566534,1.0
-4.560199923411817,-5.38305814248731,0.0
-5.606675193286797,-5.098268145930605,0.0
-4.846833435694775,-3.1831738209299854,0.0
-2.544461461324259,5.633268970286764,0.0
3.6268493464624747,-4.757602923824468,0.0
-3.6854467793210106,2.320730069905606,1.0
1.2062517730212905,-0.6492743516226005,0.0
-0.892866299064079,2.9504835209836635,1.0
-0.10401322763256182,2.6362300453663607,1.0
-5.862863075873115,-4.795725223426128,0.0
-3.771608555784637,1.1086830775327794,0.0
0.9812920528664595,4.426013832784573,0.0
4.6422934677549215,3.6958110680173384,0.0
-2.0255099612445533,-5.292472346447722,0.0
4.620883102503859,5.167646274814521,1.0
-5.706315625077453,-5.954157307170856,0.0
-3.866541302907325,-1.670644757544733,0.0
2.4702772077770163,-0.525779660588789,0.0
1.9332216573864764,3.765707848072509,0.0
-3.8826017690011763,-2.281121387265894,1.0
5.649812946601198,0.49129902601985265,0.0
-0.08523440088992551,0.6137656804092604,0.0
0.568354572707892,2.6959778234314484,0.0
4.444275302198854,1.4897511897649593,0.0
1.5764480163365704,0.9399100155765403,0.0
-3.131780682835608,3.169373109054467,0.0
-3.621873408956317,-2.9100152542061575,0.0
-1.925775580957926,0.2982423704632451,0.0
3.8177754058259623,-1.7228345046893265,0.0
1.2327728263710238,-0.7780862270479236,0.0
-0.6436047245302454,5.597718389486637,0.0
1.7736016278555988,-5.787778691099371,0.0
4.3706431673823385,0.013663526970815632,0.0
5.5628553641913125,-4.505370067002314,0.0
5.5155213998494155,1.863874385323907,0.0
1.4573150716182166,-0.030900425783014107,0.0
5.6059138430124875,4.041456816057739,0.0
0.2866529434186882,-1.4980346577430446,0.0
-1.3374457420326777,-0.26536192734449493,0.0
-3.84357463978066,-3.1975352799544647,0.0
1.9394732584675456,3.2543178793850416,1.0
4.878514338904912,-4.1010154185439776,0.0
-2.2923832935251864,-3.7818771259646913,1.0
1.5134762796354133,-2.3780689007863183,0.0
-2.1596107493864576,-5.191232872819465,0.0
3.2786802441158542,5.186410810566752,1.0
-4.363324463928116,-0.11832241358518303,0.0
3.420996270881247,4.429473736239073,0.0
-1.782930770343472,-5.2826998555218445,0.0
3.194386318982964,2.514828852243081,0.0
-1.2478568405032462,5.794491544939319,0.0
2.596335084004803,0.8432201185366708,0.0
1.080258285599248,-5.041052806804123,0.0
5.515489561186209,5.878096608014761,0.0
-4.023275627529116,3.2242942713816554,0.0
0.9522530399327449,-1.2693812490228291,0.0
1.0873331091995393,-4.5461829131693925,0.0
-1.796283853148215,-1.9993427870273601,0.0
2.1754871785541123,0.3344604047964932,1.0
-5.684271702961077,-2.54004525862037,0.0
-1.3946433531979636,-1.6424378995227968,0.0
3.441268944714114,3.945691227773356,0.0
5.420061065310151,5.288681388687728,0.0
-0.13625885811068095,0.70271519938429,1.0
1.23688554817884,0.08694712733541987,0.0
-5.542783711913981,-4.67357186640195,0.0
3.5550444466960336,3.0346919467862374,0.0
-2.271936422166661,-3.627807677210169,1.0
0.8234746692375037,4.175986368929442,0.0
-5.338791662530969,1.8226891244514878,0.0
-3.297476331162201,-2.9272222053467067,0.0
-0.7050041939084153,-4.034935177649427,0.0
2.9396376830564837,-4.847342198719721,0.0
-0.05672903750482128,2.019684182473254,0.0
3.960041597282004,0.6401147832038863,0.0
-4.4421801519616615,3.702253664043038,0.0
5.265158180534264,-5.6381989327894715,0.0
4.981240524698418,1.4578203683763622,0.0
1.1700581539871422,-1.3402005653178488,0.0
-4.047312559914386,1.2059921809891803,0.0
4.62150997987996,-5.709790193695447,0.0
0.6594557501713929,1.6505874788773793,0.0
5.030205400143219,-5.819539603101548,0.0
-1.5637999712519033,-4.477123460551543,0.0
-2.2695766751535795,4.887868393451404,0.0
-3.8384425574625003,-1.690587735675571,0.0
3.861620388663942,2.994034396928308,0.0
5.004068089909875,-4.513723182054319,0.0
-5.13840896572173,-3.3373883346353432,0.0
-0.0648441663172612,2.157373142634466,0.0
-4.59091348120736,1.533835660461027,0.0
-3.334327537500769,5.551371121861301,0.0
0.6692564559502046,-4.323674030165314,0.0
3.9934219153364197,-0.07322874716867567,1.0
3.240491649058873,0.5072616554981746,0.0
4.618821924814931,-2.6231924692661464,0.0
5.636710078441556,-5.783748622759168,0.0
-1.4755101180881693,-4.112136116514582,0.0
5.849657457829494,-5.765560453676511,0.0
-2.539690554822057,-1.3403639391941935,0.0
-5.095510750767092,5.0182974075303655,0.0
3.2497295143039757,0.45761619478854776,0.0
-1.1244271168820887,-3.6693227451958443,0.0
-4.02233790327367,-1.1247458071791145,0.0
1.3603376402147234,4.243664259529835,0.0
-3.081358327959374,4.353289434247207,0.0
1.9394807218830064,-4.087856488752634,0.0
-5.619921082452114,-5.704809554907719,1.0
5.569195580388996,-3.0541957046033477,0.0
-5.208029139704122,1.9088039234999306,0.0
-2.692553350372269,5.325181502463133,0.0
1.9653926622261064,4.642524846979406,0.0
1.809619735419214,2.788319204949083,0.0
-0.46646444435107615,-0.903705106325889,0.0
3.3764306833634947,-3.8097526555610495,0.0
-5.210239203211893,4.933521314292319,0.0
-1.399204876978164,0.7085343040854273,0.0
-1.2626467982529128,2.9308330081849707,0.0
3.322113433828765,-3.7985462309141202,0.0
3.2686057374665882,-2.189344380628353,0.0
0.8321968064233811,-0.20139655651244226,0.0
4.153882081699679,-0.9872076481513297,0.0
3.9050904470881544,5.29236157361229,0.0
0.9003105270027509,3.789858833061203,0.0
4.6456630371378225,-3.257465269526502,0.0
-0.5838157036317337,4.816320483350648,1.0
3.1289734404143648,4.161631683353132,0.0
1.2277406309708692,-1.4478170344205363,0.0
3.441470680003375,-1.856759421684493,1.0
0.9845659605626995,-3.4715748501804184,1.0
-1.1909747079831288,-0.6160095039596971,0.0
-4.633957939865052,-4.780027606534169,0.0
4.62700597659685,5.8307265996141915,0.0
-4.058417146998294,-1.6071724298640673,0.0
2.089268138558772,-4.282859583909633,0.0
-5.199174768713428,4.87365786488901,1.0
-2.614876453627234,5.471265929812095,0.0
0.24648815564269988,1.044958616257702,0.0
0.48115444413941866,0.08694661428006434,0.0
-2.7789634753139234,1.517309187542347,0.0
-0.7218145795680098,4.1838296281587315,0.0
-2.527615693498815,-3.688215278782294,0.0
4.330704167367999,0.43069790336305847,0.0
-3.250360962870622,3.3332922533912424,0.0
-2.55980099735113,2.6303738726207584,0.0
1.870228701327206,-2.493362991380968,0.0
1.7061681905617458,-0.13186690718640293,0.0
-5.644778698863483,5.736787922173615,1.0
-2.869887147940569,-1.391270872191832,0.0
4.5654675270665415,2.281473560748683,0.0
-3.9605034717492202,1.6978855264738169,0.0
-5.7396044898113185,2.9849858416308432,0.0
1.2562406874106422,1.9500785641552119,0.0
0.8124347857795158,-1.7515242950276333,0.0
1.8685028114935127,-0.48147805196970594,0.0
2.986617435399955,-5.57974552231269,0.0
-2.8163038208409246,-4.126185172092165,0.0
0.13750135062503688,1.4533128061269611,0.0
-3.3613406444438794,5.353745147922803,0.0
-1.5529852333300003,-5.83262918666561,0.0
2.7160179150501307,-4.657244133278747,0.0
-5.82456239070236,-2.529888778735732,0.0
-0.37144288975503414,-3.1108237215855237,0.0
-2.0328348025174305,-4.421400986306805,0.0
-1.7173963744447267,3.552550184920877,1.0
-2.267347961802415,0.9807101182928886,0.0
-3.4779455056291275,-4.504472947809962,0.0
-2.184212830452685,-5.601399492203915,0.0
-0.3171762467639514,2.462451028817032,0.0
-0.9404834869546868,-3.2927247931470665,0.0
-2.1055128517865875,3.8336331703452142,0.0
-3.1059434136636783,-2.0222288135013993,0.0
2.243201500077454,-3.009052353233025,0.0
5.157790548996015,-3.9256927090535534,0.0
-5.705264729044059,-0.8778177027507095,0.0
0.48357761841748204,0.8332250466483728,0.0
